date,bdry,sblk,bdry_ma30
2021-01-20,10.800000190734863,6.566086292266846,10.800000190734863
2021-01-21,11.329999923706055,6.383218765258789,11.065000057220459
2021-01-22,11.0,6.514654636383057,11.043333371480307
2021-01-25,10.699999809265137,6.200351238250732,10.957499980926514
2021-01-26,9.600000381469727,6.0517706871032715,10.686000061035156
2021-01-27,10.02299976348877,5.903191566467285,10.575500011444092
2021-01-28,9.760000228881836,5.828901767730713,10.459000042506627
2021-01-29,10.34000015258789,6.063201427459717,10.444125056266785
2021-02-01,10.1899995803833,6.046056747436523,10.415888892279732
2021-02-02,9.229999542236328,6.028913974761963,10.29729995727539
2021-02-03,9.449999809265137,6.371789455413818,10.22027267109264
2021-02-04,9.8100004196167,6.303214073181152,10.186083316802979
2021-02-05,10.239999771118164,6.703237533569336,10.190230736365685
2021-02-08,9.789999961853027,6.663235664367676,10.161642823900495
2021-02-09,10.100000381469727,6.760382175445557,10.157533327738443
2021-02-10,10.75,6.75466775894165,10.194562494754791
2021-02-11,11.550000190734863,7.080401420593262,10.27429412393009
2021-02-12,12.430000305175781,8.0690279006958,10.394055578443739
2021-02-16,15.819999694824219,8.171891212463379,10.679631584569028
2021-02-17,16.65999984741211,8.131887435913086,10.978649997711182
2021-02-18,13.520000457763672,7.543285369873047,11.09966668628511
2021-02-19,14.5,7.7032952308654785,11.254227291453969
2021-02-22,13.739999771118164,7.994739055633545,11.362304355787193
2021-02-23,13.34000015258789,7.623289108276367,11.444708347320557
2021-02-24,13.170000076293945,8.109027862548828,11.513720016479493
2021-02-25,13.3100004196167,8.223323822021484,11.582807724292461
2021-02-26,12.710000038146973,8.046170234680176,11.624555587768555
2021-03-01,13.020000457763672,7.863302230834961,11.674392904554095
2021-03-02,14.890000343322754,7.81758451461792,11.785275919684048
2021-03-03,15.279999732971191,8.097602844238281,11.901766713460287
2021-03-04,15.260000228881836,7.714723110198975,12.050433381398518
2021-03-05,16.25,7.7718706130981445,12.21443338394165
2021-03-08,16.5,7.73186731338501,12.397766717274983
2021-03-09,16.329999923706055,7.851872444152832,12.585433387756348
2021-03-10,15.319999694824219,8.343331336975098,12.776100031534831
2021-03-11,16.200000762939453,8.966222763061523,12.982000064849853
2021-03-12,16.59000015258789,9.097658157348633,13.209666728973389
2021-03-15,17.950000762939453,9.16051959991455,13.463333415985108
2021-03-16,18.0,8.571914672851562,13.723666763305664
2021-03-17,19.5,9.023369789123535,14.066000111897786
2021-03-18,20.329999923706055,9.314813613891602,14.42866678237915
2021-03-19,19.56999969482422,9.640547752380371,14.754000091552735
2021-03-22,19.059999465942383,9.566256523132324,15.048000081380208
2021-03-23,16.700000762939453,7.931876182556152,15.278333441416423
2021-03-24,17.239999771118164,7.966166019439697,15.516333421071371
2021-03-25,19.299999237060547,8.714781761169434,15.801333395640055
2021-03-26,18.420000076293945,8.646204948425293,16.03033339182536
2021-03-29,16.8700008392334,8.314757347106934,16.178333409627278
2021-03-30,16.5,8.526196479797363,16.201000086466472
2021-03-31,16.920000076293945,8.389047622680664,16.209666760762534
2021-04-01,17.93000030517578,8.28046989440918,16.35666675567627
2021-04-05,18.209999084472656,8.126175880432129,16.480333391825358
2021-04-06,17.56999969482422,8.206180572509766,16.608000055948892
2021-04-07,16.969999313354492,8.394759178161621,16.729000027974447
2021-04-08,16.530000686645508,8.423334121704102,16.841000048319497
2021-04-09,17.520000457763672,8.44047737121582,16.981333382924397
2021-04-12,18.079999923706055,8.434762954711914,17.1603333791097
2021-04-13,17.06999969482422,8.251897811889648,17.295333353678384
2021-04-14,18.790000915527344,8.73192310333252,17.425333372751872
2021-04-15,20.299999237060547,8.709065437316895,17.59266668955485
2021-04-16,19.790000915527344,9.137661933898926,17.743666712443034
2021-04-19,20.0,9.720551490783691,17.868666712443034
2021-04-20,20.450000762939453,9.429105758666992,18.000333404541017
2021-04-21,21.8799991607666,10.132003784179688,18.1853333791097
2021-04-22,20.469999313354492,9.920562744140625,18.35700003306071
2021-04-23,20.920000076293945,10.10914421081543,18.51433334350586
2021-04-26,21.399999618530273,10.366300582885742,18.67466665903727
2021-04-27,22.979999542236328,10.383445739746094,18.842333285013833
2021-04-28,23.520000457763672,10.497737884521484,19.026333300272622
2021-04-29,24.010000228881836,10.326299667358398,19.17666664123535
2021-04-30,24.700000762939453,10.646316528320312,19.322333335876465
2021-05-03,25.079999923706055,12.006397247314453,19.506000010172524
2021-05-04,26.209999084472656,11.674947738647461,19.7443333307902
2021-05-05,26.670000076293945,11.652087211608887,20.076666641235352
2021-05-06,23.559999465942383,11.714950561523438,20.287333297729493
2021-05-07,25.899999618530273,12.857871055603027,20.50733331044515
2021-05-10,27.59000015258789,12.635003089904785,20.812999979654947
2021-05-11,25.989999771118164,13.26932430267334,21.116999944051106
2021-05-12,24.200000762939453,12.257841110229492,21.37366663614909
2021-05-13,23.959999084472656,12.26355266571045,21.608333269755047
2021-05-14,22.950000762939453,12.166404724121094,21.775666618347167
2021-05-17,21.93000030517578,11.846384048461914,21.899666659037273
2021-05-18,24.079999923706055,12.629287719726562,22.116666666666667
2021-05-19,24.450000762939453,12.880730628967285,22.3660000483195
2021-05-20,25.6200008392334,12.000680923461914,22.66900005340576
2021-05-21,26.860000610351562,12.337843894958496,22.980333391825358
2021-05-24,25.239999771118164,12.98359203338623,23.21900005340576
2021-05-25,23.959999084472656,11.61780071258545,23.448666699727376
2021-05-26,23.959999084472656,11.217779159545898,23.620999972025555
2021-05-27,23.920000076293945,11.25259780883789,23.741666666666667
2021-05-28,23.0,11.322237968444824,23.848666636149087
2021-06-01,23.850000381469727,11.600797653198242,23.97699998219808
2021-06-02,22.579999923706055,11.21197509765625,24.047999954223634
2021-06-03,22.709999084472656,10.828958511352539,24.075666618347167
2021-06-04,23.5,10.956629753112793,24.17666664123535
2021-06-07,22.65999984741211,11.867748260498047,24.234666633605958
2021-06-08,23.110000610351562,11.931584358215332,24.291666666666668
2021-06-09,24.989999771118164,12.15211009979248,24.35866667429606
2021-06-10,27.049999237060547,12.494505882263184,24.476333300272625
2021-06-11,27.81999969482422,13.086438179016113,24.603333282470704
2021-06-14,27.0,12.506111145019531,24.679999923706056
2021-06-15,28.989999771118164,12.889128684997559,24.810333251953125
2021-06-16,30.139999389648438,14.142641067504883,24.94133326212565
2021-06-17,28.06999969482422,13.121262550354004,24.98799991607666
2021-06-18,27.06999969482422,12.842702865600586,25.104999923706053
2021-06-21,26.559999465942383,13.057426452636719,25.12699991861979
2021-06-22,27.049999237060547,13.631952285766602,25.108999888102215
2021-06-23,27.8799991607666,13.161885261535645,25.17199986775716
2021-06-24,28.84000015258789,13.910512924194336,25.326666514078777
2021-06-25,29.959999084472656,13.672574043273926,25.526666514078777
2021-06-28,28.93000030517578,13.289554595947266,25.72599983215332
2021-06-29,28.81999969482422,13.190898895263672,25.955666478474935
2021-06-30,29.350000381469727,13.318574905395508,26.13133316040039
2021-07-01,27.31999969482422,12.390043258666992,26.226999791463218
2021-07-02,26.8700008392334,11.943192481994629,26.268666458129882
2021-07-06,25.260000228881836,11.954797744750977,26.21533311208089
2021-07-07,26.920000076293945,12.041847229003906,26.271333122253417
2021-07-08,26.34000015258789,11.612403869628906,26.35066649119059
2021-07-09,26.790000915527344,11.925780296325684,26.44499988555908
2021-07-12,25.34000015258789,11.809715270996094,26.492333221435548
2021-07-13,24.489999771118164,11.061089515686035,26.54199988047282
2021-07-14,23.149999618530273,10.823153495788574,26.51866652170817
2021-07-15,24.450000762939453,10.875381469726562,26.580999883015952
2021-07-16,24.510000228881836,10.062921524047852,26.640999921162923
2021-07-19,25.329999923706055,10.173185348510742,26.70199991861979
2021-07-20,25.479999542236328,10.091938018798828,26.795999908447264
2021-07-21,26.100000381469727,10.741908073425293,26.895666567484536
2021-07-22,26.579999923706055,10.857972145080566,26.9486665725708
2021-07-23,27.09000015258789,10.75351619720459,26.94999993642171
2021-07-26,25.6299991607666,10.956629753112793,26.87699991861979
2021-07-27,24.6299991607666,10.63744831085205,26.797999890645347
2021-07-28,25.489999771118164,10.857972145080566,26.68133322397868
2021-07-29,26.649999618530273,11.235189437866211,26.56499989827474
2021-07-30,25.799999237060547,11.043681144714355,26.489333216349284
2021-08-02,26.549999237060547,11.136533737182617,26.471999867757162
2021-08-03,26.6299991607666,11.142337799072266,26.474333190917967
2021-08-04,27.190000534057617,11.003055572509766,26.478999900817872
2021-08-05,26.729999542236328,11.374467849731445,26.440666580200194
2021-08-06,26.600000381469727,11.240992546081543,26.365999921162924
2021-08-09,26.420000076293945,10.573613166809082,26.247999954223634
2021-08-10,27.010000228881836,11.188763618469238,26.1839999516805
2021-08-11,27.770000457763672,11.629814147949219,26.148999977111817
2021-08-12,28.25,11.774895668029785,26.112333297729492
2021-08-13,27.969999313354492,11.885157585144043,26.1339999516805
2021-08-16,28.780000686645508,12.157916069030762,26.197666613260903
2021-08-17,29.209999084472656,12.117290496826172,26.3293332417806
2021-08-18,29.600000381469727,12.43066692352295,26.41866658528646
2021-08-19,29.270000457763672,11.873552322387695,26.516333262125652
2021-08-20,29.979999542236328,12.204041481018066,26.622666549682616
2021-08-23,30.329999923706055,13.117393493652344,26.788999875386555
2021-08-24,30.3700008392334,13.105374336242676,26.984999910990396
2021-08-25,29.399999618530273,13.267611503601074,27.193333244323732
2021-08-26,30.739999771118164,13.441872596740723,27.402999877929688
2021-08-27,30.0,14.26508617401123,27.58599987030029
2021-08-30,29.940000534057617,14.343204498291016,27.739666557312013
2021-08-31,28.329999923706055,13.862492561340332,27.834666570027668
2021-09-01,27.729999542236328,13.92258071899414,27.888999875386556
2021-09-02,28.260000228881836,14.397279739379883,27.94499988555908
2021-09-03,27.360000610351562,14.34920883178711,27.95399990081787
2021-09-07,26.899999618530273,14.409299850463867,27.996333249409993
2021-09-08,27.670000076293945,13.676214218139648,28.097666613260905
2021-09-09,29.350000381469727,14.319169044494629,28.226333300272625
2021-09-10,30.1200008392334,14.180962562561035,28.342000007629395
2021-09-13,30.829999923706055,14.517459869384766,28.509666697184244
2021-09-14,29.8799991607666,14.192980766296387,28.620666694641113
2021-09-15,30.200000762939453,14.787861824035645,28.739666748046876
2021-09-16,30.649999618530273,14.691717147827148,28.855000050862632
2021-09-17,30.729999542236328,13.78437614440918,28.988333384195965
2021-09-20,28.899999618530273,12.12592601776123,29.065000025431313
2021-09-21,30.899999618530273,12.167985916137695,29.21433334350586
2021-09-22,30.739999771118164,12.702776908874512,29.338666661580405
2021-09-23,31.860000610351562,12.991204261779785,29.475
2021-09-24,32.47999954223633,13.664196968078613,29.61599998474121
2021-09-27,34.349998474121094,14.0487699508667,29.82866662343343
2021-09-28,36.56999969482422,14.241050720214844,30.088333257039388
2021-09-29,35.68000030517578,13.868501663208008,30.30399996439616
2021-09-30,36.0099983215332,14.445353507995605,30.517666562398276
2021-10-01,36.900001525878906,15.184447288513184,30.77199993133545
2021-10-04,37.77000045776367,14.060783386230469,31.031666628519694
2021-10-05,41.25,14.859970092773438,31.395666631062827
2021-10-06,41.5099983215332,14.823915481567383,31.76699988047282
2021-10-07,38.84000015258789,14.241050720214844,32.08166656494141
2021-10-08,39.22999954223633,13.790387153625488,32.36466655731201
2021-10-11,40.959999084472656,13.964644432067871,32.72999986012777
2021-10-12,37.630001068115234,13.550028800964355,32.98633321126302
2021-10-13,36.88999938964844,13.321691513061523,33.271666526794434
2021-10-14,37.279998779296875,13.027257919311523,33.58999983469645
2021-10-15,35.29999923706055,13.261603355407715,33.82466646830241
2021-10-18,37.290000915527344,13.748324394226074,34.155666478474934
2021-10-19,38.47999954223633,13.790387153625488,34.541666475931805
2021-10-20,37.310001373291016,13.952627182006836,34.86299985249837
2021-10-21,34.56999969482422,13.24958610534668,35.03699982961019
2021-10-22,32.20000076293945,12.967166900634766,35.10633316040039
2021-10-25,30.610000610351562,13.453888893127441,35.09899984995524
2021-10-26,27.760000228881836,12.582601547241211,35.02833321889241
2021-10-27,29.479999542236328,12.02978229522705,35.00433317820231
2021-10-28,30.3700008392334,12.402334213256836,34.99499988555908
2021-10-29,30.040000915527344,12.432379722595215,34.971999931335446
2021-11-01,26.399999618530273,12.408343315124512,34.88866659800212
2021-11-02,22.8799991607666,11.567097663879395,34.62133324940999
2021-11-03,20.81999969482422,11.71732234954834,34.290666580200195
2021-11-04,23.06999969482422,11.585125923156738,33.99766654968262
2021-11-05,23.049999237060547,11.585125923156738,33.683333206176755
2021-11-08,25.15999984741211,11.735349655151367,33.376999918619795
2021-11-09,24.219999313354492,11.657232284545898,32.96533323923747
2021-11-10,22.700000762939453,11.140469551086426,32.53266658782959
2021-11-11,21.940000534057617,11.537056922912598,32.063666661580406
2021-11-12,22.6299991607666,11.51902961730957,31.58799991607666
2021-11-15,21.670000076293945,11.458939552307129,31.051333236694337
2021-11-16,19.649999618530273,10.930158615112305,30.331333223978678
2021-11-17,20.450000762939453,11.224592208862305,29.629333305358887
2021-11-18,22.229999542236328,11.54306411743164,29.075666618347167
2021-11-19,24.790000915527344,11.344768524169922,28.594333330790203
2021-11-22,24.889999389648438,11.464948654174805,28.05866667429606
2021-11-23,23.389999389648438,11.440913200378418,27.5839999516805
2021-11-24,25.200000762939453,12.612646102905273,27.1943333307902
2021-11-26,24.729999542236328,12.588610649108887,26.776000022888184
2021-11-29,26.959999084472656,13.117393493652344,26.49800001780192
2021-11-30,26.649999618530273,12.624664306640625,26.14333330790202
2021-12-01,27.790000915527344,11.891578674316406,25.78700002034505
2021-12-02,28.719999313354492,12.756855964660645,25.500666618347168
2021-12-03,29.59000015258789,13.015240669250488,25.334666633605956
2021-12-06,29.600000381469727,13.634153366088867,25.247999954223634
2021-12-07,30.440000534057617,14.162938117980957,25.242333285013835
2021-12-08,28.459999084472656,14.096839904785156,25.265666580200197
2021-12-09,27.170000076293945,13.58272647857666,25.188666598002115
2021-12-10,28.139999389648438,13.385970115661621,25.114333216349284
2021-12-13,27.829999923706055,12.427558898925781,25.040666516621908
2021-12-14,23.610000610351562,11.8499755859375,24.947666549682616
2021-12-15,24.790000915527344,12.294272422790527,25.01133327484131
2021-12-16,24.280000686645508,12.25619125366211,25.126666641235353
2021-12-17,23.950000762939453,12.605278015136719,25.156000010172527
2021-12-20,25.719999313354492,12.846467018127441,25.245000012715657
2021-12-21,25.040000915527344,12.890894889831543,25.2410000483195
2021-12-22,26.270000457763672,13.20190143585205,25.309333419799806
2021-12-23,26.770000457763672,13.360579490661621,25.445000076293944
2021-12-27,26.700000762939453,13.44309139251709,25.603666750590005
2021-12-28,26.489999771118164,13.335188865661621,25.732333437601724
2021-12-29,28.25,13.627157211303711,25.951666768391927
2021-12-30,29.600000381469727,13.665242195129395,26.28333346048991
2021-12-31,29.489999771118164,14.388803482055664,26.584666760762534
2022-01-03,29.219999313354492,14.991778373718262,26.81766675313314
2022-01-04,26.84000015258789,15.106023788452148,26.886000061035155
2022-01-05,26.219999313354492,14.5538330078125,26.930333391825357
2022-01-06,26.479999542236328,14.350722312927246,27.033333396911623
2022-01-07,26.860000610351562,14.325332641601562,27.088666725158692
2022-01-10,24.079999923706055,14.128573417663574,27.067000071207683
2022-01-11,24.700000762939453,14.636343002319336,26.991666793823242
2022-01-12,23.5,14.477662086486816,26.8866668065389
2022-01-13,22.360000610351562,13.512907028198242,26.705666796366373
2022-01-14,23.190000534057617,14.141270637512207,26.521333503723145
2022-01-18,21.0,13.468477249145508,26.23500016530355
2022-01-19,19.90999984741211,13.46213150024414,25.912000147501626
2022-01-20,21.530000686645508,13.519258499145508,25.61500015258789
2022-01-21,20.110000610351562,12.757606506347656,25.336666870117188
2022-01-24,21.079999923706055,12.935322761535645,25.133666865030925
2022-01-25,19.940000534057617,12.789341926574707,24.860333569844563
2022-01-26,19.639999389648438,12.611626625061035,24.587333552042644
2022-01-27,20.5,13.633502960205078,24.483666865030923
2022-01-28,22.010000228881836,14.261862754821777,24.391000175476073
2022-01-31,21.940000534057617,14.115883827209473,24.31300017038981
2022-02-01,21.5,15.15045166015625,24.23133347829183
2022-02-02,22.290000915527344,15.067938804626465,24.11700019836426
2022-02-03,21.829999923706055,14.687116622924805,24.01000016530355
2022-02-04,21.700000762939453,15.125062942504883,23.85766684214274
2022-02-07,21.780000686645508,15.8359375,23.691333516438803
2022-02-08,22.780000686645508,15.981919288635254,23.560666847229005
2022-02-09,24.850000381469727,16.92128562927246,23.50600020090739
2022-02-10,25.43000030517578,16.99744987487793,23.412000211079917
2022-02-11,24.729999542236328,16.775300979614258,23.249666849772137
2022-02-14,22.780000686645508,16.680095672607422,23.026000213623046
2022-02-15,22.65999984741211,17.283065795898438,22.807333564758302
2022-02-16,22.170000076293945,17.137086868286133,22.6516668955485
2022-02-17,23.530000686645508,18.819059371948242,22.562000274658203
2022-02-18,23.56999969482422,18.634994506835938,22.465000279744466
2022-02-22,23.860000610351562,19.872669219970703,22.365000279744468
2022-02-23,24.940000534057617,19.19988250732422,22.393666966756186
2022-02-24,22.6200008392334,18.622299194335938,22.32433363596598
2022-02-25,22.610000610351562,20.158288955688477,22.29466698964437
2022-02-28,21.43000030517578,19.091981887817383,22.263666979471843
2022-03-01,23.8799991607666,18.466461181640625,22.286666933695475
2022-03-02,23.670000076293945,20.302228927612305,22.375666936238606
2022-03-03,23.579999923706055,19.710704803466797,22.49800027211507
2022-03-04,24.899999618530273,19.22116470336914,22.610333569844563
2022-03-07,26.280000686645508,18.84041404724121,22.81600023905436
2022-03-08,26.829999923706055,20.159446716308594,23.007666905721027
2022-03-09,27.84000015258789,19.6903076171875,23.271000226338703
2022-03-10,27.56999969482422,20.3430233001709,23.535333569844564
2022-03-11,27.049999237060547,20.485803604125977,23.753666877746582
2022-03-14,24.700000762939453,18.289682388305664,23.843333562215168
2022-03-15,23.729999542236328,18.255687713623047,23.903000195821125
2022-03-16,25.540000915527344,19.159971237182617,24.037666893005373
2022-03-17,26.040000915527344,19.67671012878418,24.162666893005373
2022-03-18,26.350000381469727,19.9146785736084,24.313333574930827
2022-03-21,25.760000228881836,20.118656158447266,24.44866689046224
2022-03-22,25.049999237060547,19.615516662597656,24.55766684214274
2022-03-23,25.950000762939453,20.13224983215332,24.66333351135254
2022-03-24,24.8799991607666,20.111852645874023,24.664333470662434
2022-03-25,24.389999389648438,20.00306510925293,24.62966677347819
2022-03-28,23.770000457763672,20.057462692260742,24.597666803995768
2022-03-29,24.260000228881836,20.397415161132812,24.647000122070313
2022-03-30,25.010000228881836,20.24103355407715,24.725333468119302
2022-03-31,24.18000030517578,20.186643600463867,24.7923334757487
2022-04-01,23.959999084472656,20.64218521118164,24.806666755676268
2022-04-04,22.399999618530273,19.091981887817383,24.76766675313314
2022-04-05,21.770000457763672,18.68403434753418,24.698000081380208
2022-04-06,20.6200008392334,17.89533042907715,24.554000091552734
2022-04-07,21.65999984741211,18.486858367919922,24.522000058492026
2022-04-08,22.450000762939453,19.241561889648438,24.516666730244953
2022-04-11,21.0,17.46698760986328,24.502333386739096
2022-04-12,21.280000686645508,18.044912338256836,24.415666770935058
2022-04-13,21.239999771118164,19.1259765625,24.334666760762534
2022-04-14,22.15999984741211,20.71017837524414,24.287333424886068
2022-04-18,22.219999313354492,21.560070037841797,24.198000081380208
2022-04-19,21.229999542236328,21.62805938720703,24.029666709899903
2022-04-20,20.290000915527344,20.716976165771484,23.81166674296061
2022-04-21,21.739999771118164,19.996267318725586,23.608333396911622
2022-04-22,22.309999465942383,19.520328521728516,23.43300005594889
2022-04-25,20.920000076293945,18.35087776184082,23.228666750590005
2022-04-26,20.739999771118164,18.37126922607422,23.096666717529295
2022-04-27,21.549999237060547,19.97587013244629,23.024000040690105
2022-04-28,21.010000228881836,19.73110008239746,22.87300001780192
2022-04-29,21.479999542236328,19.105581283569336,22.720999972025552
2022-05-02,21.489999771118164,19.66311264038086,22.5589999516805
2022-05-03,22.1200008392334,20.553794860839844,22.43766663869222
2022-05-04,23.290000915527344,21.07733154296875,22.379000027974445
2022-05-05,23.690000534057617,20.859758377075195,22.30366668701172
2022-05-06,23.75,20.662580490112305,22.266000048319498
2022-05-09,23.8799991607666,18.745223999023438,22.249000040690103
2022-05-10,23.389999389648438,20.009864807128906,22.236333338419595
2022-05-11,23.899999618530273,20.349822998046875,22.224333318074546
2022-05-12,23.190000534057617,19.26875877380371,22.163666661580404
2022-05-13,23.1200008392334,20.315826416015625,22.12833334604899
2022-05-16,23.34000015258789,21.084129333496094,22.107666714986166
2022-05-17,24.6299991607666,21.62805938720703,22.18200003306071
2022-05-18,25.780000686645508,20.83936309814453,22.315666707356772
2022-05-19,24.969999313354492,21.900026321411133,22.46066665649414
2022-05-20,25.420000076293945,21.77764129638672,22.58599999745687
2022-05-23,24.600000381469727,22.845104217529297,22.657666651407876
2022-05-24,23.389999389648438,22.294376373291016,22.737333297729492
2022-05-25,22.969999313354492,21.682453155517578,22.79366658528646
2022-05-26,22.549999237060547,22.131196975708008,22.837333234151206
2022-05-27,21.479999542236328,22.12439727783203,22.814666557312012
2022-05-31,22.190000534057617,22.246784210205078,22.813666598002115
2022-06-01,21.889999389648438,22.64112663269043,22.835666592915853
2022-06-02,22.0,22.35498809814453,22.892666562398276
2022-06-03,22.010000228881836,23.2563419342041,22.901666577657064
2022-06-06,21.459999084472656,22.94158363342285,22.873333231608072
2022-06-07,20.350000381469727,22.66974449157715,22.854333241780598
2022-06-08,19.239999771118164,20.244674682617188,22.8043332417806
2022-06-09,19.360000610351562,19.35047721862793,22.731333287556968
2022-06-10,19.850000381469727,19.286094665527344,22.692666625976564
2022-06-13,19.139999389648438,18.19159507751465,22.6146666208903
2022-06-14,19.8799991607666,18.799654006958008,22.56099993387858
2022-06-15,19.549999237060547,19.20025062561035,22.475333213806152
2022-06-16,19.690000534057617,18.964183807373047,22.355333201090495
2022-06-17,20.15999984741211,19.157333374023438,22.237666511535643
2022-06-21,18.290000915527344,19.29324722290039,22.055666542053224
2022-06-22,16.790000915527344,17.190095901489258,21.819333267211913
2022-06-23,17.579999923706055,17.96268081665039,21.625666618347168
2022-06-24,16.899999618530273,17.354623794555664,21.392333285013834
2022-06-27,16.3700008392334,18.570735931396484,21.164999961853027
2022-06-28,16.030000686645508,17.93406105041504,20.928666623433433
2022-06-29,16.729999542236328,17.790996551513672,20.708333269755045
2022-06-30,17.170000076293945,17.8768367767334,20.459666633605956
2022-07-01,17.110000610351562,16.739416122436523,20.170666631062826
2022-07-05,15.899999618530273,16.11705207824707,19.868333307902017
2022-07-06,14.949999809265137,15.108396530151367,19.519333299001058
2022-07-07,15.90999984741211,16.109901428222656,19.22966661453247
2022-07-08,15.289999961853027,16.066978454589844,18.959666633605956
2022-07-11,15.020000457763672,15.981133460998535,18.69466667175293
2022-07-12,13.859999656677246,15.866676330566406,18.405000019073487
2022-07-13,14.479999542236328,15.938214302062988,18.171666685740153
2022-07-14,15.180000305175781,16.04551887512207,17.938000011444093
2022-07-15,15.989999771118164,16.9969482421875,17.741333357493083
2022-07-18,15.279999732971191,17.52631378173828,17.51733334859212
2022-07-19,14.8100004196167,18.20590591430664,17.277333354949953
2022-07-20,14.539999961853027,18.363283157348633,17.0466667175293
2022-07-21,14.649999618530273,18.885496139526367,16.85666669209798
2022-07-22,14.600000381469727,18.198749542236328,16.702000045776366
2022-07-25,13.279999732971191,18.170133590698242,16.499333349863686
2022-07-26,13.470000267028809,18.320363998413086,16.286666679382325
2022-07-27,13.3100004196167,18.98564910888672,16.092333380381266
2022-07-28,12.789999961853027,18.620811462402344,15.856000073750813
2022-07-29,12.420000076293945,18.620811462402344,15.618333435058593
2022-08-01,12.649999618530273,19.31471061706543,15.383666737874348
2022-08-02,11.779999732971191,18.828264236450195,15.104333400726318
2022-08-03,10.829999923706055,18.19159507751465,14.855666700998942
2022-08-04,10.819999694824219,17.712305068969727,14.656666660308838
2022-08-05,11.100000381469727,18.298898696899414,14.440666675567627
2022-08-08,11.229999542236328,18.413358688354492,14.251666673024495
2022-08-09,11.5600004196167,18.59935188293457,14.091333325703939
2022-08-10,11.579999923706055,18.892648696899414,13.94299996693929
2022-08-11,10.890000343322754,19.185941696166992,13.748333326975505
2022-08-12,10.539999961853027,19.08579444885254,13.527333323160807
2022-08-15,9.890000343322754,18.477739334106445,13.286666647593181
2022-08-16,9.989999771118164,18.52781105041504,13.089666652679444
2022-08-17,9.770000457763672,18.492048263549805,12.917000007629394
2022-08-18,9.420000076293945,18.42766761779785,12.700666681925457
2022-08-19,9.3100004196167,17.8768367767334,12.501333363850911
2022-08-22,9.210000038146973,18.06283187866211,12.307666683197022
2022-08-23,8.699999809265137,18.37759017944336,12.135666688283285
2022-08-24,8.550000190734863,18.02593994140625,11.938000043233236
2022-08-25,7.96999979019165,17.41437530517578,11.697666692733765
2022-08-26,7.920000076293945,16.458797454833984,11.428666702906291
2022-08-29,7.860000133514404,16.130081176757812,11.181333382924398
2022-08-30,7.199999809265137,14.792278289794922,10.927666695912679
2022-08-31,7.840000152587891,14.945169448852539,10.704333368937174
2022-09-01,8.729999542236328,15.09805965423584,10.50700003306071
2022-09-02,8.779999732971191,15.205084800720215,10.313000011444093
2022-09-06,7.989999771118164,14.639385223388672,10.136666679382325
2022-09-07,8.25,14.471206665039062,9.962666670481363
2022-09-08,8.779999732971191,15.052193641662598,9.81166664759318
2022-09-09,8.630000114440918,15.648473739624023,9.672999986012776
2022-09-12,9.550000190734863,16.007770538330078,9.577333323160808
2022-09-13,9.75,16.16065788269043,9.480666669209798
2022-09-14,9.390000343322754,15.977190017700195,9.401000022888184
2022-09-15,9.140000343322754,15.686692237854004,9.344666703542073
2022-09-16,9.069999694824219,14.983391761779785,9.286333370208741
2022-09-19,9.180000305175781,14.37946605682373,9.222333367665609
2022-09-20,10.25,15.778428077697754,9.189666716257731
2022-09-21,10.050000190734863,15.426776885986328,9.139333375295003
2022-09-22,9.9399995803833,15.128640174865723,9.084666697184245
2022-09-23,10.270000457763672,14.570586204528809,9.064000034332276
2022-09-26,10.050000190734863,14.111909866333008,9.047666708628336
2022-09-27,10.390000343322754,14.562938690185547,9.064333375295003
2022-09-28,9.579999923706055,13.89786148071289,9.0506667137146
2022-09-29,8.960000038146973,13.125758171081543,9.023666699727377
2022-09-30,9.039999961853027,13.362741470336914,9.011000029246013
2022-10-03,9.140000343322754,13.714391708374023,9.005333360036214
2022-10-04,10.350000381469727,14.524718284606934,9.043333371480307
2022-10-05,10.100000381469727,14.830500602722168,9.09000005722046
2022-10-06,9.6899995803833,14.853434562683105,9.128000036875408
2022-10-07,9.699999809265137,15.228020668029785,9.185666704177857
2022-10-10,9.199999809265137,14.72347354888916,9.228333361943562
2022-10-11,9.34000015258789,14.983391761779785,9.277666695912679
2022-10-12,9.09000015258789,15.365623474121094,9.340666707356771
2022-10-13,8.6899995803833,15.419130325317383,9.369000021616618
2022-10-14,9.210000038146973,15.617894172668457,9.385000038146973
2022-10-17,8.829999923706055,15.067482948303223,9.386666711171468
2022-10-18,9.1899995803833,15.617894172668457,9.42666670481364
2022-10-19,8.949999809265137,14.914591789245605,9.450000031789143
2022-10-20,8.710000038146973,14.37946605682373,9.447666708628336
2022-10-21,8.8100004196167,14.715832710266113,9.453666718800863
2022-10-24,8.479999542236328,14.509428024291992,9.418000030517579
2022-10-25,8.350000381469727,14.692896842956543,9.37133337656657
2022-10-26,8.09000015258789,14.494139671325684,9.328000036875407
2022-10-27,7.75,13.637945175170898,9.281666692097982
2022-10-28,7.710000038146973,13.507987022399902,9.23633337020874
2022-10-31,7.099999904632568,13.316871643066406,9.167000023523967
2022-11-01,7.409999847412109,13.699102401733398,9.072333351771038
2022-11-02,7.670000076293945,13.485054016113281,8.993000014623005
2022-11-03,7.369999885559082,13.569145202636719,8.907333358128865
2022-11-04,7.71999979019165,14.86108112335205,8.822333335876465
2022-11-07,7.570000171661377,15.24330997467041,8.739666668574015
2022-11-08,7.699999809265137,15.23566722869873,8.649999984105428
2022-11-09,7.900000095367432,14.776988983154297,8.593999989827473
2022-11-10,7.889999866485596,15.19743824005127,8.55833331743876
2022-11-11,8.199999809265137,16.053638458251953,8.530333312352498
2022-11-14,8.199999809265137,15.732561111450195,8.498999961217244
2022-11-15,7.710000038146973,15.526159286499023,8.410999949773153
2022-11-16,7.349999904632568,15.013971328735352,8.319333267211913
2022-11-17,7.190000057220459,15.212730407714844,8.235999949773152
2022-11-18,7.090000152587891,14.929882049560547,8.148999961217244
2022-11-21,7.369999885559082,15.442068099975586,8.087999963760376
2022-11-22,7.070000171661377,15.304466247558594,8.012333297729493
2022-11-23,7.380000114440918,15.442068099975586,7.955333296457926
2022-11-25,7.820000171661377,16.435863494873047,7.926333316167196
2022-11-28,7.659999847412109,15.724919319152832,7.8746666431427
2022-11-29,7.539999961853027,15.505725860595703,7.831666644414266
2022-11-30,7.860000133514404,15.627501487731934,7.787333329518636
2022-12-01,7.710000038146973,15.10793685913086,7.746000003814697
2022-12-02,7.699999809265137,15.22970962524414,7.7123333295186365
2022-12-05,7.96999979019165,15.521964073181152,7.684333308537801
2022-12-06,8.4399995803833,15.22970962524414,7.682999976476034
2022-12-07,8.399999618530273,14.969926834106445,7.684666617711385
2022-12-08,9.010000228881836,15.33524227142334,7.715333286921183
2022-12-09,9.1899995803833,15.838569641113281,7.76333327293396
2022-12-12,8.739999771118164,16.025291442871094,7.797666597366333
2022-12-13,9.289999961853027,16.268836975097656,7.870666599273681
2022-12-14,9.819999694824219,16.43931770324707,7.950999927520752
2022-12-15,9.760000228881836,16.699100494384766,8.020666599273682
2022-12-16,9.029999732971191,15.862929344177246,8.075999927520751
2022-12-19,8.850000381469727,15.051109313964844,8.113666613896688
2022-12-20,9.979999542236328,15.716800689697266,8.193999926249186
2022-12-21,9.979999542236328,16.674745559692383,8.269999917348226
2022-12-22,9.739999771118164,16.423080444335938,8.331333239873251
2022-12-23,9.460000038146973,16.52861976623535,8.38366657892863
2022-12-27,9.5,16.406841278076172,8.426999918619792
2022-12-28,9.449999809265137,15.814216613769531,8.468666585286458
2022-12-29,9.399999618530273,15.976581573486328,8.524999904632569
2022-12-30,9.1899995803833,15.611262321472168,8.586333227157592
2023-01-03,8.819999694824219,14.986165046691895,8.640666548411051
2023-01-04,9.25,14.91309928894043,8.712666543324788
2023-01-05,9.510000228881836,14.978049278259277,8.783999888102214
2023-01-06,10.039999961853027,15.911636352539062,8.882999881108601
2023-01-09,9.739999771118164,16.155179977416992,8.961666536331176
2023-01-10,9.119999885559082,16.7640438079834,9.004999860127766
2023-01-11,8.979999542236328,16.593563079833984,9.04899984995524
2023-01-12,9.09000015258789,17.064420700073242,9.100666522979736
2023-01-13,9.359999656677246,16.88581657409668,9.150666507085164
2023-01-17,9.40999984741211,17.819408416748047,9.207333167394003
2023-01-18,8.9399995803833,17.640806198120117,9.248666493097941
2023-01-19,8.774999618530273,17.7301082611084,9.275499820709229
2023-01-20,8.949999809265137,18.22531509399414,9.292499828338624
2023-01-23,8.640000343322754,17.74634552001953,9.300499852498373
2023-01-24,8.4399995803833,17.429733276367188,9.281499830881755
2023-01-25,8.449999809265137,18.030479431152344,9.256833171844482
2023-01-26,8.119999885559082,17.949298858642578,9.236166508992513
2023-01-27,8.270000457763672,18.988426208496094,9.202166525522868
2023-01-30,8.0,18.387680053710938,9.141499869028728
2023-01-31,7.800000190734863,18.444509506225586,9.076166534423828
2023-02-01,7.53000020980835,18.314617156982422,9.0261665503184
2023-02-02,7.309999942779541,17.965534210205078,8.97483320236206
2023-02-03,7.110000133514404,18.00612449645996,8.879166555404662
2023-02-06,6.800000190734863,18.119781494140625,8.77316657702128
2023-02-07,7.159999847412109,18.444509506225586,8.687166579564412
2023-02-08,7.619999885559082,18.7448787689209,8.625833241144816
2023-02-09,7.119999885559082,18.834182739257812,8.546499903996786
2023-02-10,7.230000019073486,18.598751068115234,8.472499910990397
2023-02-13,7.0,18.52569007873535,8.392499923706055
2023-02-14,6.730000019073486,18.32273292541504,8.31049993832906
2023-02-15,6.53000020980835,18.347089767456055,8.234166622161865
2023-02-16,6.75,18.32273292541504,8.150833288828531
2023-02-17,6.599999904632568,17.5515079498291,8.053833278020223
2023-02-21,7.059999942779541,17.88435935974121,7.954499944051107
2023-02-22,7.289999961853027,18.614990234375,7.872833283742269
2023-02-23,7.960000038146973,19.80836296081543,7.834166622161865
2023-02-24,7.949999809265137,19.954492568969727,7.799833297729492
2023-02-27,8.149999618530273,19.946168899536133,7.768499946594238
2023-02-28,9.050000190734863,20.395519256591797,7.758166631062825
2023-03-01,8.819999694824219,20.004417419433594,7.7384999593098955
2023-03-02,8.979999542236328,19.25550079345703,7.739833291371664
2023-03-03,9.390000343322754,19.746456146240234,7.760333315531413
2023-03-06,9.149999618530273,19.072429656982422,7.766999975840251
2023-03-07,9.180000305175781,18.839433670043945,7.784999974568685
2023-03-08,9.600000381469727,19.238859176635742,7.823666667938232
2023-03-09,9.920000076293945,18.015625,7.872666676839192
2023-03-10,10.1899995803833,18.040592193603516,7.941666666666666
2023-03-13,10.260000228881836,17.79094886779785,8.007999992370605
2023-03-14,10.569999694824219,18.72293472290039,8.093666648864746
2023-03-15,9.6899995803833,17.574594497680664,8.156666628519694
2023-03-16,9.979999542236328,17.79094886779785,8.23833327293396
2023-03-17,9.970000267028809,17.025390625,8.326999950408936
2023-03-20,9.5,16.900569915771484,8.406666612625122
2023-03-21,9.3100004196167,17.38320541381836,8.490333286921183
2023-03-22,9.489999771118164,16.95050048828125,8.567999951044719
2023-03-23,10.1899995803833,17.56627655029297,8.65366660753886
2023-03-24,9.760000228881836,17.732702255249023,8.74166661898295
2023-03-27,9.449999809265137,17.250064849853516,8.81566661198934
2023-03-28,9.460000038146973,17.05035400390625,8.897666613260904
2023-03-29,10.020000457763672,17.416492462158203,9.007333294550579
2023-03-30,9.649999618530273,17.216781616210938,9.111333274841309
2023-03-31,10.100000381469727,17.574594497680664,9.222999954223633
2023-04-03,10.010000228881836,17.216781616210938,9.336666631698609
2023-04-04,10.3100004196167,17.491382598876953,9.444999980926514
2023-04-05,10.020000457763672,17.208459854125977,9.535999997456868
2023-04-06,9.8100004196167,17.191816329956055,9.597666676839193
2023-04-10,9.90999984741211,17.65781021118164,9.663000011444092
2023-04-11,9.279999732971191,17.899126052856445,9.700666681925457
2023-04-12,9.40999984741211,17.990663528442383,9.712666670481363
2023-04-13,9.369999885559082,18.356800079345703,9.731000010172526
2023-04-14,9.1899995803833,18.456655502319336,9.738000011444091
2023-04-17,8.960000038146973,18.481618881225586,9.723666667938232
2023-04-18,8.619999885559082,18.514904022216797,9.706000010172525
2023-04-19,9.15999984741211,17.599557876586914,9.70533332824707
2023-04-20,9.25,17.54963493347168,9.693666648864745
2023-04-21,9.15999984741211,17.241744995117188,9.668333307902019
2023-04-24,8.779999732971191,17.632848739624023,9.62133331298828
2023-04-25,8.760000228881836,17.31663703918457,9.571333312988282
2023-04-26,8.819999694824219,17.208459854125977,9.512999979654948
2023-04-27,8.850000381469727,17.79094886779785,9.48500000635783
2023-04-28,8.760000228881836,17.56627655029297,9.444333362579346
2023-05-01,8.779999732971191,16.975461959838867,9.40466667811076
2023-05-02,8.279999732971191,16.135011672973633,9.364000002543131
2023-05-03,8.449999809265137,15.83544635772705,9.335333315531413
2023-05-04,7.929999828338623,15.0948486328125,9.283333317438762
2023-05-05,8.300000190734863,15.652374267578125,9.220333337783813
2023-05-08,8.350000381469727,16.03515625,9.173333342870077
2023-05-09,8.989999771118164,16.284793853759766,9.158000008265178
2023-05-10,8.600000381469727,15.768876075744629,9.129333353042602
2023-05-11,8.09000015258789,15.519234657287598,9.065000009536742
2023-05-12,7.71999979019165,15.510913848876953,9.000666681925455
2023-05-15,7.289999961853027,15.244630813598633,8.907000001271566
2023-05-16,7.21999979019165,15.136455535888672,8.81399998664856
2023-05-17,7.21999979019165,15.743908882141113,8.710999965667725
2023-05-18,7.489999771118164,15.777193069458008,8.626666609446207
2023-05-19,7.409999847412109,15.727264404296875,8.546666590372721
2023-05-22,7.389999866485596,15.485950469970703,8.462666591008505
2023-05-23,7.090000152587891,15.153094291687012,8.389666604995728
2023-05-24,6.559999942779541,15.036599159240723,8.294666608174643
2023-05-25,6.440000057220459,14.645498275756836,8.19699994723002
2023-05-26,6.570000171661377,14.811923027038574,8.109666633605958
2023-05-30,6.079999923706055,14.745352745056152,8.01366662979126
2023-05-31,5.78000020980835,14.25439453125,7.918999973932902
2023-06-01,5.840000152587891,14.770317077636719,7.808333317438762
2023-06-02,6.139999866485596,15.510913848876953,7.7046666463216145
2023-06-05,6.550000190734863,15.635732650756836,7.617666657765707
2023-06-06,6.550000190734863,15.695087432861328,7.543333339691162
2023-06-07,6.139999866485596,15.381355285644531,7.4559999942779545
2023-06-08,6.369999885559082,15.508546829223633,7.374333333969116
2023-06-09,6.329999923706055,15.364397048950195,7.290333318710327
2023-06-12,6.190000057220459,15.228729248046875,7.2046666463216145
2023-06-13,6.300000190734863,15.118498802185059,7.121999994913737
2023-06-14,6.400000095367432,15.542461395263672,7.059333340326945
2023-06-15,6.340000152587891,15.737480163574219,6.989000018437704
2023-06-16,6.139999866485596,15.610295295715332,6.929333353042603
2023-06-20,6.159999847412109,15.449186325073242,6.8580000082651775
2023-06-21,6.119999885559082,15.415271759033203,6.783666658401489
2023-06-22,6.170000076293945,15.584858894348145,6.689666668574016
2023-06-23,6.159999847412109,15.288084983825684,6.6083333174387615
2023-06-26,5.920000076293945,15.025225639343262,6.535999981562297
2023-06-27,5.659999847412109,14.804763793945312,6.4673333168029785
2023-06-28,5.570000171661377,14.626704216003418,6.409999990463257
2023-06-29,5.610000133514404,14.821724891662598,6.356333335240682
2023-06-30,5.550000190734863,15.008269309997559,6.300666681925455
2023-07-03,5.170000076293945,14.906515121459961,6.223333358764648
2023-07-05,5.050000190734863,14.703015327453613,6.1446667035420734
2023-07-06,5.199999809265137,14.686055183410645,6.071666701634725
2023-07-07,5.010000228881836,14.592782974243164,6.002333370844523
2023-07-10,5.039999961853027,14.45711612701416,5.951666704813639
2023-07-11,5.21999979019165,14.592782974243164,5.911000029246012
2023-07-12,5.369999885559082,15.06762409210205,5.871000019709269
2023-07-13,5.170000076293945,15.37287425994873,5.840666691462199
2023-07-14,5.079999923706055,15.084585189819336,5.817333348592123
2023-07-17,4.840000152587891,14.923476219177246,5.784000015258789
2023-07-18,4.610000133514404,14.516472816467285,5.733000024159749
2023-07-19,4.5,14.6097412109375,5.664666684468587
2023-07-20,4.730000019073486,14.6182222366333,5.604000012079875
2023-07-21,4.730000019073486,14.465597152709961,5.557000017166137
2023-07-24,4.559999942779541,14.45711612701416,5.496666685740153
2023-07-25,4.789999961853027,14.745410919189453,5.445333353678385
2023-07-26,4.869999885559082,14.906515121459961,5.4013333479563395
2023-07-27,4.800000190734863,14.753890037536621,5.35133334795634
2023-07-28,4.760000228881836,15.406794548034668,5.296666685740153
2023-07-31,4.949999809265137,15.330480575561523,5.250333340962728
2023-08-01,4.949999809265137,15.118498802185059,5.2106666723887125
2023-08-02,4.820000171661377,14.660619735717773,5.166000016530355
2023-08-03,4.889999866485596,14.923476219177246,5.125000015894572
2023-08-04,4.889999866485596,15.500065803527832,5.082333342234294
2023-08-07,5.210000038146973,15.720526695251465,5.050666681925455
2023-08-08,5.070000171661377,15.449186325073242,5.022333351771037
2023-08-09,5.059999942779541,15.695087432861328,5.002333354949951
2023-08-10,5.21999979019165,15.983380317687988,4.990666675567627
2023-08-11,5.329999923706055,15.788361549377441,4.981333335240682
2023-08-14,5.340000152587891,15.610295295715332,4.974333333969116
2023-08-15,5.590000152587891,15.559420585632324,4.988333336512247
2023-08-16,5.659999847412109,15.593335151672363,5.00866665840149
2023-08-17,5.449999809265137,15.644210815429688,5.0169999917348225
2023-08-18,5.329999923706055,15.567898750305176,5.027666648228963
2023-08-21,5.090000152587891,15.169166564941406,5.029333321253459
2023-08-22,4.940000057220459,15.073817253112793,5.0199999968210856
2023-08-23,4.829999923706055,15.013139724731445,5.001999998092652
2023-08-24,5.059999942779541,14.779101371765137,4.998333326975504
2023-08-25,4.940000057220459,14.65774917602539,4.993666664759318
2023-08-28,4.96999979019165,14.805105209350586,4.997999986012776
2023-08-29,5.050000190734863,15.177835464477539,5.012666654586792
2023-08-30,4.880000114440918,15.056482315063477,5.025333325068156
2023-08-31,4.889999866485596,15.247180938720703,5.030666653315226
2023-09-01,4.860000133514404,15.273185729980469,5.034999990463257
2023-09-05,4.900000095367432,15.09981918334961,5.046333328882853
2023-09-06,5.070000171661377,15.264516830444336,5.055666669209798
2023-09-07,5.239999771118164,15.09981918334961,5.0679999987284345
2023-09-08,5.300000190734863,15.290517807006836,5.084666665395101
2023-09-11,5.099999904632568,15.203838348388672,5.095999987920125
2023-09-12,5.269999980926514,14.943795204162598,5.1066666603088375
2023-09-13,5.300000190734863,15.117157936096191,5.118333339691162
2023-09-14,5.460000038146973,15.732592582702637,5.139666668574015
2023-09-15,5.480000019073486,15.63724422454834,5.159333340326945
2023-09-18,5.670000076293945,15.463881492614746,5.185333347320556
2023-09-19,5.699999809265137,15.706586837768555,5.201666673024495
2023-09-20,5.460000038146973,15.550561904907227,5.214666668574015
2023-09-21,5.369999885559082,15.316526412963867,5.225
2023-09-22,5.53000020980835,16.018640518188477,5.235333347320557
2023-09-25,5.590000152587891,16.20067024230957,5.244000021616618
2023-09-26,5.539999961853027,16.20067024230957,5.2506666819254555
2023-09-27,5.53000020980835,16.61673927307129,5.248666683832805
2023-09-28,5.369999885559082,16.608070373535156,5.239000018437704
2023-09-29,5.489999771118164,16.712087631225586,5.240333350499471
2023-10-02,5.630000114440918,16.642745971679688,5.2503333568573
2023-10-03,5.590000152587891,16.495384216308594,5.267000023523966
2023-10-04,5.550000190734863,16.330692291259766,5.2873333613077795
2023-10-05,5.75,16.963462829589844,5.318000030517578
2023-10-06,5.909999847412109,17.180166244506836,5.346333360671997
2023-10-09,5.96999979019165,17.058813095092773,5.38066668510437
2023-10-10,5.670000076293945,17.024139404296875,5.404000027974447
2023-10-11,5.78000020980835,17.197500228881836,5.4283333619435625
2023-10-12,5.599999904632568,16.989465713500977,5.4523333549499515
2023-10-13,5.869999885559082,17.084814071655273,5.485000022252401
2023-10-16,5.809999942779541,16.93745994567871,5.5166666825612385
2023-10-17,6.090000152587891,17.3188533782959,5.556333351135254
2023-10-18,5.829999923706055,16.998130798339844,5.58166667620341
2023-10-19,5.670000076293945,17.006803512573242,5.596000019709269
2023-10-20,5.760000228881836,16.75542640686035,5.611333354314168
2023-10-23,5.539999961853027,16.226675033569336,5.626000022888183
2023-10-24,5.409999847412109,16.61673927307129,5.63066668510437
2023-10-25,5.289999961853027,16.313356399536133,5.6303333441416425
2023-10-26,5.179999828338623,16.139995574951172,5.621000003814697
2023-10-27,5.059999942779541,16.018640518188477,5.607000001271566
2023-10-30,4.940000057220459,16.079313278198242,5.582666667302449
2023-10-31,5.010000228881836,16.183332443237305,5.559666681289673
2023-11-01,4.800000190734863,15.957964897155762,5.537666686375936
2023-11-02,5.010000228881836,16.339357376098633,5.525666697820028
2023-11-03,5.150000095367432,16.2873477935791,5.513000027338664
2023-11-06,5.269999980926514,16.408702850341797,5.502333354949951
2023-11-07,5.199999809265137,15.84527587890625,5.4910000165303545
2023-11-08,5.400000095367432,15.576565742492676,5.486666679382324
2023-11-09,5.800000190734863,16.061983108520508,5.501000022888183
2023-11-10,5.699999809265137,15.949294090270996,5.50800002415975
2023-11-13,5.949999809265137,16.053314208984375,5.51866668065389
2023-11-14,5.929999828338623,16.41737174987793,5.530000003178914
2023-11-15,6.150000095367432,16.296016693115234,5.55
2023-11-16,6.440000057220459,16.3653621673584,5.5730000019073485
2023-11-17,6.420000076293945,16.47804832458496,5.590000009536743
2023-11-20,6.420000076293945,16.52138900756836,5.605000019073486
2023-11-21,6.550000190734863,16.972129821777344,5.634333356221517
2023-11-22,6.619999885559082,17.015470504760742,5.662333345413208
2023-11-24,7.519999980926514,17.544225692749023,5.72633334795634
2023-11-27,7.769999980926514,17.36219596862793,5.789666684468587
2023-11-28,7.800000190734863,17.336191177368164,5.856000026067098
2023-11-29,8.710000038146973,17.596233367919922,5.943333355585734
2023-11-30,9.329999923706055,18.42837142944336,6.0600000222524
2023-12-01,10.039999961853027,18.98312759399414,6.2056666851043705
2023-12-04,9.34000015258789,19.009395599365234,6.325000015894572
2023-12-05,8.300000190734863,17.923646926879883,6.417000023523967
2023-12-06,8.229999542236328,17.608428955078125,6.51100001335144
2023-12-07,8.34000015258789,17.5208683013916,6.612666686375936
2023-12-08,8.699999809265137,17.573402404785156,6.730000019073486
2023-12-11,8.600000381469727,17.46833038330078,6.848000033696493
2023-12-12,9.4399995803833,17.766036987304688,6.99800001780192
2023-12-13,8.869999885559082,17.372013092041016,7.126666673024496
2023-12-14,9.239999771118164,17.766036987304688,7.274666659037272
2023-12-15,9.920000076293945,18.54532241821289,7.438333320617676
2023-12-18,10.600000381469727,18.57159423828125,7.619999996821085
2023-12-19,9.779999732971191,18.405229568481445,7.770333321889241
2023-12-20,10.039999961853027,18.265132904052734,7.931666660308838
2023-12-21,9.970000267028809,18.492786407470703,8.083999999364217
2023-12-22,10.4399995803833,18.650394439697266,8.238666645685832
2023-12-26,10.399999618530273,18.19508171081543,8.39533330599467
2023-12-27,10.869999885559082,18.24761962890625,8.5593333085378
2023-12-28,11.649999618530273,18.56283950805664,8.749999968210856
2023-12-29,11.5600004196167,18.615375518798828,8.930333312352499
2024-01-02,10.619999885559082,18.30891227722168,9.069666639963787
2024-01-03,10.140000343322754,18.96561622619629,9.193666648864745
2024-01-04,10.899999618530273,19.315860748291016,9.34299996693929
2024-01-05,10.609999656677246,19.009395599365234,9.478333282470704
2024-01-08,9.609999656677246,18.51905632019043,9.577999941507976
2024-01-09,9.0,18.037473678588867,9.627333275477092
2024-01-10,9.550000190734863,18.317668914794922,9.686666615804036
2024-01-11,9.4399995803833,17.949913024902344,9.741333262125652
2024-01-12,9.5,17.932401657104492,9.76766659418742
2024-01-16,9.770000457763672,18.300155639648438,9.782333278656006
2024-01-17,10.0600004196167,18.37895965576172,9.782999960581462
2024-01-18,11.1899995803833,18.676666259765625,9.844666608174641
2024-01-19,11.050000190734863,18.606616973876953,9.936333274841308
2024-01-22,10.430000305175781,18.466524124145508,10.009666633605956
2024-01-23,10.720000267028809,18.53656768798828,10.088999970753987
2024-01-24,11.75,18.930593490600586,10.190666643778483
2024-01-25,11.100000381469727,18.76422691345215,10.273999977111817
2024-01-26,11.0600004196167,19.298349380493164,10.328000005086263
2024-01-29,10.75,18.90432357788086,10.390666675567626
2024-01-30,10.979999542236328,19.03566551208496,10.448666667938232
2024-01-31,11.239999771118164,19.03566551208496,10.492666657765707
2024-02-01,11.109999656677246,18.755470275878906,10.509666633605956
2024-02-02,11.170000076293945,18.84303092956543,10.555999978383381
2024-02-05,11.8100004196167,19.35088348388672,10.61499999364217
2024-02-06,12.640000343322754,19.77117347717285,10.703999996185303
2024-02-07,11.800000190734863,19.990074157714844,10.749333349863688
2024-02-08,12.550000190734863,20.08639144897461,10.821000035603841
2024-02-09,12.350000381469727,19.814952850341797,10.870333385467529
2024-02-12,12.5,20.138927459716797,10.89866673151652
2024-02-13,12.260000228881836,19.140737533569336,10.922000058492024
2024-02-14,12.75,18.92183494567871,10.993000062306722
2024-02-15,12.789999961853027,19.412172317504883,11.081333382924397
2024-02-16,12.819999694824219,19.298349380493164,11.145333385467529
2024-02-20,12.5,19.140737533569336,11.208333396911621
2024-02-21,12.949999809265137,19.83246612548828,11.319666735331218
2024-02-22,13.510000228881836,20.14768409729004,11.470000076293946
2024-02-23,14.336999893188477,20.865680694580078,11.629566733042399
2024-02-26,13.732999801635742,20.270267486572266,11.772666740417481
2024-02-27,14.449999809265137,20.524192810058594,11.937666734059652
2024-02-28,15.029999732971191,20.979507446289062,12.113000043233235
2024-02-29,15.25,20.900705337524414,12.286000029246013
2024-03-01,16.100000381469727,21.294727325439453,12.449666722615559
2024-03-04,16.229999542236328,20.918212890625,12.62233336766561
2024-03-05,15.75,21.137117385864258,12.799666690826417
2024-03-06,15.569999694824219,21.110849380493164,12.961333338419596
2024-03-07,16.43000030517578,21.522384643554688,13.117333348592123
2024-03-08,16.84000015258789,21.793819427490234,13.308666674296061
2024-03-11,16.040000915527344,21.48171615600586,13.474666690826416
2024-03-12,16.479999542236328,21.998918533325195,13.665666675567627
2024-03-13,16.25,21.606557846069336,13.841333357493083
2024-03-14,16.059999465942383,21.17852783203125,14.002000013987223
2024-03-15,15.6899995803833,21.080440521240234,14.15466667811076
2024-03-18,16.190000534057617,21.553054809570312,14.32200002670288
2024-03-19,15.489999771118164,21.044769287109375,14.44466667175293
2024-03-20,14.680000305175781,21.303367614746094,14.512666670481364
2024-03-21,15.270000457763672,21.829490661621094,14.628333346048992
2024-03-22,14.729999542236328,21.998918533325195,14.70099999109904
2024-03-25,14.069999694824219,21.74031639099121,14.758333301544189
2024-03-26,13.380000114440918,21.23203468322754,14.78766663869222
2024-03-27,13.350000381469727,21.46388053894043,14.823999977111816
2024-03-28,13.859999656677246,21.285537719726562,14.860999965667725
2024-04-01,13.890000343322754,21.01801872253418,14.897666645050048
2024-04-02,12.699999809265137,21.107192993164062,14.893666648864746
2024-04-03,13.319999694824219,21.437129974365234,14.920999972025554
2024-04-04,12.710000038146973,21.223114013671875,14.912999979654948
2024-04-05,12.850000381469727,21.294452667236328,14.89099998474121
2024-04-08,12.510000228881836,21.2677001953125,14.83009999593099
2024-04-09,12.779999732971191,21.133941650390625,14.798333326975504
2024-04-10,13.5,21.27661895751953,14.766666666666667
2024-04-11,13.539999961853027,20.946680068969727,14.717000007629395
2024-04-12,13.670000076293945,20.589990615844727,14.66433334350586
2024-04-15,13.5600004196167,20.63457489013672,14.579666678110758
2024-04-16,13.399999618530273,20.527565002441406,14.485333347320557
2024-04-17,13.8100004196167,20.598907470703125,14.420666694641113
2024-04-18,13.430000305175781,20.946680068969727,14.349333381652832
2024-04-19,13.609999656677246,20.53648567199707,14.255333360036214
2024-04-22,13.029999732971191,20.893177032470703,14.128333346048992
2024-04-23,13.399999618530273,21.347957611083984,14.040333302815755
2024-04-24,13.15999984741211,21.37470817565918,13.929666646321614
2024-04-25,13.020000457763672,21.775985717773438,13.821999994913737
2024-04-26,12.819999694824219,22.03458595275879,13.714000002543132
2024-04-29,12.600000381469727,21.96324920654297,13.611000029246012
2024-04-30,12.710000038146973,21.686811447143555,13.495000012715657
2024-05-01,12.6899995803833,21.891908645629883,13.401666673024495
2024-05-02,13.460000038146973,22.1415958404541,13.360999997456869
2024-05-03,13.449999809265137,22.13267707824707,13.300333309173585
2024-05-06,13.569999694824219,22.293188095092773,13.26166664759318
2024-05-07,14.600000381469727,23.60402488708496,13.27933333714803
2024-05-08,13.930000305175781,23.229503631591797,13.297666676839192
2024-05-09,13.65999984741211,23.29192352294922,13.307999992370606
2024-05-10,13.739999771118164,22.890647888183594,13.303999996185302
2024-05-13,13.270000457763672,22.917400360107422,13.283333333333333
2024-05-14,12.949999809265137,22.712299346923828,13.291666666666666
2024-05-15,12.619999885559082,22.569623947143555,13.268333339691162
2024-05-16,12.75,23.068992614746094,13.26966667175293
2024-05-17,12.729999542236328,23.229503631591797,13.265666643778482
2024-05-20,12.829999923706055,23.363264083862305,13.276333300272624
2024-05-21,12.380000114440918,23.434598922729492,13.262999979654948
2024-05-22,12.140000343322754,22.801471710205078,13.217666657765706
2024-05-23,12.100000381469727,23.26517105102539,13.16966667175293
2024-05-24,12.260000228881836,24.067724227905273,13.122666676839193
2024-05-28,12.0,24.040973663330078,13.07066666285197
2024-05-29,12.079999923706055,24.032058715820312,13.026666673024495
2024-05-30,12.15999984741211,24.28173828125,12.97166665395101
2024-05-31,11.9399995803833,24.14798355102539,12.921999963124593
2024-06-03,12.119999885559082,23.94288444519043,12.872333304087322
2024-06-04,12.25,23.64861488342285,12.846333312988282
2024-06-05,12.0600004196167,23.889381408691406,12.801666673024496
2024-06-06,12.0600004196167,23.41232681274414,12.765000025431315
2024-06-07,11.84000015258789,23.467370986938477,12.725666681925455
2024-06-10,11.460000038146973,23.118757247924805,12.680333360036213
2024-06-11,11.420000076293945,22.63252830505371,12.641000016530354
2024-06-12,11.9399995803833,23.008663177490234,12.6153333346049
2024-06-13,12.119999885559082,22.80683708190918,12.596333344777426
2024-06-14,11.770000457763672,21.806859970092773,12.540000025431315
2024-06-17,11.960000038146973,21.843557357788086,12.490333366394044
2024-06-18,11.869999885559082,21.770160675048828,12.433666706085205
2024-06-20,11.920000076293945,22.72426986694336,12.344333362579345
2024-06-21,11.779999732971191,22.109603881835938,12.272666676839192
2024-06-24,11.4399995803833,22.017864227294922,12.198666667938232
2024-06-25,11.399999618530273,22.146299362182617,12.120666662851969
2024-06-26,11.800000190734863,22.504091262817383,12.07166665395101
2024-06-27,11.920000076293945,22.412349700927734,12.037333329518637
2024-06-28,12.239999771118164,22.366477966308594,12.024666659037273
2024-07-01,12.5,22.91692352294922,12.016333325703938
2024-07-02,11.859999656677246,22.78848648071289,11.987333329518636
2024-07-03,12.0,22.935274124145508,11.959666665395101
2024-07-05,11.329999923706055,22.210519790649414,11.924666659037273
2024-07-08,11.520000457763672,21.97199249267578,11.903999996185302
2024-07-09,11.65999984741211,21.85272979736328,11.889333311716715
2024-07-10,11.979999542236328,22.1738224029541,11.8799999554952
2024-07-11,11.9399995803833,22.1187801361084,11.877999941507975
2024-07-12,12.079999923706055,22.13712501525879,11.877999941507975
2024-07-15,11.720000267028809,21.990339279174805,11.863333288828532
2024-07-16,11.600000381469727,22.201343536376953,11.851999982198079
2024-07-17,11.6899995803833,21.89859962463379,11.83766663869222
2024-07-18,11.800000190734863,21.88942527770996,11.822666645050049
2024-07-19,11.760000228881836,21.843557357788086,11.81266663869222
2024-07-22,11.770000457763672,22.412349700927734,11.80299997329712
2024-07-23,11.489999771118164,21.8802490234375,11.791333293914795
2024-07-24,11.640000343322754,21.27475929260254,11.79733330408732
2024-07-25,11.359999656677246,20.916969299316406,11.795333290100098
2024-07-26,11.0600004196167,20.999534606933594,11.76599998474121
2024-07-29,11.229999542236328,21.10962677001953,11.736333306630453
2024-07-30,10.829999923706055,20.669269561767578,11.704999955495198
2024-07-31,10.720000267028809,20.678443908691406,11.66366662979126
2024-08-01,10.890000343322754,19.94451332092285,11.630999978383382
2024-08-02,10.9399995803833,19.632593154907227,11.598333295186361
2024-08-05,10.770000457763672,18.990406036376953,11.564666652679444
2024-08-06,10.979999542236328,19.339021682739258,11.549333318074543
2024-08-07,10.770000457763672,19.283979415893555,11.52833334604899
2024-08-08,10.899999618530273,19.256454467773438,11.498333326975505
2024-08-09,10.710000038146973,19.23810577392578,11.457999992370606
2024-08-12,10.579999923706055,19.678464889526367,11.402666664123535
2024-08-13,10.829999923706055,19.806901931762695,11.346999994913737
2024-08-14,10.899999618530273,19.449113845825195,11.314999993642171
2024-08-15,10.770000457763672,19.50415802001953,11.27400000890096
2024-08-16,10.6899995803833,19.403242111206055,11.252666664123534
2024-08-19,10.449999809265137,19.595897674560547,11.21699997584025
2024-08-20,10.6899995803833,19.843597412109375,11.184666633605957
2024-08-21,10.800000190734863,19.614248275756836,11.145333321889241
2024-08-22,10.592000007629395,19.467458724975586,11.100400002797445
2024-08-23,10.40999984741211,19.476633071899414,11.044733333587647
2024-08-26,10.65999984741211,19.7977294921875,11.00939998626709
2024-08-27,10.6899995803833,20.00632667541504,10.979066626230876
2024-08-28,10.694999694824219,19.551206588745117,10.945899963378906
2024-08-29,11.140000343322754,20.224403381347656,10.92389996846517
2024-08-30,11.109999656677246,20.262331008911133,10.902233282725016
2024-09-03,10.5,19.494314193725586,10.859899934132894
2024-09-04,10.619999885559082,19.484832763671875,10.83089993794759
2024-09-05,10.739999771118164,19.608095169067383,10.800899918874105
2024-09-06,10.739999771118164,18.84008026123047,10.780233256022136
2024-09-09,10.569999694824219,19.427942276000977,10.763899898529052
2024-09-10,10.5600004196167,18.896968841552734,10.741566594441732
2024-09-11,10.75,19.390016555786133,10.738899930318196
2024-09-12,10.619999885559082,19.608095169067383,10.735566584269206
2024-09-13,10.270000457763672,19.721872329711914,10.714899921417237
2024-09-16,10.369999885559082,20.082176208496094,10.695899931589762
2024-09-17,10.350000381469727,19.987361907958984,10.681899929046631
2024-09-18,10.680000305175781,19.94943618774414,10.671899954477945
2024-09-19,10.569999694824219,20.70796775817871,10.665233262379964
2024-09-20,10.399999618530273,20.470928192138672,10.648566595713298
2024-09-23,10.619999885559082,20.53730010986328,10.645566590627034
2024-09-24,10.739999771118164,21.542354583740234,10.650899918874105
2024-09-25,10.649999618530273,21.618209838867188,10.644899908701579
2024-09-26,10.720000267028809,22.452592849731445,10.638899930318196
2024-09-27,10.449999809265137,22.319852828979492,10.628233242034913
2024-09-30,10.739999771118164,22.462078094482422,10.629899915059408
2024-10-01,10.1899995803833,22.367259979248047,10.621233240763347
2024-10-02,10.079999923706055,21.71302604675293,10.600899918874104
2024-10-03,10.350000381469727,21.703542709350586,10.585899925231933
2024-10-04,10.260000228881836,21.532875061035156,10.574833265940349
2024-10-07,10.220000267028809,21.343238830566406,10.568499946594239
2024-10-08,9.789999961853027,20.812271118164062,10.539499950408935
2024-10-09,9.329999923706055,20.281293869018555,10.494166628519695
2024-10-10,9.539999961853027,20.53730010986328,10.455666637420654
2024-10-11,9.40999984741211,19.95891571044922,10.397999954223632
2024-10-14,9.039999961853027,19.570167541503906,10.328999964396159
2024-10-15,8.520000457763672,18.896968841552734,10.262999979654948
2024-10-16,8.100000381469727,18.84956169128418,10.178999996185302
2024-10-17,8.420000076293945,19.124528884887695,10.101666673024495
2024-10-18,8.220000267028809,19.342607498168945,10.01766668955485
2024-10-21,7.929999828338623,19.07712173461914,9.92966669400533
2024-10-22,7.929999828338623,18.878007888793945,9.842000007629395
2024-10-23,8.0600004196167,18.20480728149414,9.75233335494995
2024-10-24,7.929999828338623,18.242733001708984,9.662666686375935
2024-10-25,7.809999942779541,18.347034454345703,9.580666669209798
2024-10-28,7.53000020980835,18.04361915588379,9.48600001335144
2024-10-29,7.869999885559082,18.365997314453125,9.40333333015442
2024-10-30,7.480000019073486,18.176362991333008,9.296666653951009
2024-10-31,7.480000019073486,18.11947250366211,9.193666664759318
2024-11-01,7.46999979019165,18.053102493286133,9.096000003814698
2024-11-04,7.78000020980835,18.062583923339844,9.00133334795634
2024-11-05,7.849999904632568,18.593555450439453,8.905000019073487
2024-11-06,7.650000095367432,18.555631637573242,8.805000034968058
2024-11-07,7.889999866485596,19.134010314941406,8.710666688283284
2024-11-08,8.149999618530273,19.05815887451172,8.634000015258788
2024-11-11,8.460000038146973,19.27623748779297,8.55800002415975
2024-11-12,8.300000190734863,18.868526458740234,8.4950000445048
2024-11-13,8.489999771118164,19.039194107055664,8.442000039418538
2024-11-14,8.449999809265137,19.14349365234375,8.37866668701172
2024-11-15,8.5,19.238309860229492,8.320000012715658
2024-11-18,7.989999771118164,19.380535125732422,8.245666662851969
2024-11-19,7.800000190734863,18.991788864135742,8.17933333714803
2024-11-20,7.664000034332275,17.98672866821289,8.123800007502238
2024-11-21,7.5,17.740203857421875,8.055800008773804
2024-11-22,7.230000019073486,17.664352416992188,7.983133347829183
2024-11-25,7.451000213623047,17.68331527709961,7.93016668955485
2024-11-26,7.409999847412109,17.0954532623291,7.893166669209799
2024-11-27,6.800000190734863,16.640329360961914,7.849833329518636
2024-11-29,6.650000095367432,16.42225456237793,7.790833330154419
2024-12-02,6.349999904632568,16.15676498413086,7.728499984741211
2024-12-03,6.349999904632568,16.327434539794922,7.675833320617675
2024-12-04,6.440000057220459,15.98609733581543,7.626166661580403
2024-12-05,6.619999885559082,16.202392578125,7.578166643778483
2024-12-06,6.489999771118164,15.71081256866455,7.530166641871134
2024-12-09,6.199999809265137,16.025423049926758,7.476499970753988
2024-12-10,6.019999980926514,15.809127807617188,7.426166629791259
2024-12-11,5.710000038146973,15.24873161315918,7.354166634877523
2024-12-12,5.900000095367432,15.189741134643555,7.301499970753988
2024-12-13,6.099999904632568,14.894794464111328,7.255499966939291
2024-12-16,6.070000171661377,14.747321128845215,7.208833312988281
2024-12-17,5.849999904632568,14.688331604003906,7.144499969482422
2024-12-18,6.059999942779541,14.717827796936035,7.084833304087321
2024-12-19,6.010000228881836,14.472038269042969,7.030166641871134
2024-12-20,6.21999979019165,14.550691604614258,6.974499972661336
2024-12-23,6.25,14.993110656738281,6.9111666520436605
2024-12-24,6.130000114440918,14.865300178527832,6.833499987920125
2024-12-26,6.065000057220459,14.766984939575195,6.7589999834696455
2024-12-27,6.099999904632568,14.599848747253418,6.679333321253458
2024-12-30,5.920000076293945,14.452374458312988,6.594999996821086
2024-12-31,6.079999923706055,14.698163032531738,6.514333327611287
2025-01-02,6.25,15.238899230957031,6.456333335240682
2025-01-03,6.260000228881836,14.963616371154785,6.405000003178914
2025-01-06,5.820000171661377,14.432711601257324,6.343533341089884
2025-01-07,5.630000114440918,14.570353507995605,6.281200011571248
2025-01-08,5.550000190734863,14.609679222106934,6.225200017293294
2025-01-10,6.699999809265137,14.993110656738281,6.200166670481364
2025-01-13,5.840000152587891,14.92428970336914,6.147833347320557
2025-01-14,6.130000114440918,14.875131607055664,6.125500011444092
2025-01-15,5.889999866485596,14.963616371154785,6.1001666704813635
2025-01-16,5.730000019073486,14.472038269042969,6.079500007629394
2025-01-17,5.71999979019165,14.432711601257324,6.058500003814697
2025-01-21,5.610000133514404,14.432711601257324,6.030833339691162
2025-01-22,5.28000020980835,14.108271598815918,5.9861666838328045
2025-01-23,5.139999866485596,14.59001636505127,5.941166687011719
2025-01-24,5.139999866485596,14.56052303314209,5.905833355585734
2025-01-27,5.320000171661377,14.619511604309082,5.882500028610229
2025-01-28,5.28000020980835,14.649006843566895,5.868166700998942
2025-01-29,5.320000171661377,15.012772560119629,5.84883337020874
2025-01-30,5.489999771118164,15.297887802124023,5.828500032424927
2025-01-31,5.769999980926514,15.111088752746582,5.818500026067098
2025-02-03,5.46999979019165,14.914457321166992,5.805833355585734
2025-02-04,5.869999885559082,15.435528755187988,5.799500020345052
2025-02-05,5.989999771118164,15.376541137695312,5.7988333384195965
2025-02-06,5.800000190734863,15.15041446685791,5.784833351771037
2025-02-07,5.860000133514404,15.120920181274414,5.771833356221517
2025-02-10,5.78000020980835,15.396203994750977,5.7601666927337645
2025-02-11,5.679999828338623,15.366708755493164,5.7473333517710365
2025-02-12,5.510000228881836,15.455193519592285,5.727666695912679
2025-02-13,5.5,15.730477333068848,5.7136666933695475
2025-02-14,5.639999866485596,15.8287935256958,5.699000024795533
2025-02-18,6.079999923706055,16.113906860351562,5.693333355585734
2025-02-19,5.989999771118164,14.707995414733887,5.684333340326945
2025-02-20,6.449999809265137,15.730477333068848,5.70533332824707
2025-02-21,6.320000171661377,15.091425895690918,5.728333330154419
2025-02-24,6.090000152587891,15.022604942321777,5.746333328882853
2025-02-25,6.260000228881836,15.238899230957031,5.731666676203409
2025-02-26,6.400000095367432,15.494519233703613,5.750333340962728
2025-02-27,6.170000076293945,15.258562088012695,5.751666673024496
2025-02-28,6.400000095367432,15.366708755493164,5.76866668065389
2025-03-03,6.150000095367432,14.9734468460083,5.7826666831970215
2025-03-04,6.0,15.34926700592041,5.792000023523967
2025-03-05,6.289999961853027,15.20091724395752,5.8146666844685875
2025-03-06,6.5,15.65585708618164,5.855333344141642
2025-03-07,6.570000171661377,15.893216133117676,5.903000020980835
2025-03-10,6.550000190734863,15.576736450195312,5.950000031789144
2025-03-11,6.679999828338623,15.61629581451416,5.995333353678386
2025-03-12,7.139999866485596,16.318485260009766,6.057333342234293
2025-03-13,6.849999904632568,16.219585418701172,6.108333333333333
2025-03-14,6.949999809265137,16.417387008666992,6.157000001271566
2025-03-17,6.860000133514404,16.367935180664062,6.193333339691162
2025-03-18,6.730000019073486,16.496505737304688,6.235333347320557
2025-03-19,6.5,16.753644943237305,6.256333351135254
2025-03-20,6.775000095367432,16.961336135864258,6.2825000286102295
2025-03-21,6.909999847412109,16.397605895996094,6.3195000171661375
2025-03-24,6.75,16.140466690063477,6.349166679382324
2025-03-25,6.510000228881836,16.021787643432617,6.373500013351441
2025-03-26,6.400000095367432,15.942667007446289,6.397500022252401
2025-03-27,6.349999904632568,15.734975814819336,6.425500011444091
2025-03-28,6.360000133514404,15.804205894470215,6.4541666825612385
2025-03-31,6.25,15.388826370239258,6.474500020345052
2025-04-01,6.5,15.547066688537598,6.488500022888184
2025-04-02,6.369999885559082,15.477835655212402,6.501166693369547
2025-04-03,6.019999980926514,14.053678512573242,6.48683336575826
2025-04-04,5.619999885559082,12.936108589172363,6.463500022888184
2025-04-07,5.380000114440918,13.737197875976562,6.439833354949951
2025-04-08,5.360000133514404,12.520730018615723,6.409833351771037
2025-04-09,5.329999923706055,13.381158828735352,6.374166679382324
2025-04-10,5.599999904632568,13.025118827819824,6.355166673660278
2025-04-11,5.630000114440918,14.08334732055664,6.329500007629394
2025-04-14,5.75,14.053678512573242,6.316166671117147
2025-04-15,5.690000057220459,13.430607795715332,6.305833339691162
2025-04-16,5.71999979019165,13.400938034057617,6.286833333969116
2025-04-17,5.739999771118164,13.638298034667969,6.261499993006388
2025-04-21,5.730000019073486,13.440499305725098,6.233499987920125
2025-04-22,5.599999904632568,13.410828590393066,6.201833311716715
2025-04-23,5.880000114440918,13.855877876281738,6.175166654586792
2025-04-24,5.829999923706055,14.291037559509277,6.131499989827474
2025-04-25,5.920000076293945,14.330596923828125,6.10049999554952
2025-04-28,5.78000020980835,14.478948593139648,6.0615000089009605
2025-04-29,5.570000171661377,14.528396606445312,6.018500010172526
2025-04-30,5.764999866485596,14.577847480773926,5.9863333384195965
2025-05-01,5.949999809265137,14.637187957763672,5.967999998728434
2025-05-02,5.840000152587891,14.864656448364258,5.936833333969116
2025-05-05,5.914000034332275,14.914107322692871,5.9036333401997885
2025-05-06,5.619999885559082,14.815206527709961,5.865966669718424
2025-05-07,5.619999885559082,14.795427322387695,5.836299991607666
2025-05-08,5.420000076293945,15.13168716430664,5.803633324305216
2025-05-09,5.429999828338623,15.34926700592041,5.772966655095418
2025-05-12,5.539999961853027,16.021787643432617,5.745633316040039
2025-05-13,5.300000190734863,16.249258041381836,5.713966655731201
2025-05-14,5.460000038146973,16.229475021362305,5.679299990336101
2025-05-15,5.550000190734863,16.615184783935547,5.651966667175293
2025-05-16,5.504000186920166,16.219585418701172,5.634766674041748
2025-05-19,5.309999942779541,16.06134605407715,5.624433342615763
2025-05-20,5.360000133514404,16.298707962036133,5.6237666765848795
2025-05-21,5.340000152587891,15.843767166137695,5.623100010553996
2025-05-22,5.210000038146973,15.823987007141113,5.619100014368693
2025-05-23,5.150000095367432,16.002004623413086,5.604100020726522
2025-05-27,5.150000095367432,15.863547325134277,5.588100020090739
2025-05-28,5.166999816894531,15.833876609802246,5.56866668065389
2025-05-29,5.190000057220459,16.002004623413086,5.552000013987223
2025-05-30,5.190000057220459,16.3283748626709,5.534333356221517
2025-06-02,5.099999904632568,16.160245895385742,5.513000027338664
2025-06-03,5.199999809265137,16.021787643432617,5.495333353678386
2025-06-04,5.420000076293945,16.002004623413086,5.489333359400431
2025-06-05,5.489999771118164,16.249258041381836,5.47633334795634
2025-06-06,5.409999847412109,16.556781768798828,5.462333345413208
2025-06-09,5.372000217437744,16.31869888305664,5.444066683451335
2025-06-10,5.519999980926514,16.417898178100586,5.435400009155273
2025-06-11,5.650000095367432,16.725425720214844,5.438066673278809
2025-06-12,5.730000019073486,16.87422752380371,5.4369000116984045
2025-06-13,5.869999885559082,17.2611141204834,5.43423334757487
2025-06-16,5.679999828338623,16.88414764404297,5.4289000034332275
2025-06-17,5.630000114440918,16.675825119018555,5.419433339436849
2025-06-18,5.619999885559082,16.665903091430664,5.419433339436849
2025-06-20,5.730000019073486,16.338537216186523,5.423100010553996
2025-06-23,5.78000020980835,16.417898178100586,5.435100015004476
2025-06-24,5.735000133514404,16.83454704284668,5.445266691843669
2025-06-25,5.800000190734863,16.98335075378418,5.45393336613973
2025-06-26,5.659999847412109,16.953588485717773,5.465933354695638
2025-06-27,5.584000110626221,16.98335075378418,5.470066690444947
2025-06-30,5.550000190734863,17.11231231689453,5.470066690444947
2025-07-01,5.630000114440918,17.241273880004883,5.474266688028972
2025-07-02,5.769999980926514,17.806726455688477,5.48960002263387
2025-07-03,5.929999828338623,17.896005630493164,5.508600012461344
2025-07-07,6.070000171661377,18.054731369018555,5.53293334643046
2025-07-08,6.179999828338623,17.717445373535156,5.565266672770182
2025-07-09,6.25,17.2611141204834,5.601933336257934
2025-07-10,6.659999847412109,17.87616729736328,5.652266661326091
2025-07-11,7.090000152587891,18.372175216674805,5.7163666725158695
2025-07-14,7.260000228881836,18.24321174621582,5.785366678237915
2025-07-15,6.78000020980835,17.77696418762207,5.838366683324178
2025-07-16,7.25,18.064647674560547,5.9100333531697595
2025-07-17,7.610000133514404,18.620180130004883,5.990366697311401
2025-07-18,7.400000095367432,18.411853790283203,6.056366697947184
2025-07-21,7.349999904632568,18.282894134521484,6.1183667023976644
2025-07-22,7.670000076293945,18.80866241455078,6.193700043360392
2025-07-23,7.519999980926514,18.90786361694336,6.265300035476685
2025-07-24,7.420000076293945,18.87810516357422,6.328633371988932
2025-07-25,7.150000095367432,18.649938583374023,6.378633371988932
2025-07-28,7.245999813079834,18.699541091918945,6.429166698455811
2025-07-29,6.940000057220459,18.520978927612305,6.464833370844523
2025-07-30,7.019999980926514,18.203533172607422,6.509500042597453
2025-07-31,7.400000095367432,18.11425018310547,6.56850004196167
2025-08-01,7.460000038146973,18.272972106933594,6.629833380381267
2025-08-04,7.309999942779541,18.620180130004883,6.682500044504802
2025-08-05,7.769999980926514,19.155868530273438,6.74883337020874
2025-08-06,7.730000019073486,18.997146606445312,6.815333366394043
2025-08-07,7.75,18.81858253479004,6.880333360036214
2025-08-08,7.800000190734863,18.689620971679688,6.951666704813639
2025-08-11,7.900000095367432,18.372175216674805,7.028866704305013
2025-08-12,8.020000457763672,18.6400203704834,7.111200046539307
2025-08-13,8.166999816894531,18.838422775268555,7.19576670328776
2025-08-14,8.130000114440918,18.67970085144043,7.274433374404907
2025-08-15,8.020000457763672,18.511056900024414,7.344100062052409
2025-08-18,8.079999923706055,18.798744201660156,7.411100053787232
2025-08-19,7.7729997634887695,18.223373413085938,7.4642000516255695
2025-08-20,8.039999961853027,18.43169593811035,7.52386671702067
2025-08-21,8.15999984741211,18.828502655029297,7.57386671702067
2025-08-22,8.40999984741211,18.96738624572754,7.617866706848145
2025-08-25,8.5,19.05666732788086,7.659200032552083
2025-08-26,8.600000381469727,19.126108169555664,7.719866704940796
2025-08-27,8.300000190734863,18.858264923095703,7.754866711298624
2025-08-28,8.350000381469727,18.868209838867188,7.779533386230469
2025-08-29,8.369999885559082,18.5499267578125,7.811866712570191
2025-09-02,8.020000457763672,18.539979934692383,7.8342000643412275
2025-09-03,8.140000343322754,18.82842445373535,7.849866739908854
2025-09-04,8.062999725341797,19.00745964050293,7.867966731389363
2025-09-05,8.039999961853027,19.206384658813477,7.888633394241333
2025-09-08,8.149999618530273,19.34563446044922,7.921966711680095
2025-09-09,8.390000343322754,19.614185333251953,7.960100062688192
2025-09-10,8.220000267028809,19.395366668701172,8.00276673634847
2025-09-11,8.114999771118164,19.0870304107666,8.039266729354859
2025-09-12,8.100000381469727,19.10692024230957,8.062600072224935
2025-09-15,8.210000038146973,19.25611686706543,8.087600072224935
2025-09-16,8.039999961853027,19.19643783569336,8.111933406194051
2025-09-17,8.140000343322754,19.68381118774414,8.124266751607259
2025-09-18,8.199999809265137,19.73354148864746,8.139933411280314
2025-09-19,8.15999984741211,19.59429359436035,8.153600072860717
2025-09-22,8.0600004196167,19.037296295166016,8.16226674715678
2025-09-23,8.25,19.68381118774414,8.173933410644532
2025-09-24,8.380000114440918,19.763381958007812,8.18593339920044
2025-09-25,8.199999809265137,19.25611686706543,8.187033398946125
2025-09-26,8.050000190734863,19.166601181030273,8.184366734822591
2025-09-29,7.769999980926514,18.63944435119629,8.176033385594685
2025-09-30,7.510000228881836,18.490249633789062,8.157033395767211
2025-10-01,7.579999923706055,18.619550704956055,8.150600067774455
2025-10-02,7.78000020980835,18.420625686645508,8.141933409372966
2025-10-03,7.71999979019165,18.311214447021484,8.12726674079895
2025-10-06,7.866000175476074,18.341054916381836,8.109133418401083
2025-10-07,8.0,18.3211612701416,8.092466751734415
2025-10-08,7.599999904632568,17.923307418823242,8.059133402506511
2025-10-09,7.699999809265137,17.59507942199707,8.039133389790853
2025-10-10,8.180000305175781,16.699909210205078,8.033466720581055
2025-10-13,8.640000343322754,17.276796340942383,8.042466735839843
2025-10-14,8.199999809265137,17.217117309570312,8.048466714223226
2025-10-15,8.520000457763672,17.326526641845703,8.06113338470459
2025-10-16,8.329999923706055,17.396150588989258,8.070033391316732
2025-10-17,8.15999984741211,17.585132598876953,8.074033387502034
2025-10-20,8.239999771118164,17.495615005493164,8.077033392588298
2025-10-21,8.380000114440918,17.356367111206055,8.07670005162557
2025-10-22,8.229999542236328,17.445884704589844,8.077033360799154
2025-10-23,7.820000171661377,17.624916076660156,8.06720004081726
2025-10-24,7.849999904632568,17.416044235229492,8.058866691589355
2025-10-27,7.96999979019165,17.81389808654785,8.050866683324179
2025-10-28,7.953000068664551,18.122234344482422,8.047966686884562
2025-10-29,8.199999809265137,18.470355987548828,8.049966669082641
2025-10-30,8.25,18.57976531982422,8.051633342107136
2025-10-31,8.100000381469727,18.71901512145996,8.049633359909057
2025-11-03,7.920000076293945,18.162019729614258,8.044966681798298
2025-11-04,8.180000305175781,17.853683471679688,8.042633358637492
2025-11-05,8.300000190734863,18.311214447021484,8.039966694513957
2025-11-06,8.5,18.052610397338867,8.049966700871785
2025-11-07,8.350000381469727,18.092395782470703,8.059966707229615
2025-11-10,8.369999885559082,18.559873580932617,8.0799667040507
2025-11-11,8.420000076293945,18.689176559448242,8.11030003229777
2025-11-12,8.479999542236328,18.679229736328125,8.140300019582112
2025-11-13,8.699999809265137,18.937835693359375,8.17096667289734
2025-11-14,8.600000381469727,18.818477630615234,8.200300025939942
2025-11-17,8.800000190734863,19.047243118286133,8.231433359781901
2025-11-18,8.989999771118164,19.19643783569336,8.264433352152507
2025-11-19,8.899999618530273,18.94778060913086,8.307766675949097
2025-11-20,8.920000076293945,18.689176559448242,8.348433351516723
2025-11-21,8.949999809265137,19.037296295166016,8.374100001653035
2025-11-24,9.1899995803833,19.644023895263672,8.392433309555054
2025-11-25,9.229999542236328,19.753435134887695,8.426766633987427
2025-11-26,9.199999809265137,19.634077072143555,8.449433279037475
2025-11-28,8.770000457763672,19.7932186126709,8.464099963506063
2025-12-01,9.34000015258789,19.902629852294922,8.503433307011923
2025-12-02,9.25,19.693756103515625,8.537099981307984
2025-12-03,9.300000190734863,20.30048370361328,8.56776665051778
2025-12-04,9.270000457763672,20.389999389648438,8.602433347702027
2025-12-05,9.0,20.450000762939453,8.641766675313313
2025-12-08,9.25,20.040000915527344,8.688433345158895
2025-12-09,8.829999923706055,19.940000534057617,8.717100016276042
2025-12-10,9.012999534606934,19.459999084472656,8.752433331807454
2025-12-11,8.84000015258789,18.579999923706055,8.773766676584879
2025-12-12,8.680000305175781,18.270000457763672,8.78810002009074
2025-12-15,8.920000076293945,18.229999542236328,8.815433343251547
2025-12-16,8.770000457763672,18.09000015258789,8.843766689300537
2025-12-17,8.420000076293945,18.239999771118164,8.851766681671142
2025-12-18,8.656000137329102,18.09000015258789,8.863633346557616
2025-12-19,8.699999809265137,18.299999237060547,8.870300006866454
2025-12-22,8.880000114440918,18.799999237060547,8.887966664632161
2025-12-23,8.739999771118164,18.889999389648438,8.900299994150798
2025-12-24,8.770000457763672,18.950000762939453,8.911966673533122
2025-12-26,8.75,19.43000030517578,8.92096668879191
2025-12-29,8.739999771118164,19.709999084472656,8.922300020853678
2025-12-30,8.680000305175781,19.260000228881836,8.924966684977214
2025-12-31,8.770000457763672,19.219999313354492,8.923966693878175
2026-01-02,8.460000038146973,19.3700008392334,8.906300036112468
2026-01-05,8.720000267028809,19.559999465942383,8.900300057729085
2026-01-06,8.8100004196167,20.399999618530273,8.896633402506511
2026-01-07,8.789999961853027,20.510000228881836,8.89130007425944
2026-01-08,9.140000343322754,20.75,8.88963343302409
2026-01-09,8.850000381469727,19.639999389648438,8.876966794331869
2026-01-12,8.729999542236328,19.6200008392334,8.861300118764241
2026-01-13,8.720999717712402,19.8700008392334,8.859666760762533
2026-01-14,9.039999961853027,20.610000610351562,8.849666754404703
2026-01-15,9.479999542236328,20.899999618530273,8.85733340581258
2026-01-16,9.800000190734863,20.3700008392334,8.874000072479248
