date,cpi_all,cpi_core,cpi_food,cpi_energy,cpi_shelter,cpi_medical,cpi_transportation,cpi_apparel,core_pce,cpi_all_yoy,cpi_core_yoy,cpi_food_yoy,cpi_energy_yoy,cpi_shelter_yoy,cpi_medical_yoy,cpi_transportation_yoy,cpi_apparel_yoy,core_pce_yoy,year,month
2015-01-01,234.747,239.811,246.197,199.926,274.762,441.351,194.852,126.129,96.214,,,,,,,,,,2015,1
2015-02-01,235.342,240.172,246.495,203.021,275.47,441.101,197.087,125.96,96.324,,,,,,,,,,2015,2
2015-03-01,235.976,240.755,246.072,205.757,276.258,442.943,199.119,126.626,96.47,,,,,,,,,,2015,3
2015-04-01,236.222,241.346,246.002,203.577,277.003,445.822,198.636,126.39,96.648,,,,,,,,,,2015,4
2015-05-01,237.001,241.688,246.239,208.973,277.524,446.743,202.277,125.831,96.766,,,,,,,,,,2015,5
2015-06-01,237.657,242.064,246.937,212.015,278.284,446.33,203.86,125.51,96.882,,,,,,,,,,2015,6
2015-07-01,238.034,242.565,247.157,211.623,279.329,446.953,204.166,125.689,96.978,,,,,,,,,,2015,7
2015-08-01,238.033,242.817,247.742,208.579,279.921,446.612,202.609,126.166,97.056,,,,,,,,,,2015,8
2015-09-01,237.498,243.316,248.492,197.246,280.737,447.648,197.162,126.011,97.196,,,,,,,,,,2015,9
2015-10-01,237.733,243.768,248.755,195.616,281.429,450.681,196.445,125.323,97.228,,,,,,,,,,2015,10
2015-11-01,238.017,244.241,248.525,195.114,282.129,452.225,196.644,125.724,97.332,,,,,,,,,,2015,11
2015-12-01,237.761,244.547,248.206,190.143,282.779,452.732,194.728,126.042,97.396,,,,,,,,,,2015,12
2016-01-01,237.652,244.955,248.353,185.235,283.714,454.194,192.648,124.999,97.567,1.2375025026943876,2.145022538582464,0.8757214750789055,-7.3482188409711435,3.2580924582001902,2.9099288321539962,-1.1311148974606389,-0.8959081575212746,1.4062402560957699,2016,1
2016-02-01,237.336,245.51,248.606,176.401,284.502,456.922,188.784,125.898,97.736,0.8472775790126619,2.222573822094165,0.8564068236678102,-13.11194408460208,3.2787599375612597,3.586706899326919,-4.212860310421284,-0.0492219752302292,1.4658859681907055,2016,2
2016-03-01,238.08,245.913,248.029,182.234,285.122,457.723,191.583,125.843,97.876,0.8916160965521946,2.142426948557663,0.7952956858155336,-11.43241785212653,3.208594864221137,3.336772451534409,-3.784671477859969,-0.6183564196926339,1.4574479112677619,2016,3
2016-04-01,238.992,246.551,248.235,186.713,285.853,459.245,194.491,125.782,98.117,1.1726257503534843,2.156654761214183,0.9077161974292869,-8.283843459722862,3.194911246448595,3.0108428924548347,-2.086731508890627,-0.4810507160376676,1.5199486797450534,2016,4
2016-05-01,239.557,247.137,247.856,188.596,286.855,460.487,195.474,126.707,98.284,1.0784764621246223,2.2545595974976074,0.6566790800807354,-9.751020466758863,3.3622317349130126,3.0764891671497985,-3.3632098557918044,0.6961718495442248,1.5687328193787042,2016,5
2016-06-01,240.222,247.54,247.683,192.899,287.819,462.09,197.236,126.276,98.386,1.0792865347959424,2.2622116465067066,0.3021013456873556,-9.01634318326533,3.426355809173365,3.5310196491385337,-3.2492887275581417,0.6103099354632935,1.5524039553270974,2016,6
2016-07-01,240.101,247.829,247.658,189.046,288.524,464.439,194.654,125.881,98.529,0.8683633430518256,2.1701399624842965,0.2027051631149357,-10.668500115771916,3.291817176161449,3.9122681803232195,-4.658953988421189,0.15275799791549804,1.5993318072140106,2016,7
2016-08-01,240.545,248.423,247.746,188.772,289.367,469.02,194.205,126.148,98.703,1.0553158595656864,2.3087345614186683,0.0016145829128788591,-9.496162125621478,3.3745235262806483,5.01733047925268,-4.147890764970952,-0.014266918187155753,1.6969584569733076,2016,8
2016-09-01,241.176,248.842,247.772,192.243,290.369,469.816,195.762,125.914,98.834,1.5486446201652182,2.271120682569183,-0.2897477584791419,-2.536426594202168,3.430969198929956,4.952105225534331,-0.710075978129665,-0.0769774067343243,1.6852545372237682,2016,9
2016-10-01,241.741,249.142,247.812,195.979,291.378,469.749,197.151,126.521,98.961,1.685924966243646,2.2045551507991146,-0.37908785753049123,0.18556764272861237,3.535172281463539,4.230930525138632,0.35938812390237107,0.9559298771973257,1.7824083597317797,2016,10
2016-11-01,242.026,249.481,247.741,196.372,292.227,469.914,197.331,126.605,99.005,1.6843334719788938,2.1454219398053587,-0.31546122120510445,0.6447512736144079,3.5792137639165,3.911548454862057,0.3493622993836487,0.7007413063536028,1.7188591624542893,2016,11
2016-12-01,242.637,249.92,247.725,199.513,293.066,470.539,199.146,126.185,99.12,2.0507989115119862,2.197123661300271,-0.19379064164444237,4.927870076731722,3.637823176402777,3.9332320224768624,2.2688057187461474,0.1134542454102716,1.770093227647962,2016,12
2017-01-01,243.618,250.467,248.065,205.369,293.769,471.484,202.082,126.044,99.385,2.5103933482571117,2.2502092221020176,-0.11596397063856623,10.86943612168325,3.5440619779073312,3.806743373976751,4.897014243594544,0.8360066880535033,1.863334939067518,2017,1
2017-02-01,244.006,250.998,248.735,204.133,294.543,473.139,201.566,126.058,99.561,2.8103616813294208,2.2353468290497336,0.05188933493158743,15.720999314062833,3.5293249256595827,3.549183449253923,6.770700906856519,0.12708700694212816,1.867275108455435,2017,2
2017-03-01,243.892,250.944,249.244,202.528,295.012,473.685,201.165,126.397,99.519,2.44119623655914,2.045845481938735,0.4898620725802161,11.136231438699685,3.4686905956046843,3.4872619466358445,5.0014876058940505,0.4402310815857957,1.6786546242183897,2017,3
2017-04-01,244.193,251.227,249.589,202.954,295.741,473.007,200.904,126.301,99.723,2.176223471915395,1.8965650108902388,0.545450883235632,8.698376652937934,3.4591205969501715,2.996657557512883,3.297324811945024,0.4126186576775659,1.6368213459441172,2017,4
2017-05-01,244.004,251.43,249.972,198.449,296.461,472.981,198.623,125.651,99.803,1.8563431667619756,1.7370931912259246,0.8537215157188083,5.224395003075366,3.3487301946976578,2.7132144881397258,1.610955932758329,-0.8334188324244152,1.545521142810613,2017,5
2017-06-01,244.163,251.746,249.77,197.808,297.215,474.492,198.062,125.508,99.937,1.640565809959127,1.6991193342490218,0.8426093030204029,2.544855079601227,3.2645516800489105,2.6838927481659614,0.4187876452574679,-0.6081915803478055,1.5764438029800987,2017,6
2017-07-01,244.243,251.985,250.185,195.994,297.676,476.279,196.903,125.368,100.01,1.7251073506566073,1.6769627444729984,1.020358720493597,3.6752959597135204,3.1720064881950893,2.5493121809322616,1.1553833982348216,-0.4075277444570702,1.5031107592688553,2017,7
2017-08-01,245.183,252.535,250.469,201.45,298.904,477.199,199.59,125.39,100.118,1.92812155729698,1.6552412618799472,1.0991095719002475,6.716038395524748,3.2958146575110314,1.7438488763805493,2.772843129682556,-0.6008815042648274,1.433593710424197,2017,8
2017-09-01,246.435,252.812,250.826,212.723,299.711,477.19,204.503,125.759,100.24,2.1805652303711787,1.5953898457655935,1.2325847956992764,10.653183731007122,3.2172855917814935,1.5695506325880793,4.465115803884312,-0.1230998935781602,1.4225873687192525,2017,9
2017-10-01,246.626,253.526,251.048,208.328,300.814,477.671,203.282,125.961,100.486,2.020757753132485,1.7596390813271245,1.3058286120123386,6.301185331081394,3.2384050957862343,1.6864325416339199,3.10979908800868,-0.44261426956789807,1.5410111053849596,2017,10
2017-11-01,247.284,253.816,251.195,213.047,301.43,477.791,205.698,125.024,100.535,2.172493864295566,1.7376072726981162,1.39419797288296,8.49153647159473,3.1492640994843057,1.6762641674859635,4.2400839199112195,-1.248765846530553,1.5453764961365524,2017,11
2017-12-01,247.805,254.344,251.716,213.574,302.428,478.891,206.332,124.234,100.683,2.129930719552253,1.770166453265043,1.6110606519325943,7.0476610546681195,3.194502262289056,1.7749857078796838,3.6084079017404402,-1.546142568451092,1.5768765133171936,2017,12
2018-01-01,248.859,255.204,252.377,216.855,303.213,480.797,208.964,124.855,101.007,2.151318868063945,1.8912671130328462,1.7382540866305307,5.592859681840978,3.2147707892936417,1.9752526066632248,3.405548242792533,-0.9433213798356044,1.6320370277204788,2018,1
2018-02-01,249.529,255.711,252.264,220.141,303.784,481.6,210.466,125.839,101.198,2.263468931091861,1.87770420481439,1.4187790218505691,7.8419461821459535,3.1374026882322825,1.7882694092011153,4.4154272049849785,-0.17372955306288462,1.6442181175359671,2018,2
2018-03-01,249.577,256.271,252.365,215.72,304.812,483.078,208.649,126.489,101.419,2.3309497646499366,2.1227843662331214,1.2521866123156533,6.513667246010435,3.3218987702195113,1.9829633617277187,3.7203290830909896,0.0727865376551673,1.909183171052753,2018,3
2018-04-01,250.227,256.63,252.867,219.165,305.72,483.577,209.542,127.326,101.602,2.4709963021052994,2.150644636125887,1.3133591624630903,7.987524266582557,3.3742362404942217,2.2346392336688448,4.299565961852436,0.8115533527050411,1.8842192874261698,2018,4
2018-05-01,250.792,257.145,252.864,221.045,306.808,484.543,210.576,127.464,101.78,2.781921607842497,2.272998448872432,1.1569295761125309,11.386300762412493,3.4901724004169132,2.4444956562737152,6.017933471954406,1.4428854525630586,1.9809023776840462,2018,5
2018-06-01,251.018,257.399,253.167,220.947,307.183,486.209,210.83,126.384,101.872,2.8075506935940187,2.245517307127032,1.3600512471473758,11.697706867265234,3.3538011204010676,2.4693777766537695,6.4464662580404175,0.6979634764317844,1.9362198184856405,2018,6
2018-07-01,251.214,257.699,253.598,219.929,308.05,485.246,210.467,125.676,102.006,2.854124785561929,2.267595293370639,1.3641904990307152,12.212108533934707,3.4849971109528477,1.8827200023515678,6.888671071542851,0.24567672771360627,1.9958004199579937,2018,7
2018-08-01,251.663,257.891,253.949,222.781,309.004,484.273,211.843,123.451,102.016,2.6429238568742575,2.1208941334864617,1.3893934977981415,10.58873169520973,3.3790113213607142,1.4824004241417166,6.139085124505228,-1.546375309035819,1.8957629996604108,2018,8
2018-09-01,252.182,258.368,254.302,223.955,309.522,485.039,212.734,125.143,102.205,2.332055105808828,2.1976804898501623,1.3858212466012265,5.280106053412181,3.2734867922765476,1.6448374861166348,4.024879830613748,-0.489825777876729,1.9602952913008842,2018,9
2018-10-01,252.772,258.917,254.17,226.022,310.401,485.652,213.82,126.021,102.366,2.492032470218053,2.126409125691242,1.2435868837831654,8.493337429438185,3.1870192211798543,1.6708152682494815,5.18393168111293,0.047633791411638704,1.8709073900841755,2018,10
2018-11-01,252.594,259.439,254.887,218.5,311.247,487.615,211.019,125.099,102.556,2.147328577667773,2.2153843729315836,1.4697744779951893,2.5595291179880464,3.25680920943503,2.0561291443329743,2.5868020107147283,0.05998848221142605,2.0102451882429095,2018,11
2018-12-01,252.767,260.063,255.877,213.63,312.132,488.82,208.595,124.356,102.735,2.0023809043401064,2.2485295505299874,1.6530534411797415,0.02622042008857406,3.208697607364397,2.073331927307054,1.0967760696353412,0.09820178051096473,2.0380799141860972,2018,12
2019-01-01,252.561,260.766,256.533,204.34,312.998,489.968,205.719,124.466,102.87,1.4875893578291333,2.1794329242488475,1.6467427697452575,-5.771137395955817,3.2271043787700293,1.907457825236003,-1.5528990639536056,-0.31156141123703796,1.844426623897344,2019,1
2019-02-01,253.319,261.186,257.253,208.144,314.072,490.16,207.495,124.526,102.963,1.5188615351321877,2.1410889637129227,1.977690039006741,-5.449689062918761,3.386616806678444,1.7774086378737453,-1.4116294318322176,-1.043396721207257,1.7441056147354805,2019,2
2019-03-01,254.277,261.567,257.681,214.934,315.051,491.412,210.097,123.666,103.058,1.8831863513063984,2.06656235001228,2.106472767618328,-0.3643612089745951,3.3591197196960687,1.7251872368437393,0.6939884686722797,-2.231814624196571,1.61606799514884,2019,3
2019-04-01,255.233,261.997,257.325,222.42,316.172,492.97,213.037,123.901,103.265,2.000583470209061,2.0913377235709074,1.7629821210359609,1.4851823968243139,3.4188146015962317,1.9424000727908952,1.6679233757432854,-2.689945494243118,1.6367788035668518,2019,4
2019-05-01,255.296,262.217,257.818,220.523,317.03,494.859,211.761,123.764,103.371,1.7959105553606136,1.97242800754438,1.9591559098962152,-0.23615100997533833,3.3317253787384926,2.1290164134039724,0.5627421928424914,-2.9027803928952545,1.563175476517964,2019,5
2019-06-01,255.213,262.739,257.952,214.926,317.949,495.745,209.25,124.75,103.56,1.671194894390049,2.0746001344216447,1.8900567609522634,-2.7250879170117814,3.504751239489168,1.9612964794974985,-0.7494189631456649,-1.2928851753386539,1.6569813098790576,2019,6
2019-07-01,255.802,263.28,258.059,216.696,318.777,497.714,209.934,124.731,103.678,1.826331335037068,2.1657049503490455,1.7590832735274065,-1.4700198700489775,3.4822269112157134,2.5694183980908614,-0.25324635215973057,-0.7519335433973096,1.6391192674940713,2019,7
2019-08-01,256.036,263.877,258.288,213.847,319.37,500.662,209.27,124.532,103.797,1.7376412106666406,2.321135673598529,1.7086107840550646,-4.010216311085779,3.3546491307555826,3.38424814102789,-1.2145787210339654,0.8756510680350882,1.745804579673771,2019,8
2019-09-01,256.43,264.388,258.865,213.015,320.436,501.71,209.085,124.795,103.873,1.6844977040391562,2.3300099083477743,1.794323284913224,-4.884909914938285,3.52608215248027,3.437043206834911,-1.7152876362029557,-0.27808187433575604,1.6320140893302693,2019,9
2019-10-01,257.155,264.97,259.434,215.268,320.862,506.433,210.25,123.489,104.028,1.7339736996186295,2.3378148209658223,2.0710548058386236,-4.757943916963836,3.3701566683097095,4.278989893998175,-1.669628659620237,-2.0091889446996913,1.6235859562745425,2019,10
2019-11-01,257.879,265.548,260.048,217.488,321.611,508.315,211.286,123.55,104.092,2.092290394862917,2.3546960942649298,2.0248188412904655,-0.4631578947368431,3.329831291546581,4.245152425581655,0.1265288907633888,-1.2382193302904132,1.4977183197472543,2019,11
2019-12-01,258.63,266.02,260.483,221.18,322.247,510.875,213.354,122.859,104.322,2.3195274699624457,2.2905988164406255,1.8000836339334914,3.534147825679912,3.2406161495777352,4.511885765721524,2.2814544931565983,-1.2038019878413575,1.544751058548699,2019,12
2020-01-01,259.127,266.716,261.293,220.147,323.487,511.854,213.14,122.477,104.507,2.599767976845202,2.2817391837892886,1.8555117665173704,7.735636683958114,3.3511396238953717,4.46682232309048,3.607347887166479,-1.5980267703629814,1.5913288616700605,2020,1
2020-02-01,259.25,267.37,261.962,214.294,324.483,512.967,211.402,122.952,104.711,2.3413166797595197,2.3676613601035346,1.8304937163026391,2.9546852179260563,3.314845003693412,4.652970458625738,1.8829369382394656,-1.2639930616899275,1.6976972310441596,2020,2
2020-03-01,258.076,267.054,262.622,201.681,324.54,514.743,204.709,121.558,104.632,1.4940399642909163,2.097741687598198,1.9174871255544845,-6.166078889333459,3.0118933125113267,4.747747307758066,-2.5645297172258497,-1.7045913994145456,1.5272953094374042,2020,3
2020-04-01,256.032,265.746,266.37,182.586,324.391,516.77,192.375,117.065,104.293,0.3130472940411133,1.4309324152566472,3.51501020110756,-17.90936066900457,2.5995344306263712,4.827879992697315,-9.698784718147557,-5.517308173461066,0.9954970222243897,2020,4
2020-05-01,255.802,265.412,268.086,180.04,324.973,519.152,188.733,114.244,104.402,0.1982013035848551,1.2184564692601985,3.982654430644894,-18.357722323748547,2.505441125445551,4.909075110283956,-10.874523637496992,-7.692059080184865,0.9973783749794407,2020,5
2020-06-01,257.042,265.849,269.553,188.734,325.425,520.867,192.554,115.665,104.565,0.7166562831830481,1.1836841884912408,4.497348343877938,-12.186520011538848,2.3513204947963384,5.067524634640774,-7.978972520908001,-7.2825651302605205,0.9704519119350996,2020,6
2020-07-01,258.352,267.389,268.532,191.966,326.249,522.675,197.289,116.576,104.937,0.9968647625897997,1.560695837131587,4.05837424774953,-11.412301103850552,2.3439583156877886,5.015129170567834,-6.0233216153648295,-6.538069926481793,1.2143366963097257,2020,7
2020-08-01,259.316,268.422,268.957,193.307,326.782,522.922,199.971,116.907,105.243,1.2810698495523853,1.7223933878284248,4.130660348138515,-9.604997965835393,2.320819112627981,4.446113345929992,-4.443541835905773,-6.1229242283108,1.3931038469319867,2020,8
2020-09-01,259.997,268.933,269.043,196.705,327.043,522.947,202.572,117.157,105.41,1.3910228912373812,1.7190644053436621,3.9317791126648904,-7.656737788418644,2.0618781909648165,4.232923401965283,-3.115001076117374,-6.120437517528754,1.4796915464076354,2020,9
2020-10-01,260.319,269.306,269.653,196.113,327.421,520.943,203.23,117.158,105.507,1.2303863428671624,1.6364116692455521,3.93895942706044,-8.89821060259769,2.0441809874650163,2.865137145486174,-3.338882282996436,-5.1267724250743,1.4217326104510208,2020,10
2020-11-01,260.911,269.981,269.636,197.017,327.801,520.567,204.355,117.411,105.605,1.1757452138405844,1.6693780408814973,3.6870116286224164,-9.412473331861992,1.9246854118795786,2.410316437642024,-3.280387720909106,-4.968838526912178,1.453521884486797,2020,11
2020-12-01,262.045,270.341,270.781,205.67,328.217,519.866,208.196,117.967,105.896,1.3204191315779434,1.624313961356294,3.953424983588172,-7.012388100189904,1.852616160895204,1.7599217029605985,-2.417578297102474,-3.981800275112113,1.508790092214496,2020,12
2021-01-01,262.687,270.387,271.195,212.47,328.535,521.832,210.632,119.065,106.281,1.3738437137002402,1.3763703714812836,3.78961548912522,-3.4872153606453793,1.5604954758614786,1.949384004032395,-1.1766913765600018,-2.7858291760902043,1.6974939477738316,2021,1
2021-02-01,263.579,270.793,271.425,219.242,329.124,523.675,212.904,118.14,106.501,1.6698167791706853,1.280248344990098,3.6123559905635316,2.3089773862077223,1.4302752378398953,2.0874637159895126,0.7104946973065518,-3.9137224282646876,1.7094670091967412,2021,2
2021-03-01,264.961,271.459,271.636,229.617,329.947,524.024,217.471,118.484,106.933,2.6678187820641908,1.6494791315614155,3.43230955517817,13.851577491186573,1.6660504098108042,1.8030356896548305,6.234215398443643,-2.5288339722601694,2.1991360195733556,2021,3
2021-04-01,266.614,273.66,272.715,227.255,331.208,524.465,220.736,119.692,107.558,4.133077115360573,2.9780316542864504,2.382025002815613,24.46463584283569,2.1014763048296636,1.4890570273042192,14.742560103963598,2.2440524494938607,3.1306032044336574,2021,4
2021-05-01,268.383,275.465,273.932,229.854,332.111,523.97,225.784,120.794,108.099,4.918257089467626,3.7876961101984907,2.1806435248390432,27.668295934236852,2.1964901699525807,0.9280519000215648,19.63143700359766,5.73334267007457,3.5411199019175887,2021,5
2021-06-01,270.654,277.651,275.997,233.603,333.835,523.099,233.169,121.339,108.603,5.295632620349999,4.439362194328367,2.390624478302983,23.773670880710405,2.58431282169469,0.4285163007063275,21.09278436178943,4.9055461894263575,3.8617128102137466,2021,6
2021-07-01,271.903,278.648,277.813,236.488,335.446,524.307,234.485,121.319,109.058,5.245169381309234,4.210719214328185,3.4561988887730433,23.192648698206963,2.8190124720688825,0.31223991964415276,18.85356000587972,4.06859044743344,3.92711817566731,2021,7
2021-08-01,272.676,278.997,279.01,240.692,336.022,524.693,234.588,121.505,109.409,5.152015301793966,3.9396919775577244,3.737772208940471,24.51282157397301,2.8275731221425904,0.33867383663337414,17.311010096463985,3.933040793109055,3.9584580447155737,2021,8
2021-09-01,273.91,279.698,281.366,245.302,337.357,524.874,235.77,121.051,109.641,5.351215590949132,4.002855729865806,4.5803087238842854,24.705523499656845,3.1537137318334407,0.3684885848852737,16.388247141757017,3.3237450600476226,4.013850678303776,2021,9
2021-10-01,276.55,281.668,283.972,254.756,338.948,527.649,241.059,122.57,110.188,6.235042390298062,4.590317334184912,5.310157869558263,29.902658161366148,3.5205438869223338,1.2872809501231375,18.613885745214787,4.619402857679367,4.436672448273571,2021,10
2021-11-01,278.919,283.406,286.151,263.798,340.544,529.542,248.066,123.61,110.77,6.901970403700863,4.972572143965692,6.12492397157649,33.896059730886165,3.8874195014658275,1.7240816263804692,21.389738445352457,5.279743805946624,4.8908669097107005,2021,11
2021-12-01,280.845,285.18,287.812,267.899,341.931,531.045,253.118,124.753,111.418,7.174340285065539,5.488993530393094,6.289584572034235,30.25672193319395,4.178333236852438,2.1503618240084954,21.576783415627588,5.752456195376676,5.2145501246505965,2021,12
2022-01-01,282.543,286.757,290.077,270.189,342.858,534.695,254.579,125.476,111.976,7.558805726967832,6.05428515424189,6.9625177455336695,27.16571751306067,4.359657266349082,2.4649695687501083,20.86435109574993,5.384453869735029,5.35843659732218,2022,1
2022-02-01,284.5,288.273,292.899,275.322,344.705,536.583,257.835,125.997,112.468,7.937278766517819,6.4551151617656455,7.9115777839182,25.579040512310613,4.7340819873360696,2.4648875733995324,21.103877804080696,6.650584052818687,5.602764293293028,2022,2
2022-03-01,287.674,289.056,295.546,303.099,346.396,539.05,266.618,126.443,112.914,8.572204966013853,6.482378554404167,8.80222061876923,32.001985915676975,4.985346131348378,2.8674259194235274,22.599335083758287,6.7173626818811005,5.593221924008485,2022,3
2022-04-01,288.561,290.514,298.339,295.455,348.23,541.376,264.563,126.098,113.307,8.231750770777225,6.158737119052837,9.395889481693342,30.010340806582914,5.139368614284678,3.2244287035359642,19.854939837634088,5.352070313805446,5.345023150300299,2022,4
2022-05-01,291.298,292.063,301.755,309.052,350.204,543.544,269.601,126.693,113.703,8.538171195642065,6.0254478790408905,10.15690025261744,34.45578497655033,5.447877366302234,3.7357100597362303,19.406600999185073,4.883520704670752,5.184136763522318,2022,5
2022-06-01,294.957,294.05,304.834,330.456,352.616,546.741,278.932,127.432,114.376,8.979361103105798,5.906335651591377,10.448301974296825,41.460512065341625,5.625833121152657,4.519603363799196,19.626536975326903,5.021468777557092,5.31569109508947,2022,6
2022-07-01,294.913,295.088,308.193,314.345,354.68,549.846,272.71,127.394,114.628,8.462576727730099,5.899916740834321,10.935413389582195,32.92217786949021,5.733858802907177,4.871001150089538,16.301682410388718,5.007459672433834,5.107374057840786,2022,7
2022-08-01,295.097,296.535,310.794,298.331,357.048,552.902,265.977,127.422,115.276,8.222579178218826,6.286089097732228,11.39170639045195,23.947202233559906,6.257328389212624,5.3762867047969065,13.380479819939639,4.869758446154471,5.362447330658338,2022,8
2022-09-01,296.349,298.226,312.901,294.103,359.601,556.309,265.46,127.588,115.788,8.192106896425821,6.624287624509306,11.207821840591969,19.89425279859114,6.59360855117872,5.989056421160122,12.592781100224792,5.400203220130351,5.606479327988612,2022,9
2022-10-01,298.007,299.399,315.038,299.945,362.353,554.065,268.123,127.777,116.204,7.758813957693,6.294999786983246,10.939810967278474,17.738149444959106,6.905188996542244,5.006358393553301,11.227126968916323,4.248184710777525,5.459759683450094,2022,10
2022-11-01,298.786,300.325,316.62,298.107,364.695,551.498,267.391,128.338,116.539,7.122856456533988,5.969880665899807,10.64787472348514,13.005784729224645,7.091888272881031,4.146224473224036,7.790265493860504,3.8249332578270234,5.20808883271644,2022,11
2022-12-01,298.832,301.394,317.813,286.33,367.466,552.002,262.161,128.475,116.952,6.404600402357152,5.685531944736666,10.423818325851597,6.879831578318685,7.467880946740735,3.9463698933235314,3.572642008865423,2.9834953868844716,4.9668814733705435,2022,12
2023-01-01,300.42,302.642,319.3,292.615,369.911,550.992,263.597,129.43,117.505,6.327178517960097,5.539533472591773,10.074221672176709,8.300115844834544,7.890438607236816,3.0479058154648797,3.542318887260909,3.1512002295259744,4.937665213974429,2023,1
2023-02-01,301.45,304.123,320.543,288.702,372.636,549.313,263.822,130.239,117.929,5.957820738137087,5.498260329618088,9.438065681344089,4.859764203369155,8.10287057048782,2.372419551122573,2.322027653344194,3.3667468273054224,4.855603371625716,2023,2
2023-03-01,301.821,305.147,320.554,282.868,374.678,547.138,263.521,130.426,118.315,4.917719362889961,5.566741392671326,8.461626954856438,-6.6747168416919855,8.164643933532712,1.5004174009832338,-1.161586989625596,3.1500359845938464,4.783286394955444,2023,3
2023-04-01,302.845,306.534,321.213,280.86,376.404,546.99,265.284,130.573,118.734,4.950079879124369,5.514364195873522,7.667116937443663,-4.939838554094522,8.09062975619561,1.036987232533404,0.27252488065223623,3.5488271027296348,4.789642299240104,2023,4
2023-05-01,303.334,307.652,322.009,274.273,378.304,547.446,265.15,131.003,119.083,4.131851231385042,5.337547036084689,6.71206773707147,-11.253446022028657,8.023894644264473,0.7178811650942807,-1.6509582679589574,3.4019243367826135,4.731625374880166,2023,5
2023-06-01,304.014,308.322,322.365,275.712,380.155,547.299,265.787,131.118,119.39,3.070617072997095,4.853596327155252,5.750998904321691,-16.566199433510064,7.809912199106117,0.10205929315709739,-4.712618129149771,2.892523071128128,4.383786808421353,2023,6
2023-07-01,304.609,308.96,323.201,275.548,381.895,547.141,265.613,131.352,119.556,3.287749268428297,4.700970557935236,4.86967582002189,-12.342171817588966,7.673113792714559,-0.49195592947843814,-2.6023981518829453,3.106896714130958,4.299124123250864,2023,7
2023-08-01,306.082,309.58,324.042,287.31,382.947,547.687,270.442,131.16,119.689,3.722504803505289,4.399143440066089,4.2626305527133646,-3.694218837465768,7.2536465685286045,-0.9432051249588569,1.6787165807570004,2.9335593539577154,3.8282036156702226,2023,8
2023-09-01,307.276,310.539,324.379,292.623,385.285,548.398,271.893,130.338,120.058,3.687206638119256,4.128747996485882,3.668252897881441,-0.5032250606080257,7.142360560732608,-1.4220514138724938,2.423340616288705,2.155375113647051,3.687774208035388,2023,9
2023-10-01,307.696,311.457,325.442,286.765,386.771,549.793,270.239,131.274,120.241,3.2512659098611785,4.027401561127464,3.3024587510078085,-4.3941389254696706,6.738732672283665,-0.7710286699214031,0.789190035916354,2.7367992674738106,3.4740628549791763,2023,10
2023-11-01,308.148,312.392,325.93,282.146,388.525,552.42,269.558,130.099,120.374,3.1333462745911866,4.017980521102138,2.9404333270166116,-5.354117816757076,6.5342272309738325,0.1671810233219162,0.8104236866610881,1.3721578955570468,3.2907438711504255,2023,11
2023-12-01,308.741,313.195,326.434,280.763,390.139,554.406,269.187,129.942,120.592,3.3159099427102934,3.9154727698627045,2.7126014354353245,-1.944260119442609,6.170094648212343,0.4355056684577141,2.6800324991131497,1.141856392294227,3.1123879882344996,2023,12
2024-01-01,309.698,314.319,327.424,279.953,392.322,556.741,267.931,129.685,121.217,3.0883429864855705,3.8583540949372663,2.544315690573118,-4.327187601455851,6.05848433812457,1.0433908296309191,1.644176527046981,0.197017692961432,3.159014510020852,2024,1
2024-02-01,310.967,315.564,327.707,283.331,394.078,557.163,270.904,130.309,121.537,3.157074141648697,3.7619647313751337,2.2349575563964885,-1.8603958406938625,5.754140770081251,1.4290577503172086,2.684385684287127,0.0537473414261358,3.059467984974007,2024,2
2024-03-01,312.345,316.792,327.774,288.688,395.827,559.269,274.332,130.956,122.009,3.4868349120836584,3.8161935067360986,2.2523506179926045,2.057496782951773,5.644580146152167,2.2171737294795824,4.102519343809408,0.40636069495345595,3.122173857921662,2024,3
2024-04-01,313.023,317.649,328.449,287.611,397.196,561.275,274.564,132.237,122.304,3.3607951262196734,3.6260251717590952,2.2527108180553146,2.403688670511994,5.523852031328058,2.6115651108795435,3.4981378447249023,1.2743829122406458,3.006720905553606,2024,4
2024-05-01,313.175,318.095,328.949,284.165,398.689,564.191,272.306,132.027,122.383,3.244278584003113,3.394419668976645,2.1552192640578394,3.6066255154535876,5.388523515479626,3.0587491734344496,2.698849707712614,0.7816614886682061,2.7711764063720334,2024,5
2024-06-01,313.044,318.39,329.6,278.284,399.699,564.997,269.014,131.956,122.677,2.9702579486470926,3.2654173234475614,2.24435034820778,0.93285747446612,5.141060883060877,3.2336985815797137,1.2141301117060133,0.6391189615460924,2.7531619063573265,2024,6
2024-07-01,313.569,318.94,330.329,278.287,401.139,564.593,268.745,131.569,122.911,2.9414757935583014,3.2301916105644812,2.205438720796038,0.9940191908487828,5.0390814229042125,3.189671400973415,1.1791591526017164,0.16520494548997178,2.8062163337682744,2024,7
2024-08-01,314.062,319.75,330.748,275.706,402.895,564.183,268.745,131.415,123.128,2.607144490692037,3.2850959364300047,2.0694848198690385,-4.038843061501507,5.209075929567275,3.011939301097155,-0.6274912920330444,0.1944190301921278,2.873279917118543,2024,8
2024-09-01,314.732,320.732,331.753,272.681,403.956,566.256,268.853,132.539,123.466,2.4264830315416708,3.2823574494668994,2.2732667651111704,-6.814912019902741,4.846023073828465,3.256394078753022,-1.1180868944768552,1.6886863385965567,2.838627996468368,2024,9
2024-10-01,315.631,321.731,332.463,273.003,405.721,567.974,269.476,131.741,123.832,2.578844053871343,3.298689706765301,2.1573736641244956,-4.799051488152317,4.89954003790356,3.3068809533770116,-0.2823426670465645,0.35574447339155046,2.9865021082658982,2024,10
2024-11-01,316.528,322.657,333.629,273.281,407.114,569.476,270.397,131.692,123.962,2.719472461284833,3.2859356193500444,2.362163654772509,-3.141990317069887,4.784505501576475,3.087505883204811,0.31125026895881813,1.2244521479796378,2.980710120125618,2024,11
2024-12-01,317.604,323.259,334.464,279.829,408.165,570.11,273.39,131.568,124.196,2.870690967509981,3.2133335461932644,2.4599153274474927,-0.3326649166734863,4.620404522490706,2.832581176971405,1.5613681195600027,1.251327515353018,2.9885896245190446,2024,12
2025-01-01,318.961,324.638,335.441,282.272,409.579,571.366,276.016,130.436,124.587,2.9909783078999608,3.282970485398584,2.44850713448006,0.8283533307376745,4.398682714708846,2.6268947320208236,3.017567955928957,0.5790955006361509,2.7801380994415092,2025,1
2025-02-01,319.679,325.465,336.065,282.096,410.793,573.284,275.019,131.095,125.145,2.8015834477613355,3.13755688228059,2.5504490291632376,-0.4358859425901196,4.241546089860382,2.8934082126774285,1.5189882762897566,0.6031816681886903,2.9686432938117457,2025,2
2025-03-01,319.785,325.69,337.331,278.906,411.639,574.069,271.76,131.388,125.267,2.381981462805549,2.808783050077035,2.9157285202609184,-3.3884331873856866,3.99467444110686,2.6463115245078717,-0.9375501217502857,0.3298817923577557,2.670294814316976,2025,3
2025-04-01,320.302,326.467,337.493,277.343,413.04,576.548,270.662,131.201,125.502,2.32538823025783,2.7760200724699313,2.753547734960371,-3.5700998918678284,3.988962628022441,2.7211260077502075,-1.4211622791043377,-0.7834418506166951,2.614795918367352,2025,4
2025-05-01,320.62,326.893,338.474,275.377,414.109,578.073,269.009,130.782,125.79,2.3772651073680873,2.7658403935930886,2.895585637895226,-3.0925694578853857,3.867676309103074,2.460514258469204,-1.2107702364251849,-0.9429889340816455,2.783883382495933,2025,5
2025-06-01,321.435,327.658,339.468,276.558,414.981,580.527,269.017,131.214,126.121,2.680453865910226,2.910895442696071,2.9939320388349566,-0.6202296934067375,3.823377091261171,2.748687161170782,0.0011151835963785217,-0.5623086483373174,2.8073722050588,2025,6
2025-07-01,322.169,328.682,339.891,274.85,415.931,584.45,269.382,131.354,126.43,2.742618052167134,3.0544930080893096,2.8946898395236342,-1.2350558955322888,3.6874998441936535,3.5170467929995786,0.23702766563098443,-0.16341235397394627,2.86304724556794,2025,7
2025-08-01,323.291,329.7,341.32,276.734,417.555,583.809,271.591,131.694,126.714,2.9385917430316155,3.111806098514469,3.1963912102265235,0.37286094608022236,3.6386651608980136,3.478658520373701,1.0589964464455148,0.21230453144618355,2.912416347215907,2025,8
2025-09-01,324.245,330.418,342.086,280.7,418.422,584.872,273.656,132.411,126.954,3.0225715847133294,3.0199668258857892,3.1146666345142293,2.940798955556123,3.581083088257131,3.287558983922456,1.78647811257453,-0.09657534763352071,2.825069249833967,2025,9
2025-10-01,,,,,,,,,127.243,,,,,,,,,2.75453840687383,2025,10
2025-11-01,325.063,331.043,342.386,284.648,419.431,585.987,274.113,131.883,127.469,2.6964439164939513,2.5990448060944082,2.6247718273891163,4.159454920027383,3.0254425050477263,2.8993320175038084,1.3742756021701386,0.14503538559669238,2.8290927864990767,2025,11
2025-12-01,326.031,331.814,344.632,285.624,421.039,588.092,274.073,132.317,127.886,2.653304114557753,2.6464847073089937,3.0400880214312975,2.0709075899924656,3.1541165950044636,3.1541281507077468,0.24982625553238158,0.5692873647087371,2.971110180682146,2025,12
2026-01-01,326.588,332.793,345.271,281.436,421.965,589.61,273.21,132.723,128.455,2.391201432150014,2.512028782828879,2.9304706341800824,-0.296168234894012,3.024080824456332,3.1930496389354746,-1.0166077328850665,1.7533503020638497,3.104657789335974,2026,1
2026-02-01,327.46,333.512,346.622,283.223,422.942,592.554,273.766,134.419,128.961,2.4340041103732224,2.4724624767640258,3.1413565828039225,0.3995093868753852,2.9574505894696346,3.3613357428429858,-0.4556048854806316,2.5355658110530532,3.0492628550881085,2026,2
2026-03-01,330.293,334.165,346.603,314.019,424.069,591.587,285.48,135.804,129.343,3.2859577528651984,2.602167705486824,2.7486356130921763,12.589546298752975,3.019636137489412,3.051549552405719,5.048572269649698,3.3610375376746715,3.253849776876594,2026,3
2026-04-01,332.407,335.423,348.349,325.978,426.642,591.202,289.301,136.67,129.681,3.7792458367415627,2.7433094309685213,3.2166593084893558,17.536047421424005,3.293143521208597,2.5416790969702507,6.886448781136623,4.168413350507993,3.3298274131089656,2026,4
2026-05-01,333.979,336.121,348.892,338.639,427.998,593.057,293.082,137.069,130.147,4.166614684049641,2.8229420636110225,3.0779321306806384,22.972869920145843,3.353947873627483,2.5920601723311787,8.948771230702302,4.807236469850573,3.463709356864597,2026,5
2026-06-01,332.568,336.065,349.609,319.29,428.501,592.283,285.785,136.313,130.338,3.463530729385411,2.5657850563697515,2.987321338093718,15.45137005619075,3.2579804858535732,2.0250565434510426,6.233063338004663,3.8860182602466153,3.343614465473621,2026,6
2026-07-01,332.813,336.789,349.881,314.553,429.095,594.393,284.419,136.434,130.658,3.303856050706311,2.4665177892309265,2.9391775598647696,14.445333818446414,3.16494803224574,1.7012575926084406,5.582035919252215,3.867411727088621,3.3441430040338282,2026,7
2026-08-01,334.131,337.765,350.309,321.148,430.227,592.934,287.804,136.457,,3.353016322755642,2.4461631786472537,2.633598968709716,16.049347026386364,3.034809785537229,1.563011190303687,5.969638169158764,3.6167175421811137,,2026,8
