date,cpi_all,cpi_core,cpi_food,cpi_energy,cpi_shelter,cpi_medical,cpi_transportation,cpi_apparel,cpi_all_yoy,cpi_core_yoy,cpi_food_yoy,cpi_energy_yoy,cpi_shelter_yoy,cpi_medical_yoy,cpi_transportation_yoy,cpi_apparel_yoy,year,month
2015-01-01,234.747,239.811,246.197,199.926,274.762,441.351,194.852,126.129,,,,,,,,,2015,1
2015-02-01,235.342,240.172,246.495,203.021,275.47,441.101,197.087,125.96,,,,,,,,,2015,2
2015-03-01,235.976,240.755,246.072,205.757,276.258,442.943,199.119,126.626,,,,,,,,,2015,3
2015-04-01,236.222,241.346,246.002,203.577,277.003,445.822,198.636,126.39,,,,,,,,,2015,4
2015-05-01,237.001,241.688,246.239,208.973,277.524,446.743,202.277,125.831,,,,,,,,,2015,5
2015-06-01,237.657,242.064,246.937,212.015,278.284,446.33,203.86,125.51,,,,,,,,,2015,6
2015-07-01,238.034,242.565,247.157,211.623,279.329,446.953,204.166,125.689,,,,,,,,,2015,7
2015-08-01,238.033,242.817,247.742,208.579,279.921,446.612,202.609,126.166,,,,,,,,,2015,8
2015-09-01,237.498,243.316,248.492,197.246,280.737,447.648,197.162,126.011,,,,,,,,,2015,9
2015-10-01,237.733,243.768,248.755,195.616,281.429,450.681,196.445,125.323,,,,,,,,,2015,10
2015-11-01,238.017,244.241,248.525,195.114,282.129,452.225,196.644,125.724,,,,,,,,,2015,11
2015-12-01,237.761,244.547,248.206,190.143,282.779,452.732,194.728,126.042,,,,,,,,,2015,12
2016-01-01,237.652,244.955,248.353,185.235,283.714,454.194,192.648,124.999,1.2375025026943876,2.145022538582464,0.8757214750789055,-7.3482188409711435,3.2580924582001902,2.9099288321539962,-1.1311148974606389,-0.8959081575212746,2016,1
2016-02-01,237.336,245.51,248.606,176.401,284.502,456.922,188.784,125.898,0.8472775790126619,2.222573822094165,0.8564068236678102,-13.11194408460208,3.2787599375612597,3.586706899326919,-4.212860310421284,-0.0492219752302292,2016,2
2016-03-01,238.08,245.913,248.029,182.234,285.122,457.723,191.583,125.843,0.8916160965521946,2.142426948557663,0.7952956858155336,-11.43241785212653,3.208594864221137,3.336772451534409,-3.784671477859969,-0.6183564196926339,2016,3
2016-04-01,238.992,246.551,248.235,186.713,285.853,459.245,194.491,125.782,1.1726257503534843,2.156654761214183,0.9077161974292869,-8.283843459722862,3.194911246448595,3.0108428924548347,-2.086731508890627,-0.4810507160376676,2016,4
2016-05-01,239.557,247.137,247.856,188.596,286.855,460.487,195.474,126.707,1.0784764621246223,2.2545595974976074,0.6566790800807354,-9.751020466758863,3.3622317349130126,3.0764891671497985,-3.3632098557918044,0.6961718495442248,2016,5
2016-06-01,240.222,247.54,247.683,192.899,287.819,462.09,197.236,126.276,1.0792865347959424,2.2622116465067066,0.3021013456873556,-9.01634318326533,3.426355809173365,3.5310196491385337,-3.2492887275581417,0.6103099354632935,2016,6
2016-07-01,240.101,247.829,247.658,189.046,288.524,464.439,194.654,125.881,0.8683633430518256,2.1701399624842965,0.2027051631149357,-10.668500115771916,3.291817176161449,3.9122681803232195,-4.658953988421189,0.15275799791549804,2016,7
2016-08-01,240.545,248.423,247.746,188.772,289.367,469.02,194.205,126.148,1.0553158595656864,2.3087345614186683,0.0016145829128788591,-9.496162125621478,3.3745235262806483,5.01733047925268,-4.147890764970952,-0.014266918187155753,2016,8
2016-09-01,241.176,248.842,247.772,192.243,290.369,469.816,195.762,125.914,1.5486446201652182,2.271120682569183,-0.2897477584791419,-2.536426594202168,3.430969198929956,4.952105225534331,-0.710075978129665,-0.0769774067343243,2016,9
2016-10-01,241.741,249.142,247.812,195.979,291.378,469.749,197.151,126.521,1.685924966243646,2.2045551507991146,-0.37908785753049123,0.18556764272861237,3.535172281463539,4.230930525138632,0.35938812390237107,0.9559298771973257,2016,10
2016-11-01,242.026,249.481,247.741,196.372,292.227,469.914,197.331,126.605,1.6843334719788938,2.1454219398053587,-0.31546122120510445,0.6447512736144079,3.5792137639165,3.911548454862057,0.3493622993836487,0.7007413063536028,2016,11
2016-12-01,242.637,249.92,247.725,199.513,293.066,470.539,199.146,126.185,2.0507989115119862,2.197123661300271,-0.19379064164444237,4.927870076731722,3.637823176402777,3.9332320224768624,2.2688057187461474,0.1134542454102716,2016,12
2017-01-01,243.618,250.467,248.065,205.369,293.769,471.484,202.082,126.044,2.5103933482571117,2.2502092221020176,-0.11596397063856623,10.86943612168325,3.5440619779073312,3.806743373976751,4.897014243594544,0.8360066880535033,2017,1
2017-02-01,244.006,250.998,248.735,204.133,294.543,473.139,201.566,126.058,2.8103616813294208,2.2353468290497336,0.05188933493158743,15.720999314062833,3.5293249256595827,3.549183449253923,6.770700906856519,0.12708700694212816,2017,2
2017-03-01,243.892,250.944,249.244,202.528,295.012,473.685,201.165,126.397,2.44119623655914,2.045845481938735,0.4898620725802161,11.136231438699685,3.4686905956046843,3.4872619466358445,5.0014876058940505,0.4402310815857957,2017,3
2017-04-01,244.193,251.227,249.589,202.954,295.741,473.007,200.904,126.301,2.176223471915395,1.8965650108902388,0.545450883235632,8.698376652937934,3.4591205969501715,2.996657557512883,3.297324811945024,0.4126186576775659,2017,4
2017-05-01,244.004,251.43,249.972,198.449,296.461,472.981,198.623,125.651,1.8563431667619756,1.7370931912259246,0.8537215157188083,5.224395003075366,3.3487301946976578,2.7132144881397258,1.610955932758329,-0.8334188324244152,2017,5
2017-06-01,244.163,251.746,249.77,197.808,297.215,474.492,198.062,125.508,1.640565809959127,1.6991193342490218,0.8426093030204029,2.544855079601227,3.2645516800489105,2.6838927481659614,0.4187876452574679,-0.6081915803478055,2017,6
2017-07-01,244.243,251.985,250.185,195.994,297.676,476.279,196.903,125.368,1.7251073506566073,1.6769627444729984,1.020358720493597,3.6752959597135204,3.1720064881950893,2.5493121809322616,1.1553833982348216,-0.4075277444570702,2017,7
2017-08-01,245.183,252.535,250.469,201.45,298.904,477.199,199.59,125.39,1.92812155729698,1.6552412618799472,1.0991095719002475,6.716038395524748,3.2958146575110314,1.7438488763805493,2.772843129682556,-0.6008815042648274,2017,8
2017-09-01,246.435,252.812,250.826,212.723,299.711,477.19,204.503,125.759,2.1805652303711787,1.5953898457655935,1.2325847956992764,10.653183731007122,3.2172855917814935,1.5695506325880793,4.465115803884312,-0.1230998935781602,2017,9
2017-10-01,246.626,253.526,251.048,208.328,300.814,477.671,203.282,125.961,2.020757753132485,1.7596390813271245,1.3058286120123386,6.301185331081394,3.2384050957862343,1.6864325416339199,3.10979908800868,-0.44261426956789807,2017,10
2017-11-01,247.284,253.816,251.195,213.047,301.43,477.791,205.698,125.024,2.172493864295566,1.7376072726981162,1.39419797288296,8.49153647159473,3.1492640994843057,1.6762641674859635,4.2400839199112195,-1.248765846530553,2017,11
2017-12-01,247.805,254.344,251.716,213.574,302.428,478.891,206.332,124.234,2.129930719552253,1.770166453265043,1.6110606519325943,7.0476610546681195,3.194502262289056,1.7749857078796838,3.6084079017404402,-1.546142568451092,2017,12
2018-01-01,248.859,255.204,252.377,216.855,303.213,480.797,208.964,124.855,2.151318868063945,1.8912671130328462,1.7382540866305307,5.592859681840978,3.2147707892936417,1.9752526066632248,3.405548242792533,-0.9433213798356044,2018,1
2018-02-01,249.529,255.711,252.264,220.141,303.784,481.6,210.466,125.839,2.263468931091861,1.87770420481439,1.4187790218505691,7.8419461821459535,3.1374026882322825,1.7882694092011153,4.4154272049849785,-0.17372955306288462,2018,2
2018-03-01,249.577,256.271,252.365,215.72,304.812,483.078,208.649,126.489,2.3309497646499366,2.1227843662331214,1.2521866123156533,6.513667246010435,3.3218987702195113,1.9829633617277187,3.7203290830909896,0.0727865376551673,2018,3
2018-04-01,250.227,256.63,252.867,219.165,305.72,483.577,209.542,127.326,2.4709963021052994,2.150644636125887,1.3133591624630903,7.987524266582557,3.3742362404942217,2.2346392336688448,4.299565961852436,0.8115533527050411,2018,4
2018-05-01,250.792,257.145,252.864,221.045,306.808,484.543,210.576,127.464,2.781921607842497,2.272998448872432,1.1569295761125309,11.386300762412493,3.4901724004169132,2.4444956562737152,6.017933471954406,1.4428854525630586,2018,5
2018-06-01,251.018,257.399,253.167,220.947,307.183,486.209,210.83,126.384,2.8075506935940187,2.245517307127032,1.3600512471473758,11.697706867265234,3.3538011204010676,2.4693777766537695,6.4464662580404175,0.6979634764317844,2018,6
2018-07-01,251.214,257.699,253.598,219.929,308.05,485.246,210.467,125.676,2.854124785561929,2.267595293370639,1.3641904990307152,12.212108533934707,3.4849971109528477,1.8827200023515678,6.888671071542851,0.24567672771360627,2018,7
2018-08-01,251.663,257.891,253.949,222.781,309.004,484.273,211.843,123.451,2.6429238568742575,2.1208941334864617,1.3893934977981415,10.58873169520973,3.3790113213607142,1.4824004241417166,6.139085124505228,-1.546375309035819,2018,8
2018-09-01,252.182,258.368,254.302,223.955,309.522,485.039,212.734,125.143,2.332055105808828,2.1976804898501623,1.3858212466012265,5.280106053412181,3.2734867922765476,1.6448374861166348,4.024879830613748,-0.489825777876729,2018,9
2018-10-01,252.772,258.917,254.17,226.022,310.401,485.652,213.82,126.021,2.492032470218053,2.126409125691242,1.2435868837831654,8.493337429438185,3.1870192211798543,1.6708152682494815,5.18393168111293,0.047633791411638704,2018,10
2018-11-01,252.594,259.439,254.887,218.5,311.247,487.615,211.019,125.099,2.147328577667773,2.2153843729315836,1.4697744779951893,2.5595291179880464,3.25680920943503,2.0561291443329743,2.5868020107147283,0.05998848221142605,2018,11
2018-12-01,252.767,260.063,255.877,213.63,312.132,488.82,208.595,124.356,2.0023809043401064,2.2485295505299874,1.6530534411797415,0.02622042008857406,3.208697607364397,2.073331927307054,1.0967760696353412,0.09820178051096473,2018,12
2019-01-01,252.561,260.766,256.533,204.34,312.998,489.968,205.719,124.466,1.4875893578291333,2.1794329242488475,1.6467427697452575,-5.771137395955817,3.2271043787700293,1.907457825236003,-1.5528990639536056,-0.31156141123703796,2019,1
2019-02-01,253.319,261.186,257.253,208.144,314.072,490.16,207.495,124.526,1.5188615351321877,2.1410889637129227,1.977690039006741,-5.449689062918761,3.386616806678444,1.7774086378737453,-1.4116294318322176,-1.043396721207257,2019,2
2019-03-01,254.277,261.567,257.681,214.934,315.051,491.412,210.097,123.666,1.8831863513063984,2.06656235001228,2.106472767618328,-0.3643612089745951,3.3591197196960687,1.7251872368437393,0.6939884686722797,-2.231814624196571,2019,3
2019-04-01,255.233,261.997,257.325,222.42,316.172,492.97,213.037,123.901,2.000583470209061,2.0913377235709074,1.7629821210359609,1.4851823968243139,3.4188146015962317,1.9424000727908952,1.6679233757432854,-2.689945494243118,2019,4
2019-05-01,255.296,262.217,257.818,220.523,317.03,494.859,211.761,123.764,1.7959105553606136,1.97242800754438,1.9591559098962152,-0.23615100997533833,3.3317253787384926,2.1290164134039724,0.5627421928424914,-2.9027803928952545,2019,5
2019-06-01,255.213,262.739,257.952,214.926,317.949,495.745,209.25,124.75,1.671194894390049,2.0746001344216447,1.8900567609522634,-2.7250879170117814,3.504751239489168,1.9612964794974985,-0.7494189631456649,-1.2928851753386539,2019,6
2019-07-01,255.802,263.28,258.059,216.696,318.777,497.714,209.934,124.731,1.826331335037068,2.1657049503490455,1.7590832735274065,-1.4700198700489775,3.4822269112157134,2.5694183980908614,-0.25324635215973057,-0.7519335433973096,2019,7
2019-08-01,256.036,263.877,258.288,213.847,319.37,500.662,209.27,124.532,1.7376412106666406,2.321135673598529,1.7086107840550646,-4.010216311085779,3.3546491307555826,3.38424814102789,-1.2145787210339654,0.8756510680350882,2019,8
2019-09-01,256.43,264.388,258.865,213.015,320.436,501.71,209.085,124.795,1.6844977040391562,2.3300099083477743,1.794323284913224,-4.884909914938285,3.52608215248027,3.437043206834911,-1.7152876362029557,-0.27808187433575604,2019,9
2019-10-01,257.155,264.97,259.434,215.268,320.862,506.433,210.25,123.489,1.7339736996186295,2.3378148209658223,2.0710548058386236,-4.757943916963836,3.3701566683097095,4.278989893998175,-1.669628659620237,-2.0091889446996913,2019,10
2019-11-01,257.879,265.548,260.048,217.488,321.611,508.315,211.286,123.55,2.092290394862917,2.3546960942649298,2.0248188412904655,-0.4631578947368431,3.329831291546581,4.245152425581655,0.1265288907633888,-1.2382193302904132,2019,11
2019-12-01,258.63,266.02,260.483,221.18,322.247,510.875,213.354,122.859,2.3195274699624457,2.2905988164406255,1.8000836339334914,3.534147825679912,3.2406161495777352,4.511885765721524,2.2814544931565983,-1.2038019878413575,2019,12
2020-01-01,259.127,266.716,261.293,220.147,323.487,511.854,213.14,122.477,2.599767976845202,2.2817391837892886,1.8555117665173704,7.735636683958114,3.3511396238953717,4.46682232309048,3.607347887166479,-1.5980267703629814,2020,1
2020-02-01,259.25,267.37,261.962,214.294,324.483,512.967,211.402,122.952,2.3413166797595197,2.3676613601035346,1.8304937163026391,2.9546852179260563,3.314845003693412,4.652970458625738,1.8829369382394656,-1.2639930616899275,2020,2
2020-03-01,258.076,267.054,262.622,201.681,324.54,514.743,204.709,121.558,1.4940399642909163,2.097741687598198,1.9174871255544845,-6.166078889333459,3.0118933125113267,4.747747307758066,-2.5645297172258497,-1.7045913994145456,2020,3
2020-04-01,256.032,265.746,266.37,182.586,324.391,516.77,192.375,117.065,0.3130472940411133,1.4309324152566472,3.51501020110756,-17.90936066900457,2.5995344306263712,4.827879992697315,-9.698784718147557,-5.517308173461066,2020,4
2020-05-01,255.802,265.412,268.086,180.04,324.973,519.152,188.733,114.244,0.1982013035848551,1.2184564692601985,3.982654430644894,-18.357722323748547,2.505441125445551,4.909075110283956,-10.874523637496992,-7.692059080184865,2020,5
2020-06-01,257.042,265.849,269.553,188.734,325.425,520.867,192.554,115.665,0.7166562831830481,1.1836841884912408,4.497348343877938,-12.186520011538848,2.3513204947963384,5.067524634640774,-7.978972520908001,-7.2825651302605205,2020,6
2020-07-01,258.352,267.389,268.532,191.966,326.249,522.675,197.289,116.576,0.9968647625897997,1.560695837131587,4.05837424774953,-11.412301103850552,2.3439583156877886,5.015129170567834,-6.0233216153648295,-6.538069926481793,2020,7
2020-08-01,259.316,268.422,268.957,193.307,326.782,522.922,199.971,116.907,1.2810698495523853,1.7223933878284248,4.130660348138515,-9.604997965835393,2.320819112627981,4.446113345929992,-4.443541835905773,-6.1229242283108,2020,8
2020-09-01,259.997,268.933,269.043,196.705,327.043,522.947,202.572,117.157,1.3910228912373812,1.7190644053436621,3.9317791126648904,-7.656737788418644,2.0618781909648165,4.232923401965283,-3.115001076117374,-6.120437517528754,2020,9
2020-10-01,260.319,269.306,269.653,196.113,327.421,520.943,203.23,117.158,1.2303863428671624,1.6364116692455521,3.93895942706044,-8.89821060259769,2.0441809874650163,2.865137145486174,-3.338882282996436,-5.1267724250743,2020,10
2020-11-01,260.911,269.981,269.636,197.017,327.801,520.567,204.355,117.411,1.1757452138405844,1.6693780408814973,3.6870116286224164,-9.412473331861992,1.9246854118795786,2.410316437642024,-3.280387720909106,-4.968838526912178,2020,11
2020-12-01,262.045,270.341,270.781,205.67,328.217,519.866,208.196,117.967,1.3204191315779434,1.624313961356294,3.953424983588172,-7.012388100189904,1.852616160895204,1.7599217029605985,-2.417578297102474,-3.981800275112113,2020,12
2021-01-01,262.639,270.416,271.223,211.551,328.577,521.774,210.241,119.233,1.3553199782346148,1.3872433599783962,3.8003314287026413,-3.9046637019809483,1.5734789960647477,1.9380526478253612,-1.3601388758562316,-2.6486605648407435,2021,1
2021-02-01,263.573,270.776,271.498,219.204,329.127,523.455,212.747,118.398,1.667502410800381,1.2738901148221515,3.6402226277093552,2.2912447385367685,1.431199785504944,2.044575966875084,0.6362286071087464,-3.7038844427093487,2021,2
2021-03-01,264.847,271.453,271.756,228.068,330.022,523.943,216.728,118.481,2.623645747764214,1.6472323949463519,3.4780026045037937,13.083532905925699,1.6891600419054464,1.787299681588661,5.871261156080099,-2.5313019299429196,2021,3
2021-04-01,266.625,273.626,272.761,227.637,331.231,524.39,220.726,119.495,4.137373453318349,2.965237482408023,2.399294214813996,24.673852321645672,2.108566513867527,1.4745438009172274,14.73736192332684,2.0757698714389594,2021,4
2021-05-01,268.404,275.457,273.89,230.26,332.129,523.935,225.932,120.612,4.9264665639830785,3.7846819284734767,2.1649769103944116,27.893801377471682,2.202029091647617,0.9213101365303178,19.709854662406666,5.574034522600746,2021,5
2021-06-01,270.71,277.608,276.002,234.697,333.77,523.117,233.5,121.171,5.317418943207719,4.423187598975353,2.3924794010825368,24.3533226657624,2.5643389413843254,0.43197207732492693,21.26468419248626,4.760299139757063,2021,6
2021-07-01,271.965,278.639,277.759,237.425,335.389,524.376,234.827,121.318,5.269167647240969,4.207353331662866,3.4360895535727742,23.680755967202515,2.801541154149123,0.3254412397761586,19.026909761821486,4.0677326379357615,2021,7
2021-08-01,272.752,279.021,278.985,241.446,336.052,524.785,234.912,121.569,5.181323173271246,3.9486331224713345,3.7284770427986613,24.90287470189907,2.836753554357352,0.3562672826922464,17.473033589870536,3.9877851625651273,2021,8
2021-09-01,273.942,279.727,281.299,245.525,337.358,525.098,235.987,121.124,5.363523425270289,4.013639084827814,4.555405641477384,24.818891233064733,3.154019502022676,0.41132275354862635,16.495369547617635,3.3860546104799605,2021,9
2021-10-01,276.528,281.649,283.972,254.669,338.887,527.688,241.133,122.522,6.226591220771449,4.5832621627442505,5.310157869558263,29.858295982418316,3.5019134386615525,1.29476737378178,18.650297692269845,4.578432544085764,2021,10
2021-11-01,278.824,283.411,286.057,262.745,340.516,529.529,247.735,123.62,6.865559520296194,4.974424126142218,6.090062157872089,33.36158808630727,3.8788777337469993,1.7215843493728844,21.227765408235676,5.288260895486796,2021,11
2021-12-01,280.806,285.221,287.798,267.047,341.93,531.041,252.96,124.887,7.159457345112474,5.504159561442767,6.284414342217515,29.842466086449182,4.17802856037317,2.149592394963329,21.50089338892198,5.8660472844100475,2021,12
2022-01-01,282.542,286.799,290.144,269.67,342.914,534.649,254.498,125.561,7.578082463000535,6.058443287379434,6.976178273966438,27.47280797538183,4.3633607951865105,2.467543419181495,21.05060383084174,5.307255541670508,2022,1
2022-02-01,284.525,288.256,292.978,275.672,344.727,536.283,257.932,126.129,7.949220898953979,6.455520430171058,7.911660491053341,25.760478823379152,4.739811683635797,2.450640456199671,21.238842380856138,6.529671109309287,2022,2
2022-03-01,287.467,289.044,295.713,300.345,346.465,538.973,265.504,126.456,8.540780148538584,6.480311508806325,8.815628725768732,31.69098689864427,4.982395113053073,2.868632656605774,22.505629175741014,6.731037043914223,2022,3
2022-04-01,288.582,290.474,298.363,296.071,348.242,541.35,264.608,125.96,8.235161744022502,6.157309612390649,9.386239235081263,30.062775383615147,5.135690801887516,3.23423406243446,19.880757137808878,5.410268212059077,2022,4
2022-05-01,291.299,292.039,301.684,309.418,350.221,543.521,269.626,126.53,8.530051713089225,6.019814344888674,10.147869582679192,34.377660036480506,5.447281026348194,3.7382499737562913,19.339447267319375,4.906642788445592,2022,5
2022-06-01,295.072,294.009,304.845,332.281,352.544,546.84,279.429,127.274,8.999298141923106,5.907970951845765,10.450286592126146,41.5787163875124,5.624831470773284,4.534931955948673,19.669807280513908,5.0366836949435,2022,6
2022-07-01,294.94,295.08,308.083,314.944,354.619,549.967,272.826,127.344,8.447778206754553,5.900466194610221,10.917378014753808,32.64988943877014,5.733640638184312,4.8802767479823705,16.18169971936789,4.967111228342036,2022,7
2022-08-01,295.162,296.582,310.739,298.772,357.113,553.036,266.144,127.493,8.216255059541266,6.29379150673246,11.38197394125131,23.742783065364502,6.267184840441353,5.3833474661051595,13.295191390818694,4.8729528086929985,2022,8
2022-09-01,296.421,298.281,312.835,294.581,359.631,556.558,265.777,127.712,8.205751582451759,6.632895644682146,11.210846821353782,19.980042765502493,6.602185215705569,5.991262583365398,12.623576722446582,5.439054192397874,2022,9
2022-10-01,297.979,299.381,315.023,299.791,362.298,554.071,268.176,127.76,7.757261470809462,6.295779498595766,10.934528756356276,17.71790049044053,6.908202439161126,4.999734691711777,11.21497264994835,4.275150585201026,2022,10
2022-11-01,298.708,300.316,316.5,297.403,364.655,551.402,267.192,128.386,7.131380368978291,5.9648355215570215,10.64228457964671,13.190736265200108,7.0889473622384624,4.130651956738918,7.8539568490524125,3.855363209836593,2022,11
2022-12-01,298.808,301.433,317.798,285.672,367.45,551.943,262.087,128.69,6.410831677385809,5.684013449220071,10.423977928964057,6.974427722460841,7.463515924311981,3.9360426031134876,3.6080803289057384,3.0451528181476117,2022,12
2023-01-01,300.456,302.685,319.421,292.447,369.979,550.887,263.801,129.414,6.340296309929161,5.539070917262623,10.09050678283887,8.446249119293947,7.892649468963064,3.0371327730903674,3.655431476868176,3.068627997546991,2023,1
2023-02-01,301.476,304.097,320.651,289.134,372.654,548.946,264.042,130.244,5.957648712766894,5.495462366785087,9.4454191099673,4.883339620998872,8.101193118032546,2.361253293503629,2.3688414000589075,3.262532803716822,2023,2
2023-03-01,301.643,305.123,320.797,280.323,374.754,547.054,262.546,130.443,4.931348641757127,5.562820885401543,8.482548957942338,-6.666333716226358,8.165038315558593,1.4993329907063924,-1.1141075087381047,3.1528753084076655,2023,3
2023-04-01,302.858,306.49,321.209,281.5,376.425,547.039,265.333,130.436,4.946947488062325,5.513746497104743,7.657115661124192,-4.921454651080326,8.092935372528288,1.050891290292788,0.2739902043777942,3.5535090504922318,2023,4
2023-05-01,303.316,307.623,321.933,274.466,378.323,547.452,265.1,130.833,4.125314539356473,5.336273579898587,6.711990029302162,-11.296046125306214,8.024076226154332,0.7232471238461935,-1.6786214979267355,3.4007745198767036,2023,5
2023-06-01,304.099,308.291,322.406,277.109,380.071,547.487,266.075,130.955,3.0592533347792994,4.857674424932568,5.760632452557846,-16.604018887628246,7.808103385676701,0.11831614366175636,-4.779031525002764,2.8921853638606665,2023,6
2023-07-01,304.615,308.959,323.046,275.9,381.821,547.356,265.585,131.265,3.28032820234625,4.7034702453572,4.856808067955698,-12.397124568177208,7.670767781760146,-0.4747557580727535,-2.6540725590669667,3.0790614398793714,2023,7
2023-08-01,306.138,309.646,323.957,287.508,383.031,547.848,270.492,131.268,3.7186358677607556,4.4048526208603445,4.253730622805629,-3.770098938320865,7.257646739267409,-0.9380944459311813,1.6337020560298177,2.960946875514736,2023,8
2023-09-01,307.374,310.616,324.332,293.194,385.354,548.636,272.18,130.56,3.6950823322234427,4.135362292603273,3.675100292486455,-0.47083824143444586,7.152609202210036,-1.4233916321389706,2.4091625686195606,2.230017539463791,2023,9
2023-10-01,307.653,311.433,325.424,286.478,386.705,549.746,270.184,131.257,3.2465375076767167,4.025639569645367,3.301663688048162,-4.440760396409493,6.736719496105414,-0.7805858815927991,0.7487620070401713,2.737163431433931,2023,10
2023-11-01,308.087,312.373,325.808,281.732,388.466,552.23,269.416,130.192,3.139855644977696,4.0147711077664905,2.9409162717219495,-5.269281076519061,6.529733583798403,0.15016267623257917,0.832360250306885,1.4066954340816062,2023,11
2023-12-01,308.735,313.23,326.442,280.311,390.11,554.294,269.182,130.269,3.322200208829762,3.9136391835001616,2.719966771345317,-1.8766277409056675,6.166825418424282,0.42594978104624204,2.707116339230886,1.2269795632916303,2023,12
2024-01-01,309.794,314.389,327.575,280.238,392.397,556.567,268.569,129.554,3.1079425939238847,3.866726134430176,2.5527438709414874,-4.174773548711396,6.059262823025091,1.0310644469737174,1.8074230196246432,0.1081799496190694,2024,1
2024-02-01,311.022,315.555,327.803,283.983,394.088,556.727,271.433,130.223,3.16642120765831,3.7678766972380595,2.230462403048783,-1.7815269044802795,5.751716069061397,1.4174436101182852,2.799175888684391,-0.01612358342801823,2024,2
2024-03-01,312.107,316.762,328.004,285.463,395.904,559.182,273.045,130.962,3.4690014354717524,3.8145272562212673,2.2465920815967655,1.8335990981831918,5.643702268688244,2.2169657839993917,3.998918284795816,0.39787493387914985,2024,3
2024-04-01,313.016,317.596,328.413,288.138,397.231,561.416,274.517,132.098,3.3540471111874304,3.623609253156701,2.2427765099981567,2.3580817051509717,5.5272630670120115,2.6281489985174877,3.4613108810438,1.2741881075776673,2024,4
2024-05-01,313.14,318.053,328.864,284.275,398.712,564.235,272.166,131.816,3.238866396761142,3.390513713213905,2.152932442464728,3.5738488555959513,5.389310192613195,3.065656897773694,2.6654092795171502,0.7513394938585938,2024,5
2024-06-01,313.131,318.343,329.651,279.824,399.611,565.299,269.234,131.798,2.9700853998204435,3.260555773603513,2.2471666160059023,0.9797588674492763,5.141144680862242,3.253410583265004,1.1872592314197128,0.643732579893852,2024,6
2024-07-01,313.566,318.933,330.142,278.634,401.065,564.919,268.635,131.448,2.9384633061405374,3.2282600603963596,2.1965911975384333,0.9909387459224428,5.04005803766685,3.2086978127580545,1.1484082308865329,0.1394126385556138,2024,7
2024-08-01,314.131,319.839,330.644,275.863,402.992,564.364,268.788,131.581,2.6109140322338353,3.2918235662659834,2.0641628364258313,-4.05032207799435,5.211327542679323,3.014704808633062,-0.6299631782086035,0.23844348965473827,2024,8
2024-09-01,314.851,320.835,331.716,273.238,404.062,566.497,269.122,132.886,2.432541464144644,3.289914234939606,2.27667945191965,-6.806414865242816,4.854756924801618,3.2555282555282616,-1.123521199206401,1.7815563725490202,2024,9
2024-10-01,315.564,321.688,332.418,272.629,405.642,567.835,269.319,131.706,2.5714034967967203,3.292843083424035,2.1491961256699055,-4.834228108266602,4.897014520112242,3.2904286706952,-0.32015219257987004,0.34207699398887126,2024,10
2024-11-01,316.449,322.619,333.492,272.863,407.015,569.16,270.229,131.814,2.7141684004842848,3.280053013544726,2.358444237096702,-3.1480272031576217,4.774935258169299,3.0657515890118114,0.30176381506665795,1.245852279709947,2024,11
2024-12-01,317.603,323.296,334.456,279.455,408.126,569.902,273.452,131.986,2.872366268806581,3.213613000031912,2.4549537130638788,-0.30537510122684575,4.618184614595866,2.8158341962929434,1.5862873446218506,1.318041897918909,2024,12
2025-01-01,319.086,324.739,335.671,282.481,409.653,571.234,276.799,130.16,2.999412512831112,3.2920999144371965,2.4714950774631816,0.8003910961397187,4.397587137516346,2.635262241563008,3.0643894120319093,0.46775861802799135,2025,1
2025-02-01,319.775,325.475,336.223,283.035,410.811,572.797,275.729,130.935,2.8142703731568686,3.143667506456893,2.568615906504834,-0.33382279925205927,4.243468463896383,2.8865134976388873,1.5827110189254867,0.5467544135828506,2025,2
2025-03-01,319.615,325.659,337.686,276.274,411.724,573.966,270.791,131.415,2.4055852640280317,2.8087333707957463,2.951793270813763,-3.218981093872064,3.99591820239249,2.6438619268860597,-0.8255049533959724,0.3459018646630341,2025,3
2025-04-01,320.321,326.43,337.424,278.118,413.103,576.785,270.671,131.156,2.3337465177498906,2.781521177848578,2.7438012502549958,-3.4775003644087144,3.9956599560457384,2.7375422146857176,-1.4010061307678567,-0.7131069357598219,2025,4
2025-05-01,320.58,326.854,338.386,275.406,414.155,578.236,268.815,130.599,2.3759340869898393,2.7671488714145154,2.8954218157049905,-3.1198663266203353,3.873221774112645,2.48141288647461,-1.2312338793236455,-0.9232566607999093,2025,5
2025-06-01,321.5,327.6,339.498,278.012,414.883,580.978,269.016,131.161,2.6726833178446263,2.907869813377406,2.987098476874017,-0.6475498885013531,3.821716619412374,2.773576461306315,-0.08097045692593285,-0.4833153765610998,2025,6
2025-07-01,322.132,328.656,339.652,275.044,415.851,584.77,269.099,131.253,2.7318012794754543,3.0486026845763847,2.880578660091726,-1.2884285478441337,3.6866842033086877,3.513955097987509,0.1727250730545249,-0.14834763556693664,2025,7
2025-08-01,323.364,329.793,341.208,276.936,417.669,583.832,271.635,131.912,2.9392196249335534,3.1121908210068217,3.1949770750414386,0.38896118725597617,3.642007781792178,3.4495467464260576,1.059199071387118,0.2515560757252233,2025,8
2025-09-01,324.368,330.542,342.054,281.12,418.528,585.097,273.892,132.871,3.022699626172387,3.0255427244533672,3.116521361646707,2.884664651329616,3.5801436413223753,3.283336010605531,1.772430347574705,-0.011287870806542255,2025,9
2025-11-01,325.031,331.068,342.262,284.167,419.286,585.611,274.276,131.915,3.0000253514342434,2.9158687921215565,2.9613318171699543,4.232124975699558,3.3635570281183913,3.13048684917272,1.8405682480627128,0.15868677205290727,2025,11
2025-12-01,326.03,331.86,344.693,285.016,420.983,587.88,274.156,132.694,3.0276600652869634,2.8643694264751884,3.35870125820108,4.453883450669394,3.431814552289225,3.28905755850728,1.453211905457974,0.6676073861653586,2025,12
