date,gasoline_US_days,gasoline_US_inv,gasoline_US_demand,distillate_US_days,distillate_US_inv,distillate_US_demand,week,year,gasoline_US_days_5yr_avg,gasoline_US_days_vs_avg,distillate_US_days_5yr_avg,distillate_US_days_vs_avg
2026-05-22,22.9,211.591,9.256,25.5,100.799,3.948,21,2026,,,,
2026-05-29,25.0,214.955,8.594,29.5,102.301,3.468,22,2026,,,,
2026-06-05,24.6,215.141,8.731,26.4,102.101,3.864,23,2026,,,,
2026-06-12,23.3,214.235,9.212,28.2,103.052,3.659,24,2026,,,,
2026-06-19,24.6,216.299,8.775,30.0,106.116,3.533,25,2026,,,,
2026-06-26,23.4,213.966,9.131,30.0,108.599,3.614,26,2026,,,,
2026-07-03,24.0,212.062,8.845,24.1,103.619,4.307,27,2026,,,,
2026-07-10,23.8,210.529,8.844,34.3,108.175,3.156,28,2026,,,,
2026-07-17,23.6,211.294,8.947,29.5,109.57,3.718,29,2026,,,,
2026-07-24,23.4,211.301,9.041,31.4,110.632,3.524,30,2026,,,,
2026-07-31,23.2,209.658,9.031,27.2,107.159,3.941,31,2026,,,,
2026-08-07,23.3,208.69,8.964,31.0,107.149,3.458,32,2026,,,,
2026-08-14,24.1,209.378,8.689,26.7,105.619,3.953,33,2026,,,,
2026-08-21,22.9,206.842,9.043,26.9,103.391,3.839,34,2026,,,,
2026-08-28,23.1,205.669,8.922,30.7,104.187,3.39,35,2026,,,,
2026-09-04,24.2,206.938,8.551,28.9,106.274,3.678,36,2026,,,,
2026-09-11,23.6,207.732,8.798,30.8,107.859,3.501,37,2026,,,,
2026-09-18,23.3,206.046,8.847,27.0,107.431,3.975,38,2026,,,,
2026-09-25,23.5,204.362,8.689,26.6,105.18,3.948,39,2026,,,,
2026-10-02,23.3,204.744,8.769,28.8,105.138,3.65,40,2026,,,,
