date,us_total,us_private,california,new_york,florida,illinois,pennsylvania,ohio,georgia,michigan,washington,year,month
2015-01-01,140568.0,118608.0,15813.1,9215.3,7978.3,5917.8,5812.2,5387.2,4206.8,4222.3,3104.0,2015,1
2015-02-01,140827.0,118849.0,15842.2,9218.5,8001.2,5923.3,5812.5,5391.4,4218.1,4222.3,3109.9,2015,2
2015-03-01,140923.0,118953.0,15889.0,9227.8,8023.1,5924.7,5805.0,5391.5,4223.8,4224.9,3120.4,2015,3
2015-04-01,141196.0,119191.0,15917.9,9234.5,8041.2,5949.9,5818.3,5404.9,4224.9,4227.2,3122.5,2015,4
2015-05-01,141538.0,119526.0,15964.8,9281.2,8075.5,5972.1,5834.1,5424.2,4246.2,4246.0,3132.1,2015,5
2015-06-01,141709.0,119694.0,16006.7,9293.4,8100.9,5975.8,5840.2,5425.4,4263.6,4243.1,3146.0,2015,6
2015-07-01,141991.0,119941.0,16096.6,9310.3,8126.6,5981.5,5836.3,5433.3,4267.4,4251.9,3148.2,2015,7
2015-08-01,142125.0,120065.0,16141.1,9317.4,8150.9,5978.2,5845.3,5439.4,4278.2,4255.9,3156.8,2015,8
2015-09-01,142275.0,120235.0,16160.6,9319.3,8169.3,5980.9,5845.4,5438.6,4286.7,4257.7,3164.4,2015,9
2015-10-01,142579.0,120523.0,16224.8,9346.6,8210.5,5991.2,5847.8,5446.2,4304.4,4274.4,3168.0,2015,10
2015-11-01,142808.0,120727.0,16249.7,9359.4,8237.9,5992.1,5855.2,5450.2,4307.9,4275.5,3174.5,2015,11
2015-12-01,143077.0,120980.0,16284.9,9368.7,8264.7,5998.3,5861.0,5458.2,4324.5,4287.5,3183.4,2015,12
2016-01-01,143210.0,121096.0,16308.8,9375.7,8270.0,6000.4,5854.8,5457.4,4323.9,4296.1,3193.4,2016,1
2016-02-01,143406.0,121268.0,16347.9,9384.5,8294.2,6000.5,5859.8,5462.5,4333.1,4299.0,3205.9,2016,2
2016-03-01,143662.0,121484.0,16327.7,9409.3,8314.7,5998.6,5872.5,5468.7,4332.0,4301.5,3213.2,2016,3
2016-04-01,143854.0,121670.0,16432.8,9425.0,8344.1,6010.3,5875.8,5481.6,4355.6,4326.8,3224.5,2016,4
2016-05-01,143900.0,121701.0,16452.2,9405.3,8363.6,5999.6,5871.2,5476.7,4362.7,4314.8,3233.3,2016,5
2016-06-01,144147.0,121967.0,16438.2,9417.7,8370.4,5998.7,5867.5,5466.9,4370.6,4318.0,3235.5,2016,6
2016-07-01,144520.0,122231.0,16517.3,9452.5,8417.3,6014.5,5890.7,5487.4,4381.3,4336.4,3247.7,2016,7
2016-08-01,144661.0,122377.0,16531.3,9456.6,8429.5,6013.2,5888.8,5485.2,4388.6,4332.5,3254.3,2016,8
2016-09-01,144967.0,122644.0,16567.4,9469.6,8469.0,6025.9,5902.9,5502.0,4406.5,4347.9,3265.0,2016,9
2016-10-01,145065.0,122770.0,16586.0,9468.1,8463.8,6032.0,5901.3,5498.1,4405.8,4343.8,3264.9,2016,10
2016-11-01,145183.0,122906.0,16609.8,9473.0,8478.9,6033.5,5901.4,5506.7,4418.6,4356.1,3274.6,2016,11
2016-12-01,145408.0,123104.0,16630.1,9493.0,8495.8,6029.3,5903.6,5502.1,4424.9,4352.4,3278.9,2016,12
2017-01-01,145628.0,123312.0,16634.9,9515.2,8521.9,6023.7,5914.6,5515.0,4419.5,4363.0,3279.8,2017,1
2017-02-01,145846.0,123520.0,16672.6,9524.0,8527.6,6035.5,5920.5,5515.5,4425.6,4362.1,3290.0,2017,2
2017-03-01,145970.0,123641.0,16715.8,9522.0,8545.4,6040.9,5915.5,5520.2,4438.0,4367.7,3299.2,2017,3
2017-04-01,146175.0,123840.0,16741.6,9522.6,8557.2,6042.6,5927.0,5521.3,4440.9,4374.0,3306.8,2017,4
2017-05-01,146380.0,124033.0,16798.9,9544.4,8576.7,6047.7,5934.5,5521.7,4447.1,4378.9,3313.5,2017,5
2017-06-01,146583.0,124223.0,16841.7,9562.4,8593.7,6061.2,5936.4,5528.6,4463.6,4383.3,3323.6,2017,6
2017-07-01,146772.0,124398.0,16840.6,9566.0,8600.3,6053.7,5943.0,5522.3,4463.5,4370.5,3327.2,2017,7
2017-08-01,146919.0,124609.0,16862.0,9580.2,8609.9,6068.4,5947.2,5532.6,4473.8,4380.2,3327.2,2017,8
2017-09-01,147008.0,124675.0,16912.7,9592.3,8452.4,6073.3,5961.3,5533.5,4466.7,4385.7,3333.7,2017,9
2017-10-01,147149.0,124788.0,16932.0,9600.6,8628.6,6069.7,5960.6,5539.1,4490.2,4384.9,3340.6,2017,10
2017-11-01,147372.0,124993.0,16958.8,9610.7,8652.7,6073.8,5966.6,5540.5,4492.6,4391.2,3346.3,2017,11
2017-12-01,147523.0,125139.0,17008.7,9624.3,8674.0,6083.6,5975.9,5542.0,4497.0,4392.5,3357.5,2017,12
2018-01-01,147660.0,125286.0,17042.0,9613.5,8689.1,6073.6,5975.5,5539.0,4498.7,4401.9,3372.2,2018,1
2018-02-01,148054.0,125635.0,17083.0,9645.7,8710.4,6089.6,5987.7,5552.5,4508.4,4413.7,3382.2,2018,2
2018-03-01,148280.0,125853.0,17091.6,9654.6,8736.0,6105.9,5989.2,5557.2,4523.5,4425.1,3388.6,2018,3
2018-04-01,148420.0,125976.0,17102.7,9652.8,8748.7,6084.8,5997.1,5550.4,4522.9,4415.9,3385.9,2018,4
2018-05-01,148742.0,126293.0,17125.6,9670.0,8762.4,6094.6,6002.5,5556.3,4535.1,4423.1,3394.1,2018,5
2018-06-01,148960.0,126478.0,17170.8,9698.7,8784.1,6104.7,6011.9,5568.0,4544.9,4434.5,3399.8,2018,6
2018-07-01,149020.0,126584.0,17160.0,9693.2,8791.6,6109.0,6011.9,5566.1,4552.4,4424.9,3398.6,2018,7
2018-08-01,149277.0,126809.0,17200.5,9701.7,8823.6,6111.8,6017.2,5571.7,4561.0,4430.1,3404.3,2018,8
2018-09-01,149358.0,126884.0,17230.0,9702.3,8846.2,6116.2,6028.6,5575.6,4575.1,4427.7,3411.2,2018,9
2018-10-01,149527.0,127048.0,17258.8,9732.0,8848.1,6109.9,6035.7,5577.8,4570.3,4442.1,3421.3,2018,10
2018-11-01,149617.0,127144.0,17274.4,9738.5,8866.6,6115.6,6035.7,5575.8,4577.4,4443.1,3425.6,2018,11
2018-12-01,149809.0,127298.0,17321.4,9746.3,8873.7,6111.5,6036.0,5575.9,4578.9,4440.9,3427.2,2018,12
2019-01-01,150060.0,127552.0,17319.7,9760.6,8896.2,6112.8,6044.8,5585.3,4603.1,4438.1,3442.4,2019,1
2019-02-01,150067.0,127542.0,17332.2,9766.7,8916.2,6110.6,6042.7,5583.4,4609.2,4439.8,3422.9,2019,2
2019-03-01,150295.0,127726.0,17355.4,9782.2,8929.3,6113.3,6051.4,5588.3,4613.3,4445.8,3444.5,2019,3
2019-04-01,150591.0,127972.0,17360.0,9793.7,8937.4,6127.4,6058.2,5592.0,4615.4,4444.1,3457.0,2019,4
2019-05-01,150618.0,128056.0,17385.1,9793.8,8943.1,6131.5,6061.0,5594.3,4623.4,4444.5,3464.9,2019,5
2019-06-01,150838.0,128234.0,17423.1,9801.5,8956.0,6133.5,6059.6,5597.2,4629.1,4442.9,3469.7,2019,6
2019-07-01,150937.0,128365.0,17432.1,9787.5,8969.2,6132.9,6067.0,5598.9,4633.4,4440.7,3475.8,2019,7
2019-08-01,151169.0,128544.0,17465.1,9788.1,8996.2,6131.7,6082.1,5602.2,4642.3,4448.8,3478.2,2019,8
2019-09-01,151365.0,128712.0,17478.0,9806.9,8990.9,6129.7,6079.0,5599.3,4649.5,4448.8,3480.1,2019,9
2019-10-01,151460.0,128790.0,17498.9,9796.3,9025.1,6128.9,6079.1,5599.2,4649.0,4424.3,3485.2,2019,10
2019-11-01,151667.0,128958.0,17559.8,9812.9,9049.2,6124.1,6084.1,5607.3,4655.0,4450.2,3490.6,2019,11
2019-12-01,151794.0,129068.0,17576.0,9811.6,9067.0,6128.7,6084.3,5609.6,4664.6,4460.9,3502.5,2019,12
2020-01-01,152031.0,129250.0,17638.1,9830.7,9074.6,6140.9,6087.9,5612.1,4676.5,4449.4,3507.1,2020,1
2020-02-01,152293.0,129436.0,17660.9,9837.9,9083.6,6137.7,6083.8,5608.5,4675.2,4449.9,3512.9,2020,2
2020-03-01,150895.0,128068.0,17483.6,9723.8,9023.7,6085.0,6036.7,5558.2,4652.7,4418.4,3491.3,2020,3
2020-04-01,130426.0,108517.0,14921.5,7855.4,7804.3,5322.3,4961.0,4728.4,4066.0,3395.3,3096.9,2020,4
2020-05-01,133040.0,111647.0,15109.0,8012.7,8044.5,5339.0,5163.2,4903.9,4196.9,3524.3,3086.6,2020,5
2020-06-01,137671.0,116259.0,15627.3,8253.2,8331.6,5454.7,5373.3,5135.4,4305.1,3856.1,3166.5,2020,6
2020-07-01,139255.0,117741.0,15669.4,8370.2,8373.1,5567.5,5496.3,5187.6,4332.6,3975.0,3210.2,2020,7
2020-08-01,140821.0,118821.0,15761.7,8577.7,8414.4,5640.7,5552.1,5229.6,4380.5,4037.6,3242.7,2020,8
2020-09-01,141770.0,119841.0,15914.6,8780.9,8478.8,5662.9,5604.7,5276.5,4401.5,4082.2,3261.3,2020,9
2020-10-01,142460.0,120655.0,16117.7,8848.4,8554.1,5694.3,5639.0,5302.6,4443.5,4119.9,3269.5,2020,10
2020-11-01,142733.0,121050.0,16185.4,8860.3,8589.3,5663.2,5647.6,5312.0,4464.7,4115.7,3277.6,2020,11
2020-12-01,142548.0,120870.0,16104.1,8831.7,8630.2,5656.0,5606.1,5315.6,4492.7,4051.8,3258.7,2020,12
2021-01-01,142863.0,121122.0,16006.0,8831.8,8673.2,5692.3,5638.7,5333.9,4501.5,4084.5,3261.7,2021,1
2021-02-01,143380.0,121626.0,16209.9,8857.4,8710.1,5722.6,5654.7,5330.2,4509.3,4139.0,3284.4,2021,2
2021-03-01,144232.0,122388.0,16343.3,8913.4,8760.6,5752.2,5696.5,5348.3,4527.6,4159.8,3308.6,2021,3
2021-04-01,144587.0,122694.0,16498.8,8957.4,8766.7,5771.7,5703.9,5341.6,4529.4,4140.3,3329.4,2021,4
2021-05-01,145065.0,123136.0,16609.9,8977.8,8831.1,5765.3,5722.4,5350.5,4553.1,4149.8,3342.2,2021,5
2021-06-01,145820.0,123789.0,16680.2,8998.5,8884.4,5781.4,5744.1,5366.6,4574.8,4168.4,3351.9,2021,6
2021-07-01,146762.0,124723.0,16878.8,9066.0,8972.1,5820.9,5777.9,5409.1,4627.5,4211.6,3381.0,2021,7
2021-08-01,147314.0,125178.0,16971.9,9087.7,8992.2,5826.9,5791.2,5414.2,4625.6,4217.0,3396.8,2021,8
2021-09-01,147771.0,125669.0,16967.5,9153.9,9040.2,5837.3,5791.0,5394.1,4631.9,4228.1,3411.9,2021,9
2021-10-01,148572.0,126545.0,17212.1,9279.5,9134.4,5898.1,5845.5,5445.1,4687.7,4281.8,3446.9,2021,10
2021-11-01,149230.0,127184.0,17277.9,9317.8,9171.9,5919.9,5869.8,5462.8,4702.7,4298.4,3456.0,2021,11
2021-12-01,149816.0,127754.0,17347.1,9359.1,9203.4,5951.3,5890.3,5471.1,4714.9,4306.8,3463.2,2021,12
2022-01-01,150006.0,127957.0,17352.9,9343.4,9219.5,5953.0,5893.2,5478.3,4722.6,4307.2,3460.0,2022,1
2022-02-01,150825.0,128793.0,17494.0,9414.2,9278.9,5976.8,5930.5,5495.1,4752.2,4328.2,3492.1,2022,2
2022-03-01,151315.0,129282.0,17558.4,9434.4,9298.2,5989.3,5947.4,5505.8,4760.3,4345.9,3500.8,2022,3
2022-04-01,151623.0,129554.0,17616.9,9441.1,9363.6,6013.0,5967.7,5529.2,4789.1,4366.2,3504.5,2022,4
2022-05-01,151924.0,129799.0,17641.4,9468.0,9398.1,6011.3,5976.9,5527.7,4795.9,4359.4,3509.9,2022,5
2022-06-01,152358.0,130216.0,17688.3,9498.4,9414.6,6020.8,5975.1,5525.6,4803.4,4360.7,3508.0,2022,6
2022-07-01,153072.0,130766.0,17738.0,9567.7,9488.8,6061.9,6008.3,5548.3,4836.5,4386.9,3542.7,2022,7
2022-08-01,153362.0,131056.0,17775.2,9590.0,9520.8,6068.0,6012.3,5551.5,4835.8,4388.5,3555.2,2022,8
2022-09-01,153582.0,131285.0,17791.9,9586.7,9564.2,6071.5,6022.4,5554.9,4850.8,4390.5,3553.5,2022,9
2022-10-01,153939.0,131646.0,17779.4,9603.8,9559.7,6071.3,6026.3,5561.1,4860.0,4395.0,3560.7,2022,10
2022-11-01,154242.0,131863.0,17794.6,9617.4,9567.1,6078.4,6030.4,5563.8,4867.4,4406.2,3559.5,2022,11
2022-12-01,154342.0,131977.0,17803.6,9614.9,9601.5,6070.9,6036.0,5565.3,4872.7,4409.9,3559.0,2022,12
2023-01-01,154776.0,132292.0,17755.9,9654.2,9646.2,6112.0,6061.8,5593.0,4890.4,4430.1,3581.6,2023,1
2023-02-01,155066.0,132528.0,17782.6,9658.1,9665.2,6109.8,6062.1,5599.2,4895.0,4433.1,3588.1,2023,2
2023-03-01,155134.0,132554.0,17774.8,9666.9,9688.7,6114.9,6068.0,5603.1,4899.7,4439.3,3584.5,2023,3
2023-04-01,155375.0,132733.0,17763.8,9665.3,9714.8,6109.8,6071.4,5601.7,4891.9,4452.5,3588.2,2023,4
2023-05-01,155655.0,132933.0,17820.0,9699.0,9741.5,6108.2,6071.5,5608.1,4893.9,4468.0,3591.1,2023,5
2023-06-01,155880.0,133088.0,17848.4,9731.9,9780.6,6149.4,6092.7,5630.7,4911.8,4473.8,3600.6,2023,6
2023-07-01,156043.0,133206.0,17804.8,9732.5,9779.0,6125.0,6090.2,5627.1,4906.9,4481.6,3588.8,2023,7
2023-08-01,156261.0,133354.0,17835.9,9737.6,9793.9,6122.6,6098.0,5630.0,4917.1,4472.8,3591.4,2023,8
2023-09-01,156417.0,133469.0,17880.5,9750.3,9823.6,6132.2,6101.7,5636.6,4931.1,4483.0,3593.8,2023,9
2023-10-01,156576.0,133583.0,17844.9,9750.3,9847.1,6116.6,6099.0,5624.8,4927.2,4455.3,3592.1,2023,10
2023-11-01,156703.0,133667.0,17858.6,9756.7,9853.6,6121.4,6104.2,5626.5,4936.8,4463.5,3596.7,2023,11
2023-12-01,156857.0,133766.0,17909.1,9785.8,9869.7,6117.9,6114.3,5634.0,4943.5,4479.1,3601.3,2023,12
2024-01-01,157032.0,133892.0,18027.0,9796.3,9884.6,6121.1,6115.1,5642.4,4941.7,4474.4,3597.2,2024,1
2024-02-01,157238.0,134027.0,17955.8,9809.5,9895.7,6125.5,6122.2,5645.4,4944.5,4481.5,3609.6,2024,2
2024-03-01,157466.0,134170.0,17968.5,9838.1,9913.4,6137.8,6130.5,5655.4,4964.0,4490.2,3613.5,2024,3
2024-04-01,157530.0,134233.0,17936.3,9866.2,9923.9,6137.7,6126.0,5649.1,4965.2,4485.9,3611.6,2024,4
2024-05-01,157608.0,134278.0,17933.6,9879.3,9932.1,6145.5,6132.1,5656.2,4976.1,4492.7,3616.8,2024,5
2024-06-01,157695.0,134356.0,17928.7,9909.1,9936.5,6144.4,6137.8,5664.8,4977.7,4490.7,3616.8,2024,6
2024-07-01,157748.0,134348.0,17948.8,9880.7,9945.1,6154.4,6137.2,5656.9,4970.9,4479.8,3621.5,2024,7
2024-08-01,157757.0,134321.0,17964.9,9887.0,9960.2,6156.5,6146.6,5656.4,4972.4,4497.3,3623.5,2024,8
2024-09-01,157912.0,134463.0,17988.8,9922.7,9986.5,6155.7,6153.9,5666.4,4974.6,4498.0,3635.4,2024,9
2024-10-01,157945.0,134459.0,18052.1,9916.8,9876.9,6153.5,6156.4,5663.7,4975.0,4481.5,3597.4,2024,10
2024-11-01,158079.0,134575.0,18049.3,9930.2,9974.4,6152.9,6156.1,5668.0,4982.6,4486.4,3627.8,2024,11
2024-12-01,158316.0,134787.0,18005.9,9943.6,9979.3,6155.1,6161.2,5669.0,4987.2,4485.5,3635.5,2024,12
2025-01-01,158268.0,134711.0,18024.8,9961.8,9995.9,6158.9,6166.4,5656.6,4975.0,4477.7,3635.9,2025,1
2025-02-01,158310.0,134751.0,18003.9,9968.7,10005.9,6157.1,6159.8,5663.6,4983.0,4483.3,3631.1,2025,2
2025-03-01,158377.0,134818.0,18009.5,9986.9,10015.6,6149.8,6166.2,5663.5,4980.3,4484.7,3628.9,2025,3
2025-04-01,158485.0,134917.0,18058.2,9933.8,10017.1,6163.3,6166.9,5670.5,4993.3,4486.9,3638.2,2025,4
2025-05-01,158498.0,134937.0,18063.2,9953.6,10013.3,6167.1,6173.3,5673.7,4993.8,4495.5,3644.8,2025,5
2025-06-01,158478.0,134892.0,18037.6,9948.9,10002.6,6155.2,6175.1,5665.4,4982.9,4488.4,3642.0,2025,6
2025-07-01,158542.0,134957.0,18020.3,9940.1,9996.3,6164.5,6169.2,5672.6,4993.2,4490.2,3635.3,2025,7
2025-08-01,158472.0,134937.0,18038.7,9946.5,9992.6,6160.6,6172.1,5678.8,4993.0,4488.1,3631.8,2025,8
2025-09-01,158548.0,135005.0,18022.3,9951.7,9985.6,6150.7,6167.6,5669.6,4983.2,4485.4,3630.1,2025,9
2025-10-01,158408.0,135018.0,18024.0,9945.9,9943.0,6143.8,6176.2,5659.7,4971.0,4479.3,3633.6,2025,10
2025-11-01,158449.0,135090.0,18059.0,9956.9,9947.2,6137.2,6174.0,5660.2,4974.6,4478.0,3635.6,2025,11
2025-12-01,158432.0,135083.0,18062.5,9983.3,9953.9,6148.8,6184.0,5663.4,4983.1,4478.8,3639.3,2025,12
2026-01-01,158592.0,135263.0,18144.3,10000.6,9967.4,6155.0,6197.6,5673.9,4981.4,4475.2,3639.3,2026,1
2026-02-01,158459.0,135134.0,18125.5,9977.1,9965.1,6137.1,6177.1,5669.2,4978.1,4470.5,3637.2,2026,2
2026-03-01,158637.0,135320.0,18154.2,9978.5,9993.2,6145.5,6189.6,5681.7,4982.8,4475.9,3638.0,2026,3
