date,housing_starts,building_permits,new_home_sales,median_home_price,case_shiller,mortgage_rate_30yr,mortgage_rate_15yr,existing_home_sales,case_shiller_yoy,year,month
2015-01-01,1085.0,1049.0,515.0,289200.0,166.23,,,,,2015,1
2015-01-08,,,,,,3.73,3.05,,,2015,1
2015-01-15,,,,,,3.66,2.98,,,2015,1
2015-01-22,,,,,,3.63,2.93,,,2015,1
2015-01-29,,,,,,3.66,2.98,,,2015,1
2015-02-01,886.0,1127.0,540.0,,166.609,,,,,2015,2
2015-02-05,,,,,,3.59,2.92,,,2015,2
2015-02-12,,,,,,3.69,2.99,,,2015,2
2015-02-19,,,,,,3.76,3.05,,,2015,2
2015-02-26,,,,,,3.8,3.07,,,2015,2
2015-03-01,960.0,1072.0,480.0,,168.068,,,,,2015,3
2015-03-05,,,,,,3.75,3.03,,,2015,3
2015-03-12,,,,,,3.86,3.1,,,2015,3
2015-03-19,,,,,,3.78,3.06,,,2015,3
2015-03-26,,,,,,3.69,2.97,,,2015,3
2015-04-01,1190.0,1166.0,502.0,289100.0,169.954,,,,,2015,4
2015-04-02,,,,,,3.7,2.98,,,2015,4
2015-04-09,,,,,,3.66,2.93,,,2015,4
2015-04-16,,,,,,3.67,2.94,,,2015,4
2015-04-23,,,,,,3.65,2.92,,,2015,4
2015-04-30,,,,,,3.68,2.94,,,2015,4
2015-05-01,1079.0,1272.0,502.0,,171.835,,,,,2015,5
2015-05-07,,,,,,3.8,3.02,,,2015,5
2015-05-14,,,,,,3.85,3.07,,,2015,5
2015-05-21,,,,,,3.84,3.05,,,2015,5
2015-05-28,,,,,,3.87,3.11,,,2015,5
2015-06-01,1205.0,1379.0,480.0,,173.432,,,,,2015,6
2015-06-04,,,,,,3.87,3.08,,,2015,6
2015-06-11,,,,,,4.04,3.25,,,2015,6
2015-06-18,,,,,,4.0,3.23,,,2015,6
2015-06-25,,,,,,4.02,3.21,,,2015,6
2015-07-01,1146.0,1140.0,506.0,295800.0,174.474,,,,,2015,7
2015-07-02,,,,,,4.08,3.24,,,2015,7
2015-07-09,,,,,,4.04,3.2,,,2015,7
2015-07-16,,,,,,4.09,3.25,,,2015,7
2015-07-23,,,,,,4.04,3.21,,,2015,7
2015-07-30,,,,,,3.98,3.17,,,2015,7
2015-08-01,1130.0,1165.0,518.0,,174.913,,,,,2015,8
2015-08-06,,,,,,3.91,3.13,,,2015,8
2015-08-13,,,,,,3.94,3.17,,,2015,8
2015-08-20,,,,,,3.93,3.15,,,2015,8
2015-08-27,,,,,,3.84,3.06,,,2015,8
2015-09-01,1224.0,1144.0,456.0,,175.018,,,,,2015,9
2015-09-03,,,,,,3.89,3.09,,,2015,9
2015-09-10,,,,,,3.9,3.1,,,2015,9
2015-09-17,,,,,,3.91,3.11,,,2015,9
2015-09-24,,,,,,3.86,3.08,,,2015,9
2015-10-01,1058.0,1160.0,482.0,302500.0,175.022,3.85,3.07,,,2015,10
2015-10-08,,,,,,3.76,2.99,,,2015,10
2015-10-15,,,,,,3.82,3.03,,,2015,10
2015-10-22,,,,,,3.79,2.98,,,2015,10
2015-10-29,,,,,,3.76,2.98,,,2015,10
2015-11-01,1172.0,1244.0,504.0,,175.113,,,,,2015,11
2015-11-05,,,,,,3.87,3.09,,,2015,11
2015-11-12,,,,,,3.98,3.2,,,2015,11
2015-11-19,,,,,,3.97,3.18,,,2015,11
2015-11-25,,,,,,3.95,3.18,,,2015,11
2015-12-01,1146.0,1211.0,546.0,,175.086,,,,,2015,12
2015-12-03,,,,,,3.93,3.16,,,2015,12
2015-12-10,,,,,,3.95,3.19,,,2015,12
2015-12-17,,,,,,3.97,3.22,,,2015,12
2015-12-24,,,,,,3.96,3.22,,,2015,12
2015-12-31,,,,,,4.01,3.24,,,2015,12
2016-01-01,1092.0,1171.0,505.0,299800.0,175.011,,,,,2016,1
2016-01-07,,,,,,3.97,3.26,,,2016,1
2016-01-14,,,,,,3.92,3.19,,,2016,1
2016-01-21,,,,,,3.81,3.1,,,2016,1
2016-01-28,,,,,,3.79,3.07,,,2016,1
2016-02-01,1225.0,1172.0,517.0,,175.259,,,,,2016,2
2016-02-04,,,,,,3.72,3.01,,,2016,2
2016-02-11,,,,,,3.65,2.95,,,2016,2
2016-02-18,,,,,,3.65,2.95,,,2016,2
2016-02-25,,,,,,3.62,2.93,,,2016,2
2016-03-01,1111.0,1118.0,532.0,,176.58,,,,,2016,3
2016-03-03,,,,,,3.64,2.94,,,2016,3
2016-03-10,,,,,,3.68,2.96,,,2016,3
2016-03-17,,,,,,3.73,2.99,,,2016,3
2016-03-24,,,,,,3.71,2.96,,,2016,3
2016-03-31,,,,,,3.71,2.98,,,2016,3
2016-04-01,1163.0,1160.0,576.0,306000.0,178.474,,,,,2016,4
2016-04-07,,,,,,3.59,2.88,,,2016,4
2016-04-14,,,,,,3.58,2.86,,,2016,4
2016-04-21,,,,,,3.59,2.85,,,2016,4
2016-04-28,,,,,,3.66,2.89,,,2016,4
2016-05-01,1148.0,1205.0,571.0,,180.322,,,,,2016,5
2016-05-05,,,,,,3.61,2.86,,,2016,5
2016-05-12,,,,,,3.57,2.81,,,2016,5
2016-05-19,,,,,,3.58,2.81,,,2016,5
2016-05-26,,,,,,3.64,2.89,,,2016,5
2016-06-01,1203.0,1208.0,557.0,,181.896,,,,,2016,6
2016-06-02,,,,,,3.66,2.92,,,2016,6
2016-06-09,,,,,,3.6,2.87,,,2016,6
2016-06-16,,,,,,3.54,2.81,,,2016,6
2016-06-23,,,,,,3.56,2.83,,,2016,6
2016-06-30,,,,,,3.48,2.78,,,2016,6
2016-07-01,1239.0,1198.0,628.0,303800.0,183.0,,,,,2016,7
2016-07-07,,,,,,3.41,2.74,,,2016,7
2016-07-14,,,,,,3.42,2.72,,,2016,7
2016-07-21,,,,,,3.45,2.75,,,2016,7
2016-07-28,,,,,,3.48,2.78,,,2016,7
2016-08-01,1171.0,1201.0,575.0,,183.638,,,,,2016,8
2016-08-04,,,,,,3.43,2.74,,,2016,8
2016-08-11,,,,,,3.45,2.76,,,2016,8
2016-08-18,,,,,,3.43,2.74,,,2016,8
2016-08-25,,,,,,3.43,2.74,,,2016,8
2016-09-01,1068.0,1303.0,558.0,,183.925,3.46,2.77,,,2016,9
2016-09-08,,,,,,3.44,2.76,,,2016,9
2016-09-15,,,,,,3.5,2.77,,,2016,9
2016-09-22,,,,,,3.48,2.76,,,2016,9
2016-09-29,,,,,,3.42,2.72,,,2016,9
2016-10-01,1313.0,1254.0,575.0,310900.0,183.993,,,,,2016,10
2016-10-06,,,,,,3.42,2.72,,,2016,10
2016-10-13,,,,,,3.47,2.76,,,2016,10
2016-10-20,,,,,,3.52,2.79,,,2016,10
2016-10-27,,,,,,3.47,2.78,,,2016,10
2016-11-01,1140.0,1230.0,571.0,,184.202,,,,,2016,11
2016-11-03,,,,,,3.54,2.84,,,2016,11
2016-11-10,,,,,,3.57,2.88,,,2016,11
2016-11-17,,,,,,3.94,3.14,,,2016,11
2016-11-23,,,,,,4.03,3.25,,,2016,11
2016-12-01,1252.0,1248.0,561.0,,184.374,4.08,3.34,,,2016,12
2016-12-08,,,,,,4.13,3.36,,,2016,12
2016-12-15,,,,,,4.16,3.37,,,2016,12
2016-12-22,,,,,,4.3,3.52,,,2016,12
2016-12-29,,,,,,4.32,3.55,,,2016,12
2017-01-01,1190.0,1303.0,573.0,313100.0,184.628,,,,,2017,1
2017-01-05,,,,,,4.2,3.44,,,2017,1
2017-01-12,,,,,,4.12,3.37,,,2017,1
2017-01-19,,,,,,4.09,3.34,,,2017,1
2017-01-26,,,,,,4.19,3.4,,,2017,1
2017-02-01,1271.0,1234.0,587.0,,184.995,,,,,2017,2
2017-02-02,,,,,,4.19,3.41,,,2017,2
2017-02-09,,,,,,4.17,3.39,,,2017,2
2017-02-16,,,,,,4.15,3.35,,,2017,2
2017-02-23,,,,,,4.16,3.37,,,2017,2
2017-03-01,1190.0,1272.0,632.0,,186.504,,,,,2017,3
2017-03-02,,,,,,4.1,3.32,,,2017,3
2017-03-09,,,,,,4.21,3.42,,,2017,3
2017-03-16,,,,,,4.3,3.5,,,2017,3
2017-03-23,,,,,,4.23,3.44,,,2017,3
2017-03-30,,,,,,4.14,3.39,,,2017,3
2017-04-01,1146.0,1251.0,598.0,318200.0,188.518,,,,,2017,4
2017-04-06,,,,,,4.1,3.36,,,2017,4
2017-04-13,,,,,,4.08,3.34,,,2017,4
2017-04-20,,,,,,3.97,3.23,,,2017,4
2017-04-27,,,,,,4.03,3.27,,,2017,4
2017-05-01,1157.0,1208.0,635.0,,190.513,,,,,2017,5
2017-05-04,,,,,,4.02,3.27,,,2017,5
2017-05-11,,,,,,4.05,3.29,,,2017,5
2017-05-18,,,,,,4.02,3.27,,,2017,5
2017-05-25,,,,,,3.95,3.19,,,2017,5
2017-06-01,1249.0,1353.0,619.0,,192.24,3.94,3.19,,,2017,6
2017-06-08,,,,,,3.89,3.16,,,2017,6
2017-06-15,,,,,,3.91,3.18,,,2017,6
2017-06-22,,,,,,3.9,3.17,,,2017,6
2017-06-29,,,,,,3.88,3.17,,,2017,6
2017-07-01,1206.0,1256.0,572.0,320500.0,193.484,,,,,2017,7
2017-07-06,,,,,,3.96,3.22,,,2017,7
2017-07-13,,,,,,4.03,3.29,,,2017,7
2017-07-20,,,,,,3.96,3.23,,,2017,7
2017-07-27,,,,,,3.92,3.2,,,2017,7
2017-08-01,1159.0,1319.0,556.0,,194.318,,,,,2017,8
2017-08-03,,,,,,3.93,3.18,,,2017,8
2017-08-10,,,,,,3.9,3.18,,,2017,8
2017-08-17,,,,,,3.89,3.16,,,2017,8
2017-08-24,,,,,,3.86,3.16,,,2017,8
2017-08-31,,,,,,3.82,3.12,,,2017,8
2017-09-01,1181.0,1273.0,637.0,,194.786,,,,,2017,9
2017-09-07,,,,,,3.78,3.08,,,2017,9
2017-09-14,,,,,,3.78,3.08,,,2017,9
2017-09-21,,,,,,3.83,3.13,,,2017,9
2017-09-28,,,,,,3.83,3.13,,,2017,9
2017-10-01,1257.0,1356.0,626.0,337900.0,195.049,,,,,2017,10
2017-10-05,,,,,,3.85,3.15,,,2017,10
2017-10-12,,,,,,3.91,3.21,,,2017,10
2017-10-19,,,,,,3.88,3.19,,,2017,10
2017-10-26,,,,,,3.94,3.25,,,2017,10
2017-11-01,1273.0,1299.0,711.0,,195.412,,,,,2017,11
2017-11-02,,,,,,3.94,3.27,,,2017,11
2017-11-09,,,,,,3.9,3.24,,,2017,11
2017-11-16,,,,,,3.95,3.31,,,2017,11
2017-11-22,,,,,,3.92,3.32,,,2017,11
2017-11-30,,,,,,3.9,3.3,,,2017,11
2017-12-01,1177.0,1311.0,630.0,,195.808,,,,,2017,12
2017-12-07,,,,,,3.94,3.36,,,2017,12
2017-12-14,,,,,,3.93,3.36,,,2017,12
2017-12-21,,,,,,3.94,3.38,,,2017,12
2017-12-28,,,,,,3.99,3.44,,,2017,12
2018-01-01,1299.0,1317.0,590.0,331800.0,196.08,,,,,2018,1
2018-01-04,,,,,,3.95,3.38,,,2018,1
2018-01-11,,,,,,3.99,3.44,,,2018,1
2018-01-18,,,,,,4.04,3.49,,,2018,1
2018-01-25,,,,,,4.15,3.62,,,2018,1
2018-02-01,1277.0,1321.0,618.0,,196.871,4.22,3.68,,,2018,2
2018-02-08,,,,,,4.32,3.77,,,2018,2
2018-02-15,,,,,,4.38,3.84,,,2018,2
2018-02-22,,,,,,4.4,3.85,,,2018,2
2018-03-01,1318.0,1385.0,679.0,,198.538,4.43,3.9,,,2018,3
2018-03-08,,,,,,4.46,3.94,,,2018,3
2018-03-15,,,,,,4.44,3.9,,,2018,3
2018-03-22,,,,,,4.45,3.91,,,2018,3
2018-03-29,,,,,,4.44,3.9,,,2018,3
2018-04-01,1276.0,1378.0,642.0,315600.0,200.576,,,,,2018,4
2018-04-05,,,,,,4.4,3.87,,,2018,4
2018-04-12,,,,,,4.42,3.87,,,2018,4
2018-04-19,,,,,,4.47,3.94,,,2018,4
2018-04-26,,,,,,4.58,4.02,,,2018,4
2018-05-01,1357.0,1338.0,662.0,,202.413,,,,,2018,5
2018-05-03,,,,,,4.55,4.03,,,2018,5
2018-05-10,,,,,,4.55,4.01,,,2018,5
2018-05-17,,,,,,4.61,4.08,,,2018,5
2018-05-24,,,,,,4.66,4.15,,,2018,5
2018-05-31,,,,,,4.56,4.06,,,2018,5
2018-06-01,1192.0,1345.0,636.0,,204.006,,,,,2018,6
2018-06-07,,,,,,4.54,4.01,,,2018,6
2018-06-14,,,,,,4.62,4.07,,,2018,6
2018-06-21,,,,,,4.57,4.04,,,2018,6
2018-06-28,,,,,,4.55,4.04,,,2018,6
2018-07-01,1208.0,1334.0,628.0,330900.0,204.915,,,,,2018,7
2018-07-05,,,,,,4.52,3.99,,,2018,7
2018-07-12,,,,,,4.53,4.02,,,2018,7
2018-07-19,,,,,,4.52,4.0,,,2018,7
2018-07-26,,,,,,4.54,4.02,,,2018,7
2018-08-01,1288.0,1273.0,593.0,,205.293,,,,,2018,8
2018-08-02,,,,,,4.6,4.08,,,2018,8
2018-08-09,,,,,,4.59,4.05,,,2018,8
2018-08-16,,,,,,4.53,4.01,,,2018,8
2018-08-23,,,,,,4.51,3.98,,,2018,8
2018-08-30,,,,,,4.52,3.97,,,2018,8
2018-09-01,1250.0,1314.0,595.0,,205.341,,,,,2018,9
2018-09-06,,,,,,4.54,3.99,,,2018,9
2018-09-13,,,,,,4.6,4.06,,,2018,9
2018-09-20,,,,,,4.65,4.11,,,2018,9
2018-09-27,,,,,,4.72,4.16,,,2018,9
2018-10-01,1221.0,1272.0,554.0,322800.0,205.338,,,,,2018,10
2018-10-04,,,,,,4.71,4.15,,,2018,10
2018-10-11,,,,,,4.9,4.29,,,2018,10
2018-10-18,,,,,,4.85,4.26,,,2018,10
2018-10-25,,,,,,4.86,4.29,,,2018,10
2018-11-01,1181.0,1340.0,625.0,,205.076,4.83,4.23,,,2018,11
2018-11-08,,,,,,4.94,4.33,,,2018,11
2018-11-15,,,,,,4.94,4.36,,,2018,11
2018-11-21,,,,,,4.81,4.24,,,2018,11
2018-11-29,,,,,,4.81,4.25,,,2018,11
2018-12-01,1095.0,1317.0,546.0,,204.666,,,,,2018,12
2018-12-06,,,,,,4.75,4.21,,,2018,12
2018-12-13,,,,,,4.63,4.07,,,2018,12
2018-12-20,,,,,,4.62,4.07,,,2018,12
2018-12-27,,,,,,4.55,4.01,,,2018,12
2019-01-01,1226.0,1254.0,595.0,313000.0,204.167,,,,,2019,1
2019-01-03,,,,,,4.51,3.99,,,2019,1
2019-01-10,,,,,,4.45,3.89,,,2019,1
2019-01-17,,,,,,4.45,3.88,,,2019,1
2019-01-24,,,,,,4.45,3.88,,,2019,1
2019-01-31,,,,,,4.46,3.89,,,2019,1
2019-02-01,1121.0,1286.0,648.0,,204.391,,,,,2019,2
2019-02-07,,,,,,4.41,3.84,,,2019,2
2019-02-14,,,,,,4.37,3.81,,,2019,2
2019-02-21,,,,,,4.35,3.78,,,2019,2
2019-02-28,,,,,,4.35,3.77,,,2019,2
2019-03-01,1191.0,1295.0,718.0,,205.737,,,,,2019,3
2019-03-07,,,,,,4.41,3.83,,,2019,3
2019-03-14,,,,,,4.31,3.76,,,2019,3
2019-03-21,,,,,,4.28,3.71,,,2019,3
2019-03-28,,,,,,4.06,3.57,,,2019,3
2019-04-01,1272.0,1322.0,702.0,322500.0,207.65,,,,,2019,4
2019-04-04,,,,,,4.08,3.56,,,2019,4
2019-04-11,,,,,,4.12,3.6,,,2019,4
2019-04-18,,,,,,4.17,3.62,,,2019,4
2019-04-25,,,,,,4.2,3.64,,,2019,4
2019-05-01,1293.0,1347.0,618.0,,209.313,,,,,2019,5
2019-05-02,,,,,,4.14,3.6,,,2019,5
2019-05-09,,,,,,4.1,3.57,,,2019,5
2019-05-16,,,,,,4.07,3.53,,,2019,5
2019-05-23,,,,,,4.06,3.51,,,2019,5
2019-05-30,,,,,,3.99,3.46,,,2019,5
2019-06-01,1243.0,1299.0,729.0,,210.548,,,,,2019,6
2019-06-06,,,,,,3.82,3.28,,,2019,6
2019-06-13,,,,,,3.82,3.26,,,2019,6
2019-06-20,,,,,,3.84,3.25,,,2019,6
2019-06-27,,,,,,3.73,3.16,,,2019,6
2019-07-01,1240.0,1379.0,648.0,318400.0,211.298,,,,,2019,7
2019-07-03,,,,,,3.75,3.18,,,2019,7
2019-07-11,,,,,,3.75,3.22,,,2019,7
2019-07-18,,,,,,3.81,3.23,,,2019,7
2019-07-25,,,,,,3.75,3.18,,,2019,7
2019-08-01,1375.0,1482.0,712.0,,211.656,3.75,3.2,,,2019,8
2019-08-08,,,,,,3.6,3.05,,,2019,8
2019-08-15,,,,,,3.6,3.07,,,2019,8
2019-08-22,,,,,,3.55,3.03,,,2019,8
2019-08-29,,,,,,3.58,3.06,,,2019,8
2019-09-01,1311.0,1469.0,712.0,,211.835,,,,,2019,9
2019-09-05,,,,,,3.49,3.0,,,2019,9
2019-09-12,,,,,,3.56,3.09,,,2019,9
2019-09-19,,,,,,3.73,3.21,,,2019,9
2019-09-26,,,,,,3.64,3.16,,,2019,9
2019-10-01,1325.0,1523.0,722.0,327100.0,211.928,,,,,2019,10
2019-10-03,,,,,,3.65,3.14,,,2019,10
2019-10-10,,,,,,3.57,3.05,,,2019,10
2019-10-17,,,,,,3.69,3.15,,,2019,10
2019-10-24,,,,,,3.75,3.18,,,2019,10
2019-10-31,,,,,,3.78,3.19,,,2019,10
2019-11-01,1353.0,1535.0,713.0,,212.067,,,,,2019,11
2019-11-07,,,,,,3.69,3.13,,,2019,11
2019-11-14,,,,,,3.75,3.2,,,2019,11
2019-11-21,,,,,,3.66,3.15,,,2019,11
2019-11-27,,,,,,3.68,3.15,,,2019,11
2019-12-01,1548.0,1443.0,700.0,,212.199,,,,,2019,12
2019-12-05,,,,,,3.68,3.14,,,2019,12
2019-12-12,,,,,,3.73,3.19,,,2019,12
2019-12-19,,,,,,3.73,3.19,,,2019,12
2019-12-26,,,,,,3.74,3.19,,,2019,12
2020-01-01,1581.0,1490.0,689.0,329000.0,212.36,,,,,2020,1
2020-01-02,,,,,,3.72,3.16,,,2020,1
2020-01-09,,,,,,3.64,3.07,,,2020,1
2020-01-16,,,,,,3.65,3.09,,,2020,1
2020-01-23,,,,,,3.6,3.04,,,2020,1
2020-01-30,,,,,,3.51,3.0,,,2020,1
2020-02-01,1549.0,1461.0,707.0,,213.179,,,,,2020,2
2020-02-06,,,,,,3.45,2.97,,,2020,2
2020-02-13,,,,,,3.47,2.97,,,2020,2
2020-02-20,,,,,,3.49,2.99,,,2020,2
2020-02-27,,,,,,3.45,2.95,,,2020,2
2020-03-01,1266.0,1351.0,626.0,,215.154,,,,,2020,3
2020-03-05,,,,,,3.29,2.79,,,2020,3
2020-03-12,,,,,,3.36,2.77,,,2020,3
2020-03-19,,,,,,3.65,3.06,,,2020,3
2020-03-26,,,,,,3.5,2.92,,,2020,3
2020-04-01,936.0,1079.0,576.0,317100.0,217.197,,,,,2020,4
2020-04-02,,,,,,3.33,2.82,,,2020,4
2020-04-09,,,,,,3.33,2.77,,,2020,4
2020-04-16,,,,,,3.31,2.8,,,2020,4
2020-04-23,,,,,,3.33,2.86,,,2020,4
2020-04-30,,,,,,3.23,2.77,,,2020,4
2020-05-01,1039.0,1251.0,707.0,,218.443,,,,,2020,5
2020-05-07,,,,,,3.26,2.73,,,2020,5
2020-05-14,,,,,,3.28,2.72,,,2020,5
2020-05-21,,,,,,3.24,2.7,,,2020,5
2020-05-28,,,,,,3.15,2.62,,,2020,5
2020-06-01,1266.0,1333.0,901.0,,219.769,,,,,2020,6
2020-06-04,,,,,,3.18,2.62,,,2020,6
2020-06-11,,,,,,3.21,2.62,,,2020,6
2020-06-18,,,,,,3.13,2.58,,,2020,6
2020-06-25,,,,,,3.13,2.59,,,2020,6
2020-07-01,1526.0,1539.0,981.0,327900.0,221.526,,,,,2020,7
2020-07-02,,,,,,3.07,2.56,,,2020,7
2020-07-09,,,,,,3.03,2.51,,,2020,7
2020-07-16,,,,,,2.98,2.48,,,2020,7
2020-07-23,,,,,,3.01,2.54,,,2020,7
2020-07-30,,,,,,2.99,2.51,,,2020,7
2020-08-01,1396.0,1534.0,1016.0,,224.005,,,,,2020,8
2020-08-06,,,,,,2.88,2.44,,,2020,8
2020-08-13,,,,,,2.96,2.46,,,2020,8
2020-08-20,,,,,,2.99,2.54,,,2020,8
2020-08-27,,,,,,2.91,2.46,,,2020,8
2020-09-01,1473.0,1650.0,979.0,,226.754,,,,,2020,9
2020-09-03,,,,,,2.93,2.42,,,2020,9
2020-09-10,,,,,,2.86,2.37,,,2020,9
2020-09-17,,,,,,2.87,2.35,,,2020,9
2020-09-24,,,,,,2.9,2.4,,,2020,9
2020-10-01,1543.0,1612.0,1031.0,338600.0,229.761,2.88,2.36,,,2020,10
2020-10-08,,,,,,2.87,2.37,,,2020,10
2020-10-15,,,,,,2.81,2.35,,,2020,10
2020-10-22,,,,,,2.8,2.33,,,2020,10
2020-10-29,,,,,,2.81,2.32,,,2020,10
2020-11-01,1543.0,1692.0,877.0,,232.261,,,,,2020,11
2020-11-05,,,,,,2.78,2.32,,,2020,11
2020-11-12,,,,,,2.84,2.34,,,2020,11
2020-11-19,,,,,,2.72,2.28,,,2020,11
2020-11-25,,,,,,2.72,2.28,,,2020,11
2020-12-01,1614.0,1755.0,874.0,,234.31,,,,,2020,12
2020-12-03,,,,,,2.71,2.26,,,2020,12
2020-12-10,,,,,,2.71,2.26,,,2020,12
2020-12-17,,,,,,2.67,2.21,,,2020,12
2020-12-24,,,,,,2.66,2.19,,,2020,12
2020-12-31,,,,,,2.67,2.17,,,2020,12
2021-01-01,1624.0,1856.0,899.0,355000.0,236.385,,,,,2021,1
2021-01-07,,,,,,2.65,2.16,,,2021,1
2021-01-14,,,,,,2.79,2.23,,,2021,1
2021-01-21,,,,,,2.77,2.21,,,2021,1
2021-01-28,,,,,,2.73,2.2,,,2021,1
2021-02-01,1398.0,1703.0,772.0,,239.167,,,,,2021,2
2021-02-04,,,,,,2.73,2.21,,,2021,2
2021-02-11,,,,,,2.73,2.19,,,2021,2
2021-02-18,,,,,,2.81,2.21,,,2021,2
2021-02-25,,,,,,2.97,2.34,,,2021,2
2021-03-01,1688.0,1756.0,852.0,,244.166,,,,,2021,3
2021-03-04,,,,,,3.02,2.34,,,2021,3
2021-03-11,,,,,,3.05,2.38,,,2021,3
2021-03-18,,,,,,3.09,2.4,,,2021,3
2021-03-25,,,,,,3.17,2.45,,,2021,3
2021-04-01,1489.0,1710.0,817.0,367800.0,249.776,3.18,2.45,,,2021,4
2021-04-08,,,,,,3.13,2.42,,,2021,4
2021-04-15,,,,,,3.04,2.35,,,2021,4
2021-04-22,,,,,,2.97,2.29,,,2021,4
2021-04-29,,,,,,2.98,2.31,,,2021,4
2021-05-01,1600.0,1705.0,717.0,,255.399,,,,,2021,5
2021-05-06,,,,,,2.96,2.3,,,2021,5
2021-05-13,,,,,,2.94,2.26,,,2021,5
2021-05-20,,,,,,3.0,2.29,,,2021,5
2021-05-27,,,,,,2.95,2.27,,,2021,5
2021-06-01,1664.0,1662.0,714.0,,261.114,,,,,2021,6
2021-06-03,,,,,,2.99,2.27,,,2021,6
2021-06-10,,,,,,2.96,2.23,,,2021,6
2021-06-17,,,,,,2.93,2.24,,,2021,6
2021-06-24,,,,,,3.02,2.34,,,2021,6
2021-07-01,1600.0,1666.0,745.0,395200.0,265.44,2.98,2.26,,,2021,7
2021-07-08,,,,,,2.9,2.2,,,2021,7
2021-07-15,,,,,,2.88,2.22,,,2021,7
2021-07-22,,,,,,2.78,2.12,,,2021,7
2021-07-29,,,,,,2.8,2.1,,,2021,7
2021-08-01,1596.0,1740.0,688.0,,268.707,,,,,2021,8
2021-08-05,,,,,,2.77,2.1,,,2021,8
2021-08-12,,,,,,2.87,2.15,,,2021,8
2021-08-19,,,,,,2.86,2.16,,,2021,8
2021-08-26,,,,,,2.87,2.17,,,2021,8
2021-09-01,1576.0,1649.0,733.0,,271.357,,,,,2021,9
2021-09-02,,,,,,2.87,2.18,,,2021,9
2021-09-09,,,,,,2.88,2.19,,,2021,9
2021-09-16,,,,,,2.86,2.12,,,2021,9
2021-09-23,,,,,,2.88,2.15,,,2021,9
2021-09-30,,,,,,3.01,2.28,,,2021,9
2021-10-01,1587.0,1699.0,689.0,414000.0,273.566,,,,,2021,10
2021-10-07,,,,,,2.99,2.23,,,2021,10
2021-10-14,,,,,,3.05,2.3,,,2021,10
2021-10-21,,,,,,3.09,2.33,,,2021,10
2021-10-28,,,,,,3.14,2.37,,,2021,10
2021-11-01,1707.0,1770.0,782.0,,275.934,,,,,2021,11
2021-11-04,,,,,,3.09,2.35,,,2021,11
2021-11-10,,,,,,2.98,2.27,,,2021,11
2021-11-18,,,,,,3.1,2.39,,,2021,11
2021-11-24,,,,,,3.1,2.42,,,2021,11
2021-12-01,1711.0,1886.0,816.0,,278.507,,,,,2021,12
2021-12-02,,,,,,3.11,2.39,,,2021,12
2021-12-09,,,,,,3.1,2.38,,,2021,12
2021-12-16,,,,,,3.12,2.34,,,2021,12
2021-12-23,,,,,,3.05,2.3,,,2021,12
2021-12-30,,,,,,3.11,2.33,,,2021,12
2022-01-01,1693.0,1923.0,809.0,413500.0,281.882,,,,,2022,1
2022-01-06,,,,,,3.22,2.43,,,2022,1
2022-01-13,,,,,,3.45,2.62,,,2022,1
2022-01-20,,,,,,3.56,2.79,,,2022,1
2022-01-27,,,,,,3.55,2.8,,,2022,1
2022-02-01,1730.0,1846.0,784.0,,287.098,,,,,2022,2
2022-02-03,,,,,,3.55,2.77,,,2022,2
2022-02-10,,,,,,3.69,2.93,,,2022,2
2022-02-17,,,,,,3.92,3.15,,,2022,2
2022-02-24,,,,,,3.89,3.14,,,2022,2
2022-03-01,1700.0,1899.0,710.0,,294.891,,,,,2022,3
2022-03-03,,,,,,3.76,3.01,,,2022,3
2022-03-10,,,,,,3.85,3.09,,,2022,3
2022-03-17,,,,,,4.16,3.39,,,2022,3
2022-03-24,,,,,,4.42,3.63,,,2022,3
2022-03-31,,,,,,4.67,3.83,,,2022,3
2022-04-01,1807.0,1849.0,612.0,437700.0,301.508,,,,,2022,4
2022-04-07,,,,,,4.72,3.91,,,2022,4
2022-04-14,,,,,,5.0,4.17,,,2022,4
2022-04-21,,,,,,5.11,4.38,,,2022,4
2022-04-28,,,,,,5.1,4.4,,,2022,4
2022-05-01,1546.0,1711.0,639.0,,306.269,,,,,2022,5
2022-05-05,,,,,,5.27,4.52,,,2022,5
2022-05-12,,,,,,5.3,4.48,,,2022,5
2022-05-19,,,,,,5.25,4.43,,,2022,5
2022-05-26,,,,,,5.1,4.31,,,2022,5
2022-06-01,1556.0,1726.0,564.0,,308.065,,,,,2022,6
2022-06-02,,,,,,5.09,4.32,,,2022,6
2022-06-09,,,,,,5.23,4.38,,,2022,6
2022-06-16,,,,,,5.78,4.81,,,2022,6
2022-06-23,,,,,,5.81,4.92,,,2022,6
2022-06-30,,,,,,5.7,4.83,,,2022,6
2022-07-01,1382.0,1707.0,535.0,438000.0,306.9,,,,,2022,7
2022-07-07,,,,,,5.3,4.45,,,2022,7
2022-07-14,,,,,,5.51,4.67,,,2022,7
2022-07-21,,,,,,5.54,4.75,,,2022,7
2022-07-28,,,,,,5.3,4.58,,,2022,7
2022-08-01,1532.0,1565.0,634.0,,303.477,,,,,2022,8
2022-08-04,,,,,,4.99,4.26,,,2022,8
2022-08-11,,,,,,5.22,4.59,,,2022,8
2022-08-18,,,,,,5.13,4.55,,,2022,8
2022-08-25,,,,,,5.55,4.85,,,2022,8
2022-09-01,1481.0,1586.0,552.0,,300.305,5.66,4.98,,,2022,9
2022-09-08,,,,,,5.89,5.16,,,2022,9
2022-09-15,,,,,,6.02,5.21,,,2022,9
2022-09-22,,,,,,6.29,5.44,,,2022,9
2022-09-29,,,,,,6.7,5.96,,,2022,9
2022-10-01,1446.0,1583.0,586.0,442600.0,298.513,,,,,2022,10
2022-10-06,,,,,,6.66,5.9,,,2022,10
2022-10-13,,,,,,6.92,6.09,,,2022,10
2022-10-20,,,,,,6.94,6.23,,,2022,10
2022-10-27,,,,,,7.08,6.36,,,2022,10
2022-11-01,1434.0,1424.0,592.0,,296.693,,,,,2022,11
2022-11-03,,,,,,6.95,6.29,,,2022,11
2022-11-10,,,,,,7.08,6.38,,,2022,11
2022-11-17,,,,,,6.61,5.98,,,2022,11
2022-11-23,,,,,,6.58,5.9,,,2022,11
2022-12-01,1296.0,1398.0,615.0,,294.187,6.49,5.76,,,2022,12
2022-12-08,,,,,,6.33,5.67,,,2022,12
2022-12-15,,,,,,6.31,5.54,,,2022,12
2022-12-22,,,,,,6.27,5.69,,,2022,12
2022-12-29,,,,,,6.42,5.68,,,2022,12
2023-01-01,1358.0,1418.0,653.0,429000.0,292.683,,,,,2023,1
2023-01-05,,,,,,6.48,5.73,,,2023,1
2023-01-12,,,,,,6.33,5.52,,,2023,1
2023-01-19,,,,,,6.15,5.28,,,2023,1
2023-01-26,,,,,,6.13,5.17,,,2023,1
2023-02-01,1395.0,1605.0,633.0,,293.481,,,,,2023,2
2023-02-02,,,,,,6.09,5.14,,,2023,2
2023-02-09,,,,,,6.12,5.25,,,2023,2
2023-02-16,,,,,,6.32,5.51,,,2023,2
2023-02-23,,,,,,6.5,5.76,,,2023,2
2023-03-01,1366.0,1472.0,639.0,,297.403,,,,,2023,3
2023-03-02,,,,,,6.65,5.89,,,2023,3
2023-03-09,,,,,,6.73,5.95,,,2023,3
2023-03-16,,,,,,6.6,5.9,,,2023,3
2023-03-23,,,,,,6.42,5.68,,,2023,3
2023-03-30,,,,,,6.32,5.56,,,2023,3
2023-04-01,1343.0,1482.0,656.0,418500.0,301.513,,,,,2023,4
2023-04-06,,,,,,6.28,5.64,,,2023,4
2023-04-13,,,,,,6.27,5.54,,,2023,4
2023-04-20,,,,,,6.39,5.76,,,2023,4
2023-04-27,,,,,,6.43,5.71,,,2023,4
2023-05-01,1609.0,1579.0,736.0,,305.374,,,,,2023,5
2023-05-04,,,,,,6.39,5.76,,,2023,5
2023-05-11,,,,,,6.35,5.75,,,2023,5
2023-05-18,,,,,,6.39,5.75,,,2023,5
2023-05-25,,,,,,6.57,5.97,,,2023,5
2023-06-01,1420.0,1447.0,687.0,,308.326,6.79,6.18,,,2023,6
2023-06-08,,,,,,6.71,6.07,,,2023,6
2023-06-15,,,,,,6.69,6.1,,,2023,6
2023-06-22,,,,,,6.67,6.03,,,2023,6
2023-06-29,,,,,,6.71,6.06,,,2023,6
2023-07-01,1464.0,1530.0,727.0,435400.0,310.243,,,,,2023,7
2023-07-06,,,,,,6.81,6.24,,,2023,7
2023-07-13,,,,,,6.96,6.3,,,2023,7
2023-07-20,,,,,,6.78,6.06,,,2023,7
2023-07-27,,,,,,6.81,6.11,,,2023,7
2023-08-01,1321.0,1596.0,645.0,,311.603,,,,,2023,8
2023-08-03,,,,,,6.9,6.25,,,2023,8
2023-08-10,,,,,,6.96,6.34,,,2023,8
2023-08-17,,,,,,7.09,6.46,,,2023,8
2023-08-24,,,,,,7.23,6.55,,,2023,8
2023-08-31,,,,,,7.18,6.55,,,2023,8
2023-09-01,1369.0,1530.0,682.0,,312.457,,,,,2023,9
2023-09-07,,,,,,7.12,6.52,,,2023,9
2023-09-14,,,,,,7.18,6.51,,,2023,9
2023-09-21,,,,,,7.19,6.54,,,2023,9
2023-09-28,,,,,,7.31,6.72,,,2023,9
2023-10-01,1380.0,1524.0,689.0,423200.0,312.805,,,,,2023,10
2023-10-05,,,,,,7.49,6.78,,,2023,10
2023-10-12,,,,,,7.57,6.89,,,2023,10
2023-10-19,,,,,,7.63,6.92,,,2023,10
2023-10-26,,,,,,7.79,7.03,,,2023,10
2023-11-01,1522.0,1513.0,607.0,,312.044,,,,,2023,11
2023-11-02,,,,,,7.76,7.03,,,2023,11
2023-11-09,,,,,,7.5,6.81,,,2023,11
2023-11-16,,,,,,7.44,6.76,,,2023,11
2023-11-22,,,,,,7.29,6.67,,,2023,11
2023-11-30,,,,,,7.22,6.56,,,2023,11
2023-12-01,1504.0,1501.0,634.0,,310.865,,,,,2023,12
2023-12-07,,,,,,7.03,6.29,,,2023,12
2023-12-14,,,,,,6.95,6.38,,,2023,12
2023-12-21,,,,,,6.67,5.95,,,2023,12
2023-12-28,,,,,,6.61,5.93,,,2023,12
2024-01-01,1378.0,1548.0,683.0,426800.0,310.737,,,,,2024,1
2024-01-04,,,,,,6.62,5.89,,,2024,1
2024-01-11,,,,,,6.66,5.87,,,2024,1
2024-01-18,,,,,,6.6,5.76,,,2024,1
2024-01-25,,,,,,6.69,5.96,,,2024,1
2024-02-01,1555.0,1570.0,653.0,,312.657,6.63,5.94,,,2024,2
2024-02-08,,,,,,6.64,5.9,,,2024,2
2024-02-15,,,,,,6.77,6.12,,,2024,2
2024-02-22,,,,,,6.9,6.29,,,2024,2
2024-02-29,,,,,,6.94,6.26,,,2024,2
2024-03-01,1297.0,1477.0,681.0,,316.84,,,,,2024,3
2024-03-07,,,,,,6.88,6.22,,,2024,3
2024-03-14,,,,,,6.74,6.16,,,2024,3
2024-03-21,,,,,,6.87,6.21,,,2024,3
2024-03-28,,,,,,6.79,6.11,,,2024,3
2024-04-01,1379.0,1456.0,706.0,414500.0,320.777,,,,,2024,4
2024-04-04,,,,,,6.82,6.06,,,2024,4
2024-04-11,,,,,,6.88,6.16,,,2024,4
2024-04-18,,,,,,7.1,6.39,,,2024,4
2024-04-25,,,,,,7.17,6.44,,,2024,4
2024-05-01,1329.0,1405.0,670.0,,323.721,,,,,2024,5
2024-05-02,,,,,,7.22,6.47,,,2024,5
2024-05-09,,,,,,7.09,6.38,,,2024,5
2024-05-16,,,,,,7.02,6.28,,,2024,5
2024-05-23,,,,,,6.94,6.24,,,2024,5
2024-05-30,,,,,,7.03,6.36,,,2024,5
2024-06-01,1318.0,1459.0,683.0,,325.278,,,,,2024,6
2024-06-06,,,,,,6.99,6.29,,,2024,6
2024-06-13,,,,,,6.95,6.17,,,2024,6
2024-06-20,,,,,,6.87,6.13,,,2024,6
2024-06-27,,,,,,6.86,6.16,,,2024,6
2024-07-01,1269.0,1448.0,732.0,415300.0,325.586,,,,,2024,7
2024-07-03,,,,,,6.95,6.25,,,2024,7
2024-07-11,,,,,,6.89,6.17,,,2024,7
2024-07-18,,,,,,6.77,6.05,,,2024,7
2024-07-25,,,,,,6.78,6.07,,,2024,7
2024-08-01,1394.0,1492.0,687.0,,325.026,6.73,5.99,,,2024,8
2024-08-08,,,,,,6.47,5.63,,,2024,8
2024-08-15,,,,,,6.49,5.66,,,2024,8
2024-08-22,,,,,,6.46,5.62,,,2024,8
2024-08-29,,,,,,6.35,5.51,,,2024,8
2024-09-01,1357.0,1421.0,715.0,,324.646,,,,,2024,9
2024-09-05,,,,,,6.35,5.47,,,2024,9
2024-09-12,,,,,,6.2,5.27,,,2024,9
2024-09-19,,,,,,6.09,5.15,,,2024,9
2024-09-26,,,,,,6.08,5.16,,,2024,9
2024-10-01,1370.0,1435.0,632.0,419300.0,323.966,,,,,2024,10
2024-10-03,,,,,,6.12,5.25,,,2024,10
2024-10-10,,,,,,6.32,5.41,,,2024,10
2024-10-17,,,,,,6.44,5.63,,,2024,10
2024-10-24,,,,,,6.54,5.71,,,2024,10
2024-10-31,,,,,,6.72,5.99,,,2024,10
2024-11-01,1300.0,1512.0,669.0,,323.685,,,,,2024,11
2024-11-07,,,,,,6.79,6.0,,,2024,11
2024-11-14,,,,,,6.78,5.99,,,2024,11
2024-11-21,,,,,,6.84,6.02,,,2024,11
2024-11-27,,,,,,6.81,6.1,,,2024,11
2024-12-01,1494.0,1467.0,702.0,,323.305,,,,,2024,12
2024-12-05,,,,,,6.69,5.96,,,2024,12
2024-12-12,,,,,,6.6,5.84,,,2024,12
2024-12-19,,,,,,6.72,5.92,,,2024,12
2024-12-26,,,,,,6.85,6.0,,,2024,12
2025-01-01,1353.0,1463.0,665.0,423100.0,323.659,,,,,2025,1
2025-01-02,,,,,,6.91,6.13,,,2025,1
2025-01-09,,,,,,6.93,6.14,,,2025,1
2025-01-16,,,,,,7.04,6.27,,,2025,1
2025-01-23,,,,,,6.96,6.16,,,2025,1
2025-01-30,,,,,,6.95,6.12,,,2025,1
2025-02-01,1491.0,1446.0,641.0,,325.127,,,,,2025,2
2025-02-06,,,,,,6.89,6.05,,,2025,2
2025-02-13,,,,,,6.87,6.09,,,2025,2
2025-02-20,,,,,,6.85,6.04,,,2025,2
2025-02-27,,,,,,6.76,5.94,,,2025,2
2025-03-01,1346.0,1492.0,656.0,,327.737,,,,,2025,3
2025-03-06,,,,,,6.63,5.79,,,2025,3
2025-03-13,,,,,,6.65,5.8,,,2025,3
2025-03-20,,,,,,6.67,5.83,,,2025,3
2025-03-27,,,,,,6.65,5.89,,,2025,3
2025-04-01,1400.0,1445.0,701.0,416100.0,329.893,,,,,2025,4
2025-04-03,,,,,,6.64,5.82,,,2025,4
2025-04-10,,,,,,6.62,5.82,,,2025,4
2025-04-17,,,,,,6.83,6.03,,,2025,4
2025-04-24,,,,,,6.81,5.94,,,2025,4
2025-05-01,1289.0,1416.0,622.0,,331.412,6.76,5.92,,,2025,5
2025-05-08,,,,,,6.76,5.89,,,2025,5
2025-05-15,,,,,,6.81,5.92,,,2025,5
2025-05-22,,,,,,6.86,6.01,,,2025,5
2025-05-29,,,,,,6.89,6.03,,,2025,5
2025-06-01,1379.0,1399.0,665.0,,331.6,,,3980000.0,,2025,6
2025-06-05,,,,,,6.85,5.99,,,2025,6
2025-06-12,,,,,,6.84,5.97,,,2025,6
2025-06-18,,,,,,6.81,5.96,,,2025,6
2025-06-26,,,,,,6.77,5.89,,,2025,6
2025-07-01,1432.0,1400.0,648.0,410100.0,330.945,,,4030000.0,,2025,7
2025-07-03,,,,,,6.67,5.8,,,2025,7
2025-07-10,,,,,,6.72,5.86,,,2025,7
2025-07-17,,,,,,6.75,5.92,,,2025,7
2025-07-24,,,,,,6.74,5.87,,,2025,7
2025-07-31,,,,,,6.72,5.85,,,2025,7
2025-08-01,1291.0,1347.0,698.0,,329.86,,,4030000.0,,2025,8
2025-08-07,,,,,,6.63,5.75,,,2025,8
2025-08-14,,,,,,6.58,5.71,,,2025,8
2025-08-21,,,,,,6.58,5.69,,,2025,8
2025-08-28,,,,,,6.56,5.69,,,2025,8
2025-09-01,1319.0,1444.0,714.0,,328.886,,,4080000.0,,2025,9
2025-09-04,,,,,,6.5,5.6,,,2025,9
2025-09-11,,,,,,6.35,5.5,,,2025,9
2025-09-18,,,,,,6.26,5.41,,,2025,9
2025-09-25,,,,,,6.3,5.49,,,2025,9
2025-10-01,1273.0,1418.0,652.0,412300.0,328.25,,,4110000.0,,2025,10
2025-10-02,,,,,,6.34,5.55,,,2025,10
2025-10-09,,,,,,6.3,5.53,,,2025,10
2025-10-16,,,,,,6.27,5.52,,,2025,10
2025-10-23,,,,,,6.19,5.44,,,2025,10
2025-10-30,,,,,,6.17,5.41,,,2025,10
2025-11-01,1319.0,1414.0,757.0,,327.865,,,4090000.0,,2025,11
2025-11-06,,,,,,6.22,5.5,,,2025,11
2025-11-13,,,,,,6.24,5.49,,,2025,11
2025-11-20,,,,,,6.26,5.54,,,2025,11
2025-11-26,,,,,,6.23,5.51,,,2025,11
2025-12-01,1378.0,1482.0,723.0,,327.025,,,4270000.0,,2025,12
2025-12-04,,,,,,6.19,5.44,,,2025,12
2025-12-11,,,,,,6.22,5.54,,,2025,12
2025-12-18,,,,,,6.21,5.47,,,2025,12
2025-12-24,,,,,,6.18,5.5,,,2025,12
2025-12-31,,,,,,6.15,5.44,,,2025,12
2026-01-01,1385.0,1393.0,576.0,408500.0,326.728,,,4020000.0,,2026,1
2026-01-08,,,,,,6.16,5.46,,,2026,1
2026-01-15,,,,,,6.06,5.38,,,2026,1
2026-01-22,,,,,,6.09,5.44,,,2026,1
2026-01-29,,,,,,6.1,5.49,,,2026,1
2026-02-01,1346.0,1540.0,630.0,,327.759,,,4130000.0,,2026,2
2026-02-05,,,,,,6.11,5.5,,,2026,2
2026-02-12,,,,,,6.09,5.44,,,2026,2
2026-02-19,,,,,,6.01,5.35,,,2026,2
2026-02-26,,,,,,5.98,5.44,,,2026,2
2026-03-01,1522.0,1363.0,659.0,,330.228,,,4010000.0,,2026,3
2026-03-05,,,,,,6.0,5.43,,,2026,3
2026-03-12,,,,,,6.11,5.5,,,2026,3
2026-03-19,,,,,,6.22,5.54,,,2026,3
2026-03-26,,,,,,6.38,5.75,,,2026,3
2026-04-01,1414.0,1423.0,646.0,410700.0,332.984,,,4040000.0,,2026,4
2026-04-02,,,,,,6.46,5.77,,,2026,4
2026-04-09,,,,,,6.37,5.74,,,2026,4
2026-04-16,,,,,,6.3,5.65,,,2026,4
2026-04-23,,,,,,6.23,5.58,,,2026,4
2026-04-30,,,,,,6.3,5.64,,,2026,4
2026-05-01,1199.0,1410.0,618.0,,335.104,,,4190000.0,,2026,5
2026-05-07,,,,,,6.37,5.72,,,2026,5
2026-05-14,,,,,,6.36,5.71,,,2026,5
2026-05-21,,,,,,6.51,5.85,,,2026,5
2026-05-28,,,,,,6.53,5.87,,,2026,5
2026-06-01,1427.0,1374.0,628.0,,,,,4090000.0,,2026,6
2026-06-04,,,,,,6.48,5.79,,,2026,6
2026-06-11,,,,,,6.52,5.84,,,2026,6
2026-06-18,,,,,,6.47,5.81,,,2026,6
2026-06-25,,,,,,6.49,5.84,,,2026,6
2026-07-02,,,,,,6.43,5.79,,,2026,7
2026-07-09,,,,,,6.49,5.82,,,2026,7
2026-07-16,,,,,,6.55,5.93,,,2026,7
2026-07-23,,,,,,6.58,5.96,,,2026,7
2026-07-30,,,,,,6.66,6.04,,,2026,7
2026-08-06,,,,,,6.69,6.01,,,2026,8
