date,housing_starts,building_permits,new_home_sales,median_home_price,case_shiller,mortgage_rate_30yr,mortgage_rate_15yr,existing_home_sales,case_shiller_yoy,year,month
2015-01-01,1085.0,1049.0,515.0,289200.0,166.23,,,,,2015,1
2015-01-08,,,,,,3.73,3.05,,,2015,1
2015-01-15,,,,,,3.66,2.98,,,2015,1
2015-01-22,,,,,,3.63,2.93,,,2015,1
2015-01-29,,,,,,3.66,2.98,,,2015,1
2015-02-01,886.0,1127.0,540.0,,166.609,,,,,2015,2
2015-02-05,,,,,,3.59,2.92,,,2015,2
2015-02-12,,,,,,3.69,2.99,,,2015,2
2015-02-19,,,,,,3.76,3.05,,,2015,2
2015-02-26,,,,,,3.8,3.07,,,2015,2
2015-03-01,960.0,1072.0,480.0,,168.068,,,,,2015,3
2015-03-05,,,,,,3.75,3.03,,,2015,3
2015-03-12,,,,,,3.86,3.1,,1.105696925945998,2015,3
2015-03-19,,,,,,3.78,3.06,,1.105696925945998,2015,3
2015-03-26,,,,,,3.69,2.97,,1.105696925945998,2015,3
2015-04-01,1190.0,1166.0,502.0,289100.0,169.953,,,,2.239667929976541,2015,4
2015-04-02,,,,,,3.7,2.98,,2.239667929976541,2015,4
2015-04-09,,,,,,3.66,2.93,,2.007094454681324,2015,4
2015-04-16,,,,,,3.67,2.94,,2.007094454681324,2015,4
2015-04-23,,,,,,3.65,2.92,,2.007094454681324,2015,4
2015-04-30,,,,,,3.68,2.94,,2.007094454681324,2015,4
2015-05-01,1079.0,1272.0,502.0,,171.835,,,,3.1366852931114186,2015,5
2015-05-07,,,,,,3.8,3.02,,2.2413546897684267,2015,5
2015-05-14,,,,,,3.85,3.07,,2.2413546897684267,2015,5
2015-05-21,,,,,,3.84,3.05,,2.2413546897684267,2015,5
2015-05-28,,,,,,3.87,3.11,,2.2413546897684267,2015,5
2015-06-01,1205.0,1379.0,480.0,,173.434,,,,3.192755313325546,2015,6
2015-06-04,,,,,,3.87,3.08,,2.048213329567594,2015,6
2015-06-11,,,,,,4.04,3.25,,2.048213329567594,2015,6
2015-06-18,,,,,,4.0,3.23,,2.048213329567594,2015,6
2015-06-25,,,,,,4.02,3.21,,2.048213329567594,2015,6
2015-07-01,1146.0,1140.0,506.0,295800.0,174.477,,,,2.66191241107836,2015,7
2015-07-02,,,,,,4.08,3.24,,2.66191241107836,2015,7
2015-07-09,,,,,,4.04,3.2,,1.5375214595396702,2015,7
2015-07-16,,,,,,4.09,3.25,,1.5375214595396702,2015,7
2015-07-23,,,,,,4.04,3.21,,1.5375214595396702,2015,7
2015-07-30,,,,,,3.98,3.17,,1.5375214595396702,2015,7
2015-08-01,1130.0,1165.0,518.0,,174.916,,,,1.7929990979718813,2015,8
2015-08-06,,,,,,3.91,3.13,,0.8545037305257353,2015,8
2015-08-13,,,,,,3.94,3.17,,0.8545037305257353,2015,8
2015-08-20,,,,,,3.93,3.15,,0.8545037305257353,2015,8
2015-08-27,,,,,,3.84,3.06,,0.8545037305257353,2015,8
2015-09-01,1224.0,1144.0,456.0,,175.021,,,,0.9150454928099405,2015,9
2015-09-03,,,,,,3.89,3.09,,0.31178894639407595,2015,9
2015-09-10,,,,,,3.9,3.1,,0.31178894639407595,2015,9
2015-09-17,,,,,,3.91,3.11,,0.31178894639407595,2015,9
2015-09-24,,,,,,3.86,3.08,,0.31178894639407595,2015,9
2015-10-01,1058.0,1160.0,482.0,302500.0,175.025,3.85,3.07,,0.3140815121764007,2015,10
2015-10-08,,,,,,3.76,2.99,,0.3140815121764007,2015,10
2015-10-15,,,,,,3.82,3.03,,0.06231562578609129,2015,10
2015-10-22,,,,,,3.79,2.98,,0.06231562578609129,2015,10
2015-10-29,,,,,,3.76,2.98,,0.06231562578609129,2015,10
2015-11-01,1172.0,1244.0,504.0,,175.115,,,,0.11376889478378338,2015,11
2015-11-05,,,,,,3.87,3.09,,0.11376889478378338,2015,11
2015-11-12,,,,,,3.98,3.2,,0.05370784077340929,2015,11
2015-11-19,,,,,,3.97,3.18,,0.05370784077340929,2015,11
2015-11-25,,,,,,3.95,3.18,,0.05370784077340929,2015,11
2015-12-01,1146.0,1211.0,546.0,,175.088,,,,0.03828112055124233,2015,12
2015-12-03,,,,,,3.93,3.16,,0.03828112055124233,2015,12
2015-12-10,,,,,,3.95,3.19,,0.03599485787744161,2015,12
2015-12-17,,,,,,3.97,3.22,,0.03599485787744161,2015,12
2015-12-24,,,,,,3.96,3.22,,0.03599485787744161,2015,12
2015-12-31,,,,,,4.01,3.24,,0.03599485787744161,2015,12
2016-01-01,1092.0,1171.0,505.0,299800.0,175.011,,,,-0.007998857306101836,2016,1
2016-01-07,,,,,,3.97,3.26,,-0.059389544013943585,2016,1
2016-01-14,,,,,,3.92,3.19,,-0.059389544013943585,2016,1
2016-01-21,,,,,,3.81,3.1,,-0.059389544013943585,2016,1
2016-01-28,,,,,,3.79,3.07,,-0.059389544013943585,2016,1
2016-02-01,1225.0,1172.0,517.0,,175.259,,,,0.08223167632697148,2016,2
2016-02-04,,,,,,3.72,3.01,,0.09766517408389408,2016,2
2016-02-11,,,,,,3.65,2.95,,0.09766517408389408,2016,2
2016-02-18,,,,,,3.65,2.95,,0.09766517408389408,2016,2
2016-02-25,,,,,,3.62,2.93,,0.09766517408389408,2016,2
2016-03-01,1111.0,1118.0,532.0,,176.582,,,,0.8532852051539752,2016,3
2016-03-03,,,,,,3.64,2.94,,0.8532852051539752,2016,3
2016-03-10,,,,,,3.68,2.96,,0.8976578615058406,2016,3
2016-03-17,,,,,,3.73,2.99,,0.8976578615058406,2016,3
2016-03-24,,,,,,3.71,2.96,,0.8976578615058406,2016,3
2016-03-31,,,,,,3.71,2.98,,0.8976578615058406,2016,3
2016-04-01,1163.0,1160.0,576.0,306000.0,178.478,,,,1.9810183359903144,2016,4
2016-04-07,,,,,,3.59,2.88,,1.8367102402729873,2016,4
2016-04-14,,,,,,3.58,2.86,,1.8367102402729873,2016,4
2016-04-21,,,,,,3.59,2.85,,1.8367102402729873,2016,4
2016-04-28,,,,,,3.66,2.89,,1.8367102402729873,2016,4
2016-05-01,1148.0,1205.0,571.0,,180.327,,,,2.891720254024044,2016,5
2016-05-05,,,,,,3.61,2.86,,2.1208277174344037,2016,5
2016-05-12,,,,,,3.57,2.81,,2.1208277174344037,2016,5
2016-05-19,,,,,,3.58,2.81,,2.1208277174344037,2016,5
2016-05-26,,,,,,3.64,2.89,,2.1208277174344037,2016,5
2016-06-01,1203.0,1208.0,557.0,,181.899,,,,3.0110656805336866,2016,6
2016-06-02,,,,,,3.66,2.92,,3.0110656805336866,2016,6
2016-06-09,,,,,,3.6,2.87,,1.9167628503232947,2016,6
2016-06-16,,,,,,3.54,2.81,,1.9167628503232947,2016,6
2016-06-23,,,,,,3.56,2.83,,1.9167628503232947,2016,6
2016-06-30,,,,,,3.48,2.78,,1.9167628503232947,2016,6
2016-07-01,1239.0,1198.0,628.0,303800.0,183.002,,,,2.5347661896704343,2016,7
2016-07-07,,,,,,3.41,2.74,,1.4834162382782345,2016,7
2016-07-14,,,,,,3.42,2.72,,1.4834162382782345,2016,7
2016-07-21,,,,,,3.45,2.75,,1.4834162382782345,2016,7
2016-07-28,,,,,,3.48,2.78,,1.4834162382782345,2016,7
2016-08-01,1171.0,1201.0,575.0,,183.64,,,,1.8372179429591684,2016,8
2016-08-04,,,,,,3.43,2.74,,0.9571245581339038,2016,8
2016-08-11,,,,,,3.45,2.76,,0.9571245581339038,2016,8
2016-08-18,,,,,,3.43,2.74,,0.9571245581339038,2016,8
2016-08-25,,,,,,3.43,2.74,,0.9571245581339038,2016,8
2016-09-01,1068.0,1303.0,558.0,,183.926,3.46,2.77,,1.11435466934946,2016,9
2016-09-08,,,,,,3.44,2.76,,1.11435466934946,2016,9
2016-09-15,,,,,,3.5,2.77,,0.5049125146173061,2016,9
2016-09-22,,,,,,3.48,2.76,,0.5049125146173061,2016,9
2016-09-29,,,,,,3.42,2.72,,0.5049125146173061,2016,9
2016-10-01,1313.0,1254.0,575.0,310900.0,183.995,,,,0.542617020579006,2016,10
2016-10-06,,,,,,3.42,2.72,,0.542617020579006,2016,10
2016-10-13,,,,,,3.47,2.76,,0.1933130037029107,2016,10
2016-10-20,,,,,,3.52,2.79,,0.1933130037029107,2016,10
2016-10-27,,,,,,3.47,2.78,,0.1933130037029107,2016,10
2016-11-01,1140.0,1230.0,571.0,,184.205,,,,0.30766717490744444,2016,11
2016-11-03,,,,,,3.54,2.84,,0.30766717490744444,2016,11
2016-11-10,,,,,,3.57,2.88,,0.15169144112308075,2016,11
2016-11-17,,,,,,3.94,3.14,,0.15169144112308075,2016,11
2016-11-23,,,,,,4.03,3.25,,0.15169144112308075,2016,11
2016-12-01,1252.0,1248.0,561.0,,184.377,4.08,3.34,,0.24520731163621967,2016,12
2016-12-08,,,,,,4.13,3.36,,0.24520731163621967,2016,12
2016-12-15,,,,,,4.16,3.37,,0.20761433734612922,2016,12
2016-12-22,,,,,,4.3,3.52,,0.20761433734612922,2016,12
2016-12-29,,,,,,4.32,3.55,,0.20761433734612922,2016,12
2017-01-01,1190.0,1303.0,573.0,313100.0,184.63,,,,0.34511807386070625,2017,1
2017-01-05,,,,,,4.2,3.44,,0.34511807386070625,2017,1
2017-01-12,,,,,,4.12,3.37,,0.23072120735050383,2017,1
2017-01-19,,,,,,4.09,3.34,,0.23072120735050383,2017,1
2017-01-26,,,,,,4.19,3.4,,0.23072120735050383,2017,1
2017-02-01,1271.0,1234.0,587.0,,184.997,,,,0.42995575581552536,2017,2
2017-02-02,,,,,,4.19,3.41,,0.42995575581552536,2017,2
2017-02-09,,,,,,4.17,3.39,,0.33626753879281157,2017,2
2017-02-16,,,,,,4.15,3.35,,0.33626753879281157,2017,2
2017-02-23,,,,,,4.16,3.37,,0.33626753879281157,2017,2
2017-03-01,1190.0,1272.0,632.0,,186.507,,,,1.1552417058526832,2017,3
2017-03-02,,,,,,4.1,3.32,,1.1552417058526832,2017,3
2017-03-09,,,,,,4.21,3.42,,1.016627850295193,2017,3
2017-03-16,,,,,,4.3,3.5,,1.016627850295193,2017,3
2017-03-23,,,,,,4.23,3.44,,1.016627850295193,2017,3
2017-03-30,,,,,,4.14,3.39,,1.016627850295193,2017,3
2017-04-01,1146.0,1251.0,598.0,318200.0,188.522,,,,2.107999783350478,2017,4
2017-04-06,,,,,,4.1,3.36,,1.9054363043724987,2017,4
2017-04-13,,,,,,4.08,3.34,,1.9054363043724987,2017,4
2017-04-20,,,,,,3.97,3.23,,1.9054363043724987,2017,4
2017-04-27,,,,,,4.03,3.27,,1.9054363043724987,2017,4
2017-05-01,1157.0,1208.0,635.0,,190.517,,,,2.9838321702513992,2017,5
2017-05-04,,,,,,4.02,3.27,,2.1500533492040397,2017,5
2017-05-11,,,,,,4.05,3.29,,2.1500533492040397,2017,5
2017-05-18,,,,,,4.02,3.27,,2.1500533492040397,2017,5
2017-05-25,,,,,,3.95,3.19,,2.1500533492040397,2017,5
2017-06-01,1249.0,1353.0,619.0,,192.243,3.94,3.19,,3.075487783300357,2017,6
2017-06-08,,,,,,3.89,3.16,,3.075487783300357,2017,6
2017-06-15,,,,,,3.91,3.18,,1.9737749440383645,2017,6
2017-06-22,,,,,,3.9,3.17,,1.9737749440383645,2017,6
2017-06-29,,,,,,3.88,3.17,,1.9737749440383645,2017,6
2017-07-01,1206.0,1256.0,572.0,320500.0,193.487,,,,2.6336448796427048,2017,7
2017-07-06,,,,,,3.96,3.22,,2.6336448796427048,2017,7
2017-07-13,,,,,,4.03,3.29,,1.5589160022465132,2017,7
2017-07-20,,,,,,3.96,3.23,,1.5589160022465132,2017,7
2017-07-27,,,,,,3.92,3.2,,1.5589160022465132,2017,7
2017-08-01,1159.0,1319.0,556.0,,194.32,,,,1.9961473254355155,2017,8
2017-08-03,,,,,,3.93,3.18,,1.9961473254355155,2017,8
2017-08-10,,,,,,3.9,3.18,,1.0804034477198021,2017,8
2017-08-17,,,,,,3.89,3.16,,1.0804034477198021,2017,8
2017-08-24,,,,,,3.86,3.16,,1.0804034477198021,2017,8
2017-08-31,,,,,,3.82,3.12,,1.0804034477198021,2017,8
2017-09-01,1181.0,1273.0,637.0,,194.788,,,,1.3238453415729046,2017,9
2017-09-07,,,,,,3.78,3.08,,0.6723965951200839,2017,9
2017-09-14,,,,,,3.78,3.08,,0.6723965951200839,2017,9
2017-09-21,,,,,,3.83,3.13,,0.6723965951200839,2017,9
2017-09-28,,,,,,3.83,3.13,,0.6723965951200839,2017,9
2017-10-01,1257.0,1356.0,626.0,337900.0,195.052,,,,0.8088398703788968,2017,10
2017-10-05,,,,,,3.85,3.15,,0.37669822972417055,2017,10
2017-10-12,,,,,,3.91,3.21,,0.37669822972417055,2017,10
2017-10-19,,,,,,3.88,3.19,,0.37669822972417055,2017,10
2017-10-26,,,,,,3.94,3.25,,0.37669822972417055,2017,10
2017-11-01,1273.0,1299.0,711.0,,195.416,,,,0.5640181144503931,2017,11
2017-11-02,,,,,,3.94,3.27,,0.5640181144503931,2017,11
2017-11-09,,,,,,3.9,3.24,,0.32240179066471697,2017,11
2017-11-16,,,,,,3.95,3.31,,0.32240179066471697,2017,11
2017-11-22,,,,,,3.92,3.32,,0.32240179066471697,2017,11
2017-11-30,,,,,,3.9,3.3,,0.32240179066471697,2017,11
2017-12-01,1177.0,1311.0,630.0,,195.811,,,,0.52518635644907,2017,12
2017-12-07,,,,,,3.94,3.36,,0.38912700203024286,2017,12
2017-12-14,,,,,,3.93,3.36,,0.38912700203024286,2017,12
2017-12-21,,,,,,3.94,3.38,,0.38912700203024286,2017,12
2017-12-28,,,,,,3.99,3.44,,0.38912700203024286,2017,12
2018-01-01,1299.0,1317.0,590.0,331800.0,196.083,,,,0.5285769948526475,2018,1
2018-01-04,,,,,,3.95,3.38,,0.34132312604904236,2018,1
2018-01-11,,,,,,3.99,3.44,,0.34132312604904236,2018,1
2018-01-18,,,,,,4.04,3.49,,0.34132312604904236,2018,1
2018-01-25,,,,,,4.15,3.62,,0.34132312604904236,2018,1
2018-02-01,1277.0,1321.0,618.0,,196.875,4.22,3.68,,0.7466123551807424,2018,2
2018-02-08,,,,,,4.32,3.77,,0.7466123551807424,2018,2
2018-02-15,,,,,,4.38,3.84,,0.5433811175061587,2018,2
2018-02-22,,,,,,4.4,3.85,,0.5433811175061587,2018,2
2018-03-01,1318.0,1385.0,679.0,,198.542,4.43,3.9,,1.3947122480350904,2018,3
2018-03-08,,,,,,4.46,3.94,,1.3947122480350904,2018,3
2018-03-15,,,,,,4.44,3.9,,1.3947122480350904,2018,3
2018-03-22,,,,,,4.45,3.91,,1.2540607803838144,2018,3
2018-03-29,,,,,,4.44,3.9,,1.2540607803838144,2018,3
2018-04-01,1276.0,1378.0,642.0,315600.0,200.581,,,,2.2939265515113494,2018,4
2018-04-05,,,,,,4.4,3.87,,2.2939265515113494,2018,4
2018-04-12,,,,,,4.42,3.87,,2.2939265515113494,2018,4
2018-04-19,,,,,,4.47,3.94,,1.8824126984126943,2018,4
2018-04-26,,,,,,4.58,4.02,,1.8824126984126943,2018,4
2018-05-01,1357.0,1338.0,662.0,,202.418,,,,2.8154920634920755,2018,5
2018-05-03,,,,,,4.55,4.03,,2.8154920634920755,2018,5
2018-05-10,,,,,,4.55,4.01,,1.9522317696003988,2018,5
2018-05-17,,,,,,4.61,4.08,,1.9522317696003988,2018,5
2018-05-24,,,,,,4.66,4.15,,1.9522317696003988,2018,5
2018-05-31,,,,,,4.56,4.06,,1.9522317696003988,2018,5
2018-06-01,1192.0,1345.0,636.0,,204.01,,,,2.754077222955331,2018,6
2018-06-07,,,,,,4.54,4.01,,1.7095338042985242,2018,6
2018-06-14,,,,,,4.62,4.07,,1.7095338042985242,2018,6
2018-06-21,,,,,,4.57,4.04,,1.7095338042985242,2018,6
2018-06-28,,,,,,4.55,4.04,,1.7095338042985242,2018,6
2018-07-01,1208.0,1334.0,628.0,330900.0,204.919,,,,2.162717306225437,2018,7
2018-07-05,,,,,,4.52,3.99,,1.2355620547579882,2018,7
2018-07-12,,,,,,4.53,4.02,,1.2355620547579882,2018,7
2018-07-19,,,,,,4.52,4.0,,1.2355620547579882,2018,7
2018-07-26,,,,,,4.54,4.02,,1.2355620547579882,2018,7
2018-08-01,1288.0,1273.0,593.0,,205.297,,,,1.4223043405230618,2018,8
2018-08-02,,,,,,4.6,4.08,,1.4223043405230618,2018,8
2018-08-09,,,,,,4.59,4.05,,0.630851428851531,2018,8
2018-08-16,,,,,,4.53,4.01,,0.630851428851531,2018,8
2018-08-23,,,,,,4.51,3.98,,0.630851428851531,2018,8
2018-08-30,,,,,,4.52,3.97,,0.630851428851531,2018,8
2018-09-01,1250.0,1314.0,595.0,,205.343,,,,0.6533993431694585,2018,9
2018-09-06,,,,,,4.54,3.99,,0.20691102337995204,2018,9
2018-09-13,,,,,,4.6,4.06,,0.20691102337995204,2018,9
2018-09-20,,,,,,4.65,4.11,,0.20691102337995204,2018,9
2018-09-27,,,,,,4.72,4.16,,0.20691102337995204,2018,9
2018-10-01,1221.0,1272.0,554.0,322800.0,205.339,,,,0.2049590325933659,2018,10
2018-10-04,,,,,,4.71,4.15,,0.02045816548708057,2018,10
2018-10-11,,,,,,4.9,4.29,,0.02045816548708057,2018,10
2018-10-18,,,,,,4.85,4.26,,0.02045816548708057,2018,10
2018-10-25,,,,,,4.86,4.29,,0.02045816548708057,2018,10
2018-11-01,1181.0,1340.0,625.0,,205.076,4.83,4.23,,-0.10764891839627477,2018,11
2018-11-08,,,,,,4.94,4.33,,-0.10764891839627477,2018,11
2018-11-15,,,,,,4.94,4.36,,-0.13002634616227082,2018,11
2018-11-21,,,,,,4.81,4.24,,-0.13002634616227082,2018,11
2018-11-29,,,,,,4.81,4.25,,-0.13002634616227082,2018,11
2018-12-01,1095.0,1317.0,546.0,,204.666,,,,-0.3296922709807415,2018,12
2018-12-06,,,,,,4.75,4.21,,-0.3296922709807415,2018,12
2018-12-13,,,,,,4.63,4.07,,-0.32775069519185296,2018,12
2018-12-20,,,,,,4.62,4.07,,-0.32775069519185296,2018,12
2018-12-27,,,,,,4.55,4.01,,-0.32775069519185296,2018,12
2019-01-01,1226.0,1254.0,595.0,313000.0,204.168,,,,-0.570276469642883,2019,1
2019-01-03,,,,,,4.51,3.99,,-0.570276469642883,2019,1
2019-01-10,,,,,,4.45,3.89,,-0.4427626831028486,2019,1
2019-01-17,,,,,,4.45,3.88,,-0.4427626831028486,2019,1
2019-01-24,,,,,,4.45,3.88,,-0.4427626831028486,2019,1
2019-01-31,,,,,,4.46,3.89,,-0.4427626831028486,2019,1
2019-02-01,1121.0,1286.0,648.0,,204.394,,,,-0.3325596364274652,2019,2
2019-02-07,,,,,,4.41,3.84,,-0.132899455698543,2019,2
2019-02-14,,,,,,4.37,3.81,,-0.132899455698543,2019,2
2019-02-21,,,,,,4.35,3.78,,-0.132899455698543,2019,2
2019-02-28,,,,,,4.35,3.77,,-0.132899455698543,2019,2
2019-03-01,1191.0,1295.0,718.0,,205.741,,,,0.5252460105733325,2019,3
2019-03-07,,,,,,4.41,3.83,,0.7704439481211578,2019,3
2019-03-14,,,,,,4.31,3.76,,0.7704439481211578,2019,3
2019-03-21,,,,,,4.28,3.71,,0.7704439481211578,2019,3
2019-03-28,,,,,,4.06,3.57,,0.7704439481211578,2019,3
2019-04-01,1272.0,1322.0,702.0,322500.0,207.654,,,,1.7074174209474435,2019,4
2019-04-04,,,,,,4.08,3.56,,1.7074174209474435,2019,4
2019-04-11,,,,,,4.12,3.6,,1.5949587561278733,2019,4
2019-04-18,,,,,,4.17,3.62,,1.5949587561278733,2019,4
2019-04-25,,,,,,4.2,3.64,,1.5949587561278733,2019,4
2019-05-01,1293.0,1347.0,618.0,,209.317,,,,2.40858342221395,2019,5
2019-05-02,,,,,,4.14,3.6,,2.40858342221395,2019,5
2019-05-09,,,,,,4.1,3.57,,1.7381076207464652,2019,5
2019-05-16,,,,,,4.07,3.53,,1.7381076207464652,2019,5
2019-05-23,,,,,,4.06,3.51,,1.7381076207464652,2019,5
2019-05-30,,,,,,3.99,3.46,,1.7381076207464652,2019,5
2019-06-01,1243.0,1299.0,729.0,,210.551,,,,2.337890843341861,2019,6
2019-06-06,,,,,,3.82,3.28,,1.3951091719880182,2019,6
2019-06-13,,,,,,3.82,3.26,,1.3951091719880182,2019,6
2019-06-20,,,,,,3.84,3.25,,1.3951091719880182,2019,6
2019-06-27,,,,,,3.73,3.16,,1.3951091719880182,2019,6
2019-07-01,1240.0,1379.0,648.0,318400.0,211.302,,,,1.756768470629022,2019,7
2019-07-03,,,,,,3.75,3.18,,0.9483224009516622,2019,7
2019-07-11,,,,,,3.75,3.22,,0.9483224009516622,2019,7
2019-07-18,,,,,,3.81,3.23,,0.9483224009516622,2019,7
2019-07-25,,,,,,3.75,3.18,,0.9483224009516622,2019,7
2019-08-01,1375.0,1482.0,712.0,,211.66,3.75,3.2,,1.1193548541207798,2019,8
2019-08-08,,,,,,3.6,3.05,,1.1193548541207798,2019,8
2019-08-15,,,,,,3.6,3.07,,0.5267132428722787,2019,8
2019-08-22,,,,,,3.55,3.03,,0.5267132428722787,2019,8
2019-08-29,,,,,,3.58,3.06,,0.5267132428722787,2019,8
2019-09-01,1311.0,1469.0,712.0,,211.839,,,,0.6117282748597797,2019,9
2019-09-05,,,,,,3.49,3.0,,0.6117282748597797,2019,9
2019-09-12,,,,,,3.56,3.09,,0.25413862623164807,2019,9
2019-09-19,,,,,,3.73,3.21,,0.25413862623164807,2019,9
2019-09-26,,,,,,3.64,3.16,,0.25413862623164807,2019,9
2019-10-01,1325.0,1523.0,722.0,327100.0,211.934,,,,0.2990979735165711,2019,10
2019-10-03,,,,,,3.65,3.14,,0.2990979735165711,2019,10
2019-10-10,,,,,,3.57,3.05,,0.12945289615420297,2019,10
2019-10-17,,,,,,3.69,3.15,,0.12945289615420297,2019,10
2019-10-24,,,,,,3.75,3.18,,0.12945289615420297,2019,10
2019-10-31,,,,,,3.78,3.19,,0.12945289615420297,2019,10
2019-11-01,1353.0,1535.0,713.0,,212.074,,,,0.19559671170745752,2019,11
2019-11-07,,,,,,3.69,3.13,,0.11093330312170746,2019,11
2019-11-14,,,,,,3.75,3.2,,0.11093330312170746,2019,11
2019-11-21,,,,,,3.66,3.15,,0.11093330312170746,2019,11
2019-11-27,,,,,,3.68,3.15,,0.11093330312170746,2019,11
2019-12-01,1548.0,1443.0,700.0,,212.205,,,,0.172772718904457,2019,12
2019-12-05,,,,,,3.68,3.14,,0.12786999726330794,2019,12
2019-12-12,,,,,,3.73,3.19,,0.12786999726330794,2019,12
2019-12-19,,,,,,3.73,3.19,,0.12786999726330794,2019,12
2019-12-26,,,,,,3.74,3.19,,0.12786999726330794,2019,12
2020-01-01,1581.0,1495.0,689.0,329000.0,212.363,,,,0.20242150858285068,2020,1
2020-01-02,,,,,,3.72,3.16,,0.20242150858285068,2020,1
2020-01-09,,,,,,3.64,3.07,,0.1362731876608958,2020,1
2020-01-16,,,,,,3.65,3.09,,0.1362731876608958,2020,1
2020-01-23,,,,,,3.6,3.04,,0.1362731876608958,2020,1
2020-01-30,,,,,,3.51,3.0,,0.1362731876608958,2020,1
2020-02-01,1549.0,1455.0,707.0,,213.181,,,,0.5219876080990504,2020,2
2020-02-06,,,,,,3.45,2.97,,0.45993261233241434,2020,2
2020-02-13,,,,,,3.47,2.97,,0.45993261233241434,2020,2
2020-02-20,,,,,,3.49,2.99,,0.45993261233241434,2020,2
2020-02-27,,,,,,3.45,2.95,,0.45993261233241434,2020,2
2020-03-01,1266.0,1346.0,626.0,,215.157,,,,1.391107655333279,2020,3
2020-03-05,,,,,,3.29,2.79,,1.3156717507287086,2020,3
2020-03-12,,,,,,3.36,2.77,,1.3156717507287086,2020,3
2020-03-19,,,,,,3.65,3.06,,1.3156717507287086,2020,3
2020-03-26,,,,,,3.5,2.92,,1.3156717507287086,2020,3
2020-04-01,936.0,1076.0,576.0,317100.0,217.204,,,,2.279587310407183,2020,4
2020-04-02,,,,,,3.33,2.82,,2.279587310407183,2020,4
2020-04-09,,,,,,3.33,2.77,,1.8871287778929657,2020,4
2020-04-16,,,,,,3.31,2.8,,1.8871287778929657,2020,4
2020-04-23,,,,,,3.33,2.86,,1.8871287778929657,2020,4
2020-04-30,,,,,,3.23,2.77,,1.8871287778929657,2020,4
2020-05-01,1039.0,1250.0,707.0,,218.452,,,,2.4725468029514808,2020,5
2020-05-07,,,,,,3.26,2.73,,1.531439832308501,2020,5
2020-05-14,,,,,,3.28,2.72,,1.531439832308501,2020,5
2020-05-21,,,,,,3.24,2.7,,1.531439832308501,2020,5
2020-05-28,,,,,,3.15,2.62,,1.531439832308501,2020,5
2020-06-01,1266.0,1334.0,901.0,,219.778,,,,2.147733980302746,2020,6
2020-06-04,,,,,,3.18,2.62,,1.1850610485994562,2020,6
2020-06-11,,,,,,3.21,2.62,,1.1850610485994562,2020,6
2020-06-18,,,,,,3.13,2.58,,1.1850610485994562,2020,6
2020-06-25,,,,,,3.13,2.59,,1.1850610485994562,2020,6
2020-07-01,1526.0,1546.0,981.0,327900.0,221.533,,,,1.9930572180991035,2020,7
2020-07-02,,,,,,3.07,2.56,,1.9930572180991035,2020,7
2020-07-09,,,,,,3.03,2.51,,1.4103784813139786,2020,7
2020-07-16,,,,,,2.98,2.48,,1.4103784813139786,2020,7
2020-07-23,,,,,,3.01,2.54,,1.4103784813139786,2020,7
2020-07-30,,,,,,2.99,2.51,,1.4103784813139786,2020,7
2020-08-01,1396.0,1533.0,1016.0,,224.012,,,,2.545181550180353,2020,8
2020-08-06,,,,,,2.88,2.44,,1.9264894575435232,2020,8
2020-08-13,,,,,,2.96,2.46,,1.9264894575435232,2020,8
2020-08-20,,,,,,2.99,2.54,,1.9264894575435232,2020,8
2020-08-27,,,,,,2.91,2.46,,1.9264894575435232,2020,8
2020-09-01,1473.0,1636.0,979.0,,226.762,,,,3.17775209529616,2020,9
2020-09-03,,,,,,2.93,2.42,,2.3603706896941024,2020,9
2020-09-10,,,,,,2.86,2.37,,2.3603706896941024,2020,9
2020-09-17,,,,,,2.87,2.35,,2.3603706896941024,2020,9
2020-09-24,,,,,,2.9,2.4,,2.3603706896941024,2020,9
2020-10-01,1543.0,1613.0,1031.0,338600.0,229.77,2.88,2.36,,3.718181941290921,2020,10
2020-10-08,,,,,,2.87,2.37,,3.718181941290921,2020,10
2020-10-15,,,,,,2.81,2.35,,2.5703980143920946,2020,10
2020-10-22,,,,,,2.8,2.33,,2.5703980143920946,2020,10
2020-10-29,,,,,,2.81,2.32,,2.5703980143920946,2020,10
2020-11-01,1543.0,1703.0,877.0,,232.273,,,,3.687748870596219,2020,11
2020-11-05,,,,,,2.78,2.32,,3.687748870596219,2020,11
2020-11-12,,,,,,2.84,2.34,,2.4303013732459577,2020,11
2020-11-19,,,,,,2.72,2.28,,2.4303013732459577,2020,11
2020-11-25,,,,,,2.72,2.28,,2.4303013732459577,2020,11
2020-12-01,1614.0,1752.0,874.0,,234.321,,,,3.3334509309319804,2020,12
2020-12-03,,,,,,2.71,2.26,,3.3334509309319804,2020,12
2020-12-10,,,,,,2.71,2.26,,1.9806763285024065,2020,12
2020-12-17,,,,,,2.67,2.21,,1.9806763285024065,2020,12
2020-12-24,,,,,,2.66,2.19,,1.9806763285024065,2020,12
2020-12-31,,,,,,2.67,2.17,,1.9806763285024065,2020,12
2021-01-01,1630.0,1855.0,898.0,355000.0,236.394,,,,2.8828828828828756,2021,1
2021-01-07,,,,,,2.65,2.16,,1.7742053531835333,2021,1
2021-01-14,,,,,,2.79,2.23,,1.7742053531835333,2021,1
2021-01-21,,,,,,2.77,2.21,,1.7742053531835333,2021,1
2021-01-28,,,,,,2.73,2.2,,1.7742053531835333,2021,1
2021-02-01,1404.0,1711.0,778.0,,239.175,,,,2.9715033602700336,2021,2
2021-02-04,,,,,,2.73,2.21,,2.07151727758077,2021,2
2021-02-11,,,,,,2.73,2.19,,2.07151727758077,2021,2
2021-02-18,,,,,,2.81,2.21,,2.07151727758077,2021,2
2021-02-25,,,,,,2.97,2.34,,2.07151727758077,2021,2
2021-03-01,1696.0,1756.0,871.0,,244.173,,,,4.204488714199761,2021,3
2021-03-04,,,,,,3.02,2.34,,4.204488714199761,2021,3
2021-03-11,,,,,,3.05,2.38,,3.2906926571740325,2021,3
2021-03-18,,,,,,3.09,2.4,,3.2906926571740325,2021,3
2021-03-25,,,,,,3.17,2.45,,3.2906926571740325,2021,3
2021-04-01,1495.0,1721.0,828.0,367800.0,249.783,3.18,2.45,,5.663849336277571,2021,4
2021-04-08,,,,,,3.13,2.42,,5.663849336277571,2021,4
2021-04-15,,,,,,3.04,2.35,,4.435246158670414,2021,4
2021-04-22,,,,,,2.97,2.29,,4.435246158670414,2021,4
2021-04-29,,,,,,2.98,2.31,,4.435246158670414,2021,4
2021-05-01,1589.0,1703.0,725.0,,255.407,,,,6.78666248562767,2021,5
2021-05-06,,,,,,2.96,2.3,,6.78666248562767,2021,5
2021-05-13,,,,,,2.94,2.26,,4.600836292300947,2021,5
2021-05-20,,,,,,3.0,2.29,,4.600836292300947,2021,5
2021-05-27,,,,,,2.95,2.27,,4.600836292300947,2021,5
2021-06-01,1650.0,1654.0,695.0,,261.126,,,,6.943028098929838,2021,6
2021-06-03,,,,,,2.99,2.27,,6.943028098929838,2021,6
2021-06-10,,,,,,2.96,2.23,,4.541141711005148,2021,6
2021-06-17,,,,,,2.93,2.24,,4.541141711005148,2021,6
2021-06-24,,,,,,3.02,2.34,,4.541141711005148,2021,6
2021-07-01,1597.0,1658.0,726.0,395200.0,265.456,2.98,2.26,,6.274646393069205,2021,7
2021-07-08,,,,,,2.9,2.2,,6.274646393069205,2021,7
2021-07-15,,,,,,2.88,2.22,,3.9345045358976094,2021,7
2021-07-22,,,,,,2.78,2.12,,3.9345045358976094,2021,7
2021-07-29,,,,,,2.8,2.1,,3.9345045358976094,2021,7
2021-08-01,1594.0,1736.0,686.0,,268.725,,,,5.214422470801505,2021,8
2021-08-05,,,,,,2.77,2.1,,5.214422470801505,2021,8
2021-08-12,,,,,,2.87,2.15,,2.910089382137371,2021,8
2021-08-19,,,,,,2.86,2.16,,2.910089382137371,2021,8
2021-08-26,,,,,,2.87,2.17,,2.910089382137371,2021,8
2021-09-01,1577.0,1640.0,728.0,,271.373,,,,3.924159218155232,2021,9
2021-09-02,,,,,,2.87,2.18,,3.924159218155232,2021,9
2021-09-09,,,,,,2.88,2.19,,2.2289946356458312,2021,9
2021-09-16,,,,,,2.86,2.12,,2.2289946356458312,2021,9
2021-09-23,,,,,,2.88,2.15,,2.2289946356458312,2021,9
2021-09-30,,,,,,3.01,2.28,,2.2289946356458312,2021,9
2021-10-01,1579.0,1707.0,684.0,414000.0,273.577,,,,3.0592640588270603,2021,10
2021-10-07,,,,,,2.99,2.23,,1.8055633082147082,2021,10
2021-10-14,,,,,,3.05,2.3,,1.8055633082147082,2021,10
2021-10-21,,,,,,3.09,2.33,,1.8055633082147082,2021,10
2021-10-28,,,,,,3.14,2.37,,1.8055633082147082,2021,10
2021-11-01,1705.0,1765.0,789.0,,275.943,,,,2.6860173039352286,2021,11
2021-11-04,,,,,,3.09,2.35,,1.6840289933044206,2021,11
2021-11-10,,,,,,2.98,2.27,,1.6840289933044206,2021,11
2021-11-18,,,,,,3.1,2.39,,1.6840289933044206,2021,11
2021-11-24,,,,,,3.1,2.42,,1.6840289933044206,2021,11
2021-12-01,1722.0,1919.0,825.0,,278.516,,,,2.632170481219598,2021,12
2021-12-02,,,,,,3.11,2.39,,2.632170481219598,2021,12
2021-12-09,,,,,,3.1,2.38,,1.80534182332579,2021,12
2021-12-16,,,,,,3.12,2.34,,1.80534182332579,2021,12
2021-12-23,,,,,,3.05,2.3,,1.80534182332579,2021,12
2021-12-30,,,,,,3.11,2.33,,1.80534182332579,2021,12
2022-01-01,1702.0,1920.0,807.0,413500.0,281.895,,,,3.0404602726106233,2022,1
2022-01-06,,,,,,3.22,2.43,,2.1569671997477835,2022,1
2022-01-13,,,,,,3.45,2.62,,2.1569671997477835,2022,1
2022-01-20,,,,,,3.56,2.79,,2.1569671997477835,2022,1
2022-01-27,,,,,,3.55,2.8,,2.1569671997477835,2022,1
2022-02-01,1735.0,1857.0,788.0,,287.114,,,,4.048299830037361,2022,2
2022-02-03,,,,,,3.55,2.77,,3.0870757873874277,2022,2
2022-02-10,,,,,,3.69,2.93,,3.0870757873874277,2022,2
2022-02-17,,,,,,3.92,3.15,,3.0870757873874277,2022,2
2022-02-24,,,,,,3.89,3.14,,3.0870757873874277,2022,2
2022-03-01,1712.0,1868.0,720.0,,294.908,,,,5.8854787516695595,2022,3
2022-03-03,,,,,,3.76,3.01,,5.8854787516695595,2022,3
2022-03-10,,,,,,3.85,3.09,,4.616257826495684,2022,3
2022-03-17,,,,,,4.16,3.39,,4.616257826495684,2022,3
2022-03-24,,,,,,4.42,3.63,,4.616257826495684,2022,3
2022-03-31,,,,,,4.67,3.83,,4.616257826495684,2022,3
2022-04-01,1820.0,1859.0,624.0,437700.0,301.525,,,,6.963585732276201,2022,4
2022-04-07,,,,,,4.72,3.91,,5.019260642114287,2022,4
2022-04-14,,,,,,5.0,4.17,,5.019260642114287,2022,4
2022-04-21,,,,,,5.11,4.38,,5.019260642114287,2022,4
2022-04-28,,,,,,5.1,4.4,,5.019260642114287,2022,4
2022-05-01,1531.0,1704.0,644.0,,306.287,,,,6.677835284939082,2022,5
2022-05-05,,,,,,5.27,4.52,,3.858491461743996,2022,5
2022-05-12,,,,,,5.3,4.48,,3.858491461743996,2022,5
2022-05-19,,,,,,5.25,4.43,,3.858491461743996,2022,5
2022-05-26,,,,,,5.1,4.31,,3.858491461743996,2022,5
2022-06-01,1551.0,1737.0,549.0,,308.082,,,,4.467155858776284,2022,6
2022-06-02,,,,,,5.09,4.32,,4.467155858776284,2022,6
2022-06-09,,,,,,5.23,4.38,,2.1746123870325818,2022,6
2022-06-16,,,,,,5.78,4.81,,2.1746123870325818,2022,6
2022-06-23,,,,,,5.81,4.92,,2.1746123870325818,2022,6
2022-06-30,,,,,,5.7,4.83,,2.1746123870325818,2022,6
2022-07-01,1381.0,1703.0,519.0,438000.0,306.917,,,,1.788243097587272,2022,7
2022-07-07,,,,,,5.3,4.45,,0.2056894350723315,2022,7
2022-07-14,,,,,,5.51,4.67,,0.2056894350723315,2022,7
2022-07-21,,,,,,5.54,4.75,,0.2056894350723315,2022,7
2022-07-28,,,,,,5.3,4.58,,0.2056894350723315,2022,7
2022-08-01,1531.0,1557.0,638.0,,303.493,,,,-0.9122163199874578,2022,8
2022-08-04,,,,,,4.99,4.26,,-1.4895384994903949,2022,8
2022-08-11,,,,,,5.22,4.59,,-1.4895384994903949,2022,8
2022-08-18,,,,,,5.13,4.55,,-1.4895384994903949,2022,8
2022-08-25,,,,,,5.55,4.85,,-1.4895384994903949,2022,8
2022-09-01,1488.0,1600.0,552.0,,300.326,5.66,4.98,,-2.517511571594566,2022,9
2022-09-08,,,,,,5.89,5.16,,-2.517511571594566,2022,9
2022-09-15,,,,,,6.02,5.21,,-2.1474861281714497,2022,9
2022-09-22,,,,,,6.29,5.44,,-2.1474861281714497,2022,9
2022-09-29,,,,,,6.7,5.96,,-2.1474861281714497,2022,9
2022-10-01,1435.0,1594.0,579.0,442600.0,298.542,,,,-2.7287507697520863,2022,10
2022-10-06,,,,,,6.66,5.9,,-2.7287507697520863,2022,10
2022-10-13,,,,,,6.92,6.09,,-1.6313391083155215,2022,10
2022-10-20,,,,,,6.94,6.23,,-1.6313391083155215,2022,10
2022-10-27,,,,,,7.08,6.36,,-1.6313391083155215,2022,10
2022-11-01,1424.0,1401.0,597.0,,296.727,,,,-2.2293759658377654,2022,11
2022-11-03,,,,,,6.95,6.29,,-2.2293759658377654,2022,11
2022-11-10,,,,,,7.08,6.38,,-1.1983644439709007,2022,11
2022-11-17,,,,,,6.61,5.98,,-1.1983644439709007,2022,11
2022-11-23,,,,,,6.58,5.9,,-1.1983644439709007,2022,11
2022-12-01,1308.0,1410.0,621.0,,294.22,6.49,5.76,,-2.033124005247633,2022,12
2022-12-08,,,,,,6.33,5.67,,-2.033124005247633,2022,12
2022-12-15,,,,,,6.31,5.54,,-1.4477025008206357,2022,12
2022-12-22,,,,,,6.27,5.69,,-1.4477025008206357,2022,12
2022-12-29,,,,,,6.42,5.68,,-1.4477025008206357,2022,12
2023-01-01,1361.0,1410.0,650.0,429000.0,292.712,,,,-1.9528240582564527,2023,1
2023-01-05,,,,,,6.48,5.73,,-1.9528240582564527,2023,1
2023-01-12,,,,,,6.33,5.52,,-1.3530956063991462,2023,1
2023-01-19,,,,,,6.15,5.28,,-1.3530956063991462,2023,1
2023-01-26,,,,,,6.13,5.17,,-1.3530956063991462,2023,1
2023-02-01,1399.0,1618.0,636.0,,293.507,,,,-1.0851725660286915,2023,2
2023-02-02,,,,,,6.09,5.14,,-1.0851725660286915,2023,2
2023-02-09,,,,,,6.12,5.25,,-0.24233566718782074,2023,2
2023-02-16,,,,,,6.32,5.51,,-0.24233566718782074,2023,2
2023-02-23,,,,,,6.5,5.76,,-0.24233566718782074,2023,2
2023-03-01,1377.0,1480.0,651.0,,297.428,,,,1.090340561484604,2023,3
2023-03-02,,,,,,6.65,5.89,,1.090340561484604,2023,3
2023-03-09,,,,,,6.73,5.95,,1.6111399600972964,2023,3
2023-03-16,,,,,,6.6,5.9,,1.6111399600972964,2023,3
2023-03-23,,,,,,6.42,5.68,,1.6111399600972964,2023,3
2023-03-30,,,,,,6.32,5.56,,1.6111399600972964,2023,3
2023-04-01,1354.0,1474.0,665.0,418500.0,301.542,,,,3.016617016043077,2023,4
2023-04-06,,,,,,6.28,5.64,,2.737583771426233,2023,4
2023-04-13,,,,,,6.27,5.54,,2.737583771426233,2023,4
2023-04-20,,,,,,6.39,5.76,,2.737583771426233,2023,4
2023-04-27,,,,,,6.43,5.71,,2.737583771426233,2023,4
2023-05-01,1584.0,1575.0,739.0,,305.409,,,,4.055099196952705,2023,5
2023-05-04,,,,,,6.39,5.76,,2.683338488642617,2023,5
2023-05-11,,,,,,6.35,5.75,,2.683338488642617,2023,5
2023-05-18,,,,,,6.39,5.75,,2.683338488642617,2023,5
2023-05-25,,,,,,6.57,5.97,,2.683338488642617,2023,5
2023-06-01,1421.0,1464.0,674.0,,308.369,6.79,6.18,,3.678537326680753,2023,6
2023-06-08,,,,,,6.71,6.07,,3.678537326680753,2023,6
2023-06-15,,,,,,6.69,6.1,,2.2640295547552425,2023,6
2023-06-22,,,,,,6.67,6.03,,2.2640295547552425,2023,6
2023-06-29,,,,,,6.71,6.06,,2.2640295547552425,2023,6
2023-07-01,1460.0,1522.0,702.0,435400.0,310.292,,,,2.901751663118235,2023,7
2023-07-06,,,,,,6.81,6.24,,2.901751663118235,2023,7
2023-07-13,,,,,,6.96,6.3,,1.598839588879164,2023,7
2023-07-20,,,,,,6.78,6.06,,1.598839588879164,2023,7
2023-07-27,,,,,,6.81,6.11,,1.598839588879164,2023,7
2023-08-01,1317.0,1561.0,645.0,,311.655,,,,2.045126371521455,2023,8
2023-08-03,,,,,,6.9,6.25,,2.045126371521455,2023,8
2023-08-10,,,,,,6.96,6.34,,1.0656064649818608,2023,8
2023-08-17,,,,,,7.09,6.46,,1.0656064649818608,2023,8
2023-08-24,,,,,,7.23,6.55,,1.0656064649818608,2023,8
2023-08-31,,,,,,7.18,6.55,,1.0656064649818608,2023,8
2023-09-01,1371.0,1537.0,681.0,,312.511,,,,1.343195976249234,2023,9
2023-09-07,,,,,,7.12,6.52,,0.7151328426127757,2023,9
2023-09-14,,,,,,7.18,6.51,,0.7151328426127757,2023,9
2023-09-21,,,,,,7.19,6.54,,0.7151328426127757,2023,9
2023-09-28,,,,,,7.31,6.72,,0.7151328426127757,2023,9
2023-10-01,1368.0,1528.0,681.0,423200.0,312.863,,,,0.8285743751047514,2023,10
2023-10-05,,,,,,7.49,6.78,,0.3876080922815328,2023,10
2023-10-12,,,,,,7.57,6.89,,0.3876080922815328,2023,10
2023-10-19,,,,,,7.63,6.92,,0.3876080922815328,2023,10
2023-10-26,,,,,,7.79,7.03,,0.3876080922815328,2023,10
2023-11-01,1514.0,1503.0,610.0,,312.1,,,,0.1427860935971026,2023,11
2023-11-02,,,,,,7.76,7.03,,0.1427860935971026,2023,11
2023-11-09,,,,,,7.5,6.81,,-0.13151537065895225,2023,11
2023-11-16,,,,,,7.44,6.76,,-0.13151537065895225,2023,11
2023-11-22,,,,,,7.29,6.67,,-0.13151537065895225,2023,11
2023-11-30,,,,,,7.22,6.56,,-0.13151537065895225,2023,11
2023-12-01,1521.0,1519.0,643.0,,310.913,,,,-0.5113420007615721,2023,12
2023-12-07,,,,,,7.03,6.29,,-0.6232760025953854,2023,12
2023-12-14,,,,,,6.95,6.38,,-0.6232760025953854,2023,12
2023-12-21,,,,,,6.67,5.95,,-0.6232760025953854,2023,12
2023-12-28,,,,,,6.61,5.93,,-0.6232760025953854,2023,12
2024-01-01,1381.0,1545.0,681.0,426800.0,310.781,,,,-0.6654669935402979,2024,1
2024-01-04,,,,,,6.62,5.89,,-0.42262095482217266,2024,1
2024-01-11,,,,,,6.66,5.87,,-0.42262095482217266,2024,1
2024-01-18,,,,,,6.6,5.76,,-0.42262095482217266,2024,1
2024-01-25,,,,,,6.69,5.96,,-0.42262095482217266,2024,1
2024-02-01,1552.0,1577.0,658.0,,312.704,6.63,5.94,,0.19352771547580527,2024,2
2024-02-08,,,,,,6.64,5.9,,0.19352771547580527,2024,2
2024-02-15,,,,,,6.77,6.12,,0.5760453889030126,2024,2
2024-02-22,,,,,,6.9,6.29,,0.5760453889030126,2024,2
2024-02-29,,,,,,6.94,6.26,,0.5760453889030126,2024,2
2024-03-01,1312.0,1476.0,692.0,,316.884,,,,1.9204729297263246,2024,3
2024-03-07,,,,,,6.88,6.22,,1.9204729297263246,2024,3
2024-03-14,,,,,,6.74,6.16,,1.9637622634588459,2024,3
2024-03-21,,,,,,6.87,6.21,,1.9637622634588459,2024,3
2024-03-28,,,,,,6.79,6.11,,1.9637622634588459,2024,3
2024-04-01,1385.0,1459.0,719.0,414500.0,320.812,,,,3.2276747935040984,2024,4
2024-04-04,,,,,,6.82,6.06,,3.2276747935040984,2024,4
2024-04-11,,,,,,6.88,6.16,,2.592867376176833,2024,4
2024-04-18,,,,,,7.1,6.39,,2.592867376176833,2024,4
2024-04-25,,,,,,7.17,6.44,,2.592867376176833,2024,4
2024-05-01,1316.0,1407.0,665.0,,323.756,,,,3.5343327875562824,2024,5
2024-05-02,,,,,,7.22,6.47,,3.5343327875562824,2024,5
2024-05-09,,,,,,7.09,6.38,,2.1686169071331918,2024,5
2024-05-16,,,,,,7.02,6.28,,2.1686169071331918,2024,5
2024-05-23,,,,,,6.94,6.24,,2.1686169071331918,2024,5
2024-05-30,,,,,,7.03,6.36,,2.1686169071331918,2024,5
2024-06-01,1327.0,1461.0,671.0,,325.309,,,,2.6587016068971625,2024,6
2024-06-06,,,,,,6.99,6.29,,1.4017555453037955,2024,6
2024-06-13,,,,,,6.95,6.17,,1.4017555453037955,2024,6
2024-06-20,,,,,,6.87,6.13,,1.4017555453037955,2024,6
2024-06-27,,,,,,6.86,6.16,,1.4017555453037955,2024,6
2024-07-01,1265.0,1436.0,710.0,415300.0,325.631,,,,1.5021258556412898,2024,7
2024-07-03,,,,,,6.95,6.25,,0.5791398460569086,2024,7
2024-07-11,,,,,,6.89,6.17,,0.5791398460569086,2024,7
2024-07-18,,,,,,6.77,6.05,,0.5791398460569086,2024,7
2024-07-25,,,,,,6.78,6.07,,0.5791398460569086,2024,7
2024-08-01,1391.0,1476.0,693.0,,325.076,6.73,5.99,,0.40771445162408604,2024,8
2024-08-08,,,,,,6.47,5.63,,0.40771445162408604,2024,8
2024-08-15,,,,,,6.49,5.66,,-0.07162420959764271,2024,8
2024-08-22,,,,,,6.46,5.62,,-0.07162420959764271,2024,8
2024-08-29,,,,,,6.35,5.51,,-0.07162420959764271,2024,8
2024-09-01,1357.0,1434.0,717.0,,324.71,,,,-0.18413262467378289,2024,9
2024-09-05,,,,,,6.35,5.47,,-0.18413262467378289,2024,9
2024-09-12,,,,,,6.2,5.27,,-0.282835479423027,2024,9
2024-09-19,,,,,,6.09,5.15,,-0.282835479423027,2024,9
2024-09-26,,,,,,6.08,5.16,,-0.282835479423027,2024,9
2024-10-01,1352.0,1428.0,621.0,419300.0,324.029,,,,-0.49196790231887944,2024,10
2024-10-03,,,,,,6.12,5.25,,-0.49196790231887944,2024,10
2024-10-10,,,,,,6.32,5.41,,-0.3220785293285289,2024,10
2024-10-17,,,,,,6.44,5.63,,-0.3220785293285289,2024,10
2024-10-24,,,,,,6.54,5.71,,-0.3220785293285289,2024,10
2024-10-31,,,,,,6.72,5.99,,-0.3220785293285289,2024,10
2024-11-01,1295.0,1508.0,675.0,,323.745,,,,-0.40944271493436046,2024,11
2024-11-07,,,,,,6.79,6.0,,-0.2971882602937903,2024,11
2024-11-14,,,,,,6.78,5.99,,-0.2971882602937903,2024,11
2024-11-21,,,,,,6.84,6.02,,-0.2971882602937903,2024,11
2024-11-27,,,,,,6.81,6.1,,-0.2971882602937903,2024,11
2024-12-01,1514.0,1480.0,718.0,,323.347,,,4290000.0,-0.4197591697206682,2024,12
2024-12-05,,,,,,6.69,5.96,,-0.21047498834981804,2024,12
2024-12-12,,,,,,6.6,5.84,,-0.21047498834981804,2024,12
2024-12-19,,,,,,6.72,5.92,,-0.21047498834981804,2024,12
2024-12-26,,,,,,6.85,6.0,,-0.21047498834981804,2024,12
2025-01-01,1358.0,1460.0,662.0,423100.0,323.674,,,4090000.0,-0.1095580951087749,2025,1
2025-01-02,,,,,,6.91,6.13,,-0.1095580951087749,2025,1
2025-01-09,,,,,,6.93,6.14,,-0.02193084063074613,2025,1
2025-01-16,,,,,,7.04,6.27,,-0.02193084063074613,2025,1
2025-01-23,,,,,,6.96,6.16,,-0.02193084063074613,2025,1
2025-01-30,,,,,,6.95,6.12,,-0.02193084063074613,2025,1
2025-02-01,1490.0,1454.0,642.0,,325.127,,,4270000.0,0.426879179601225,2025,2
2025-02-06,,,,,,6.89,6.05,,0.5504921956906994,2025,2
2025-02-13,,,,,,6.87,6.09,,0.5504921956906994,2025,2
2025-02-20,,,,,,6.85,6.04,,0.5504921956906994,2025,2
2025-02-27,,,,,,6.76,5.94,,0.5504921956906994,2025,2
2025-03-01,1355.0,1481.0,660.0,,327.747,,,4020000.0,1.3607672253028502,2025,3
2025-03-06,,,,,,6.63,5.79,,1.2583648980146744,2025,3
2025-03-13,,,,,,6.65,5.8,,1.2583648980146744,2025,3
2025-03-20,,,,,,6.67,5.83,,1.2583648980146744,2025,3
2025-03-27,,,,,,6.65,5.89,,1.2583648980146744,2025,3
2025-04-01,1398.0,1422.0,706.0,410800.0,329.915,,,4000000.0,1.9281746448587267,2025,4
2025-04-03,,,,,,6.64,5.82,,1.9281746448587267,2025,4
2025-04-10,,,,,,6.62,5.82,,1.4726553008516774,2025,4
2025-04-17,,,,,,6.83,6.03,,1.4726553008516774,2025,4
2025-04-24,,,,,,6.81,5.94,,1.4726553008516774,2025,4
2025-05-01,1282.0,1394.0,627.0,,331.439,6.76,5.92,4040000.0,1.941395208641561,2025,5
2025-05-08,,,,,,6.76,5.89,,1.941395208641561,2025,5
2025-05-15,,,,,,6.81,5.92,,1.126478655792429,2025,5
2025-05-22,,,,,,6.86,6.01,,1.126478655792429,2025,5
2025-05-29,,,,,,6.89,6.03,,1.126478655792429,2025,5
2025-06-01,1382.0,1393.0,662.0,,331.627,,,3930000.0,1.1838399741263883,2025,6
2025-06-05,,,,,,6.85,5.99,,1.1838399741263883,2025,6
2025-06-12,,,,,,6.84,5.97,,0.5189215403967662,2025,6
2025-06-18,,,,,,6.81,5.96,,0.5189215403967662,2025,6
2025-06-26,,,,,,6.77,5.89,,0.5189215403967662,2025,6
2025-07-01,1420.0,1362.0,639.0,,330.986,,,4010000.0,0.32462907112436046,2025,7
2025-07-03,,,,,,6.67,5.8,,0.32462907112436046,2025,7
2025-07-10,,,,,,6.72,5.86,,-0.13667673387863788,2025,7
2025-07-17,,,,,,6.75,5.92,,-0.13667673387863788,2025,7
2025-07-24,,,,,,6.74,5.87,,-0.13667673387863788,2025,7
2025-07-31,,,,,,6.72,5.85,,-0.13667673387863788,2025,7
2025-08-01,1291.0,1330.0,711.0,,329.885,,,4000000.0,-0.4688645572790251,2025,8
2025-08-07,,,,,,6.63,5.75,,-0.5252889541563333,2025,8
2025-08-14,,,,,,6.58,5.71,,-0.5252889541563333,2025,8
2025-08-21,,,,,,6.58,5.69,,-0.5252889541563333,2025,8
2025-08-28,,,,,,6.56,5.69,,-0.5252889541563333,2025,8
2025-09-01,1306.0,1415.0,738.0,,328.978,,,4050000.0,-0.7987890008955834,2025,9
2025-09-04,,,,,,6.5,5.6,,-0.6066721855304991,2025,9
2025-09-11,,,,,,6.35,5.5,,-0.6066721855304991,2025,9
2025-09-18,,,,,,6.26,5.41,,-0.6066721855304991,2025,9
2025-09-25,,,,,,6.3,5.49,,-0.6066721855304991,2025,9
2025-10-01,1246.0,1412.0,737.0,,328.442,,,4110000.0,-0.7686125697159318,2025,10
2025-10-02,,,,,,6.34,5.55,,-0.7686125697159318,2025,10
2025-10-09,,,,,,6.3,5.53,,-0.43742516331448655,2025,10
2025-10-16,,,,,,6.27,5.52,,-0.43742516331448655,2025,10
2025-10-23,,,,,,6.19,5.44,,-0.43742516331448655,2025,10
2025-10-30,,,,,,6.17,5.41,,-0.43742516331448655,2025,10
2025-11-01,,,,,,,,4140000.0,-0.43742516331448655,2025,11
2025-11-06,,,,,,6.22,5.5,,-0.16292882806753228,2025,11
2025-11-13,,,,,,6.24,5.49,,-0.16292882806753228,2025,11
2025-11-20,,,,,,6.26,5.54,,-0.16292882806753228,2025,11
2025-11-26,,,,,,6.23,5.51,,-0.16292882806753228,2025,11
2025-12-01,,,,,,,,4350000.0,-0.16292882806753228,2025,12
2025-12-04,,,,,,6.19,5.44,,0.0,2025,12
2025-12-11,,,,,,6.22,5.54,,0.0,2025,12
2025-12-18,,,,,,6.21,5.47,,0.0,2025,12
2025-12-24,,,,,,6.18,5.5,,0.0,2025,12
2025-12-31,,,,,,6.15,5.44,,0.0,2025,12
2026-01-08,,,,,,6.16,5.46,,0.0,2026,1
2026-01-15,,,,,,6.06,5.38,,0.0,2026,1
