company,buyer,award_date,tranche,buyer_volume_mmbbl,site,quality_bucket,tranche_window_volume_mmbbl,delivery_period,window_delivery_start,window_delivery_end,planned_avg_bpd,delivery_window_basis,award_source_url,rfp_window_source_url
BP Products North America,BP Products North America,2026-03-20,FY26 SPR Oil Release No. 1,5.0,Bryan Mound,Sour,42.0,April - May 2026,2026-04-01,2026-05-31,688524.59,Tranche-level RFP delivery window; DOE award PDFs do not publish buyer-specific site/month/quality splits.,https://www.spr.doe.gov/posting/EXCHANGE/archive/FY26%20SPR%20Oil%20Release%20No.%201/1-Request%20for%20Proposal/FY26%20SPR%20Oil%20Release%20No.%201%20Award%20Information.pdf,https://www.spr.doe.gov/posting/EXCHANGE/archive/FY26%20SPR%20Oil%20Release%20No.%201/1-Request%20for%20Proposal/FY26%20SPR%20Oil%20Release%20No.%201%20Request%20for%20Proposal.pdf
BP Products North America,BP Products North America,2026-03-20,FY26 SPR Oil Release No. 1,5.0,Bayou Choctaw,Sweet,10.0,April - May 2026,2026-04-01,2026-05-31,163934.426,Tranche-level RFP delivery window; DOE award PDFs do not publish buyer-specific site/month/quality splits.,https://www.spr.doe.gov/posting/EXCHANGE/archive/FY26%20SPR%20Oil%20Release%20No.%201/1-Request%20for%20Proposal/FY26%20SPR%20Oil%20Release%20No.%201%20Award%20Information.pdf,https://www.spr.doe.gov/posting/EXCHANGE/archive/FY26%20SPR%20Oil%20Release%20No.%201/1-Request%20for%20Proposal/FY26%20SPR%20Oil%20Release%20No.%201%20Request%20for%20Proposal.pdf
BP Products North America,BP Products North America,2026-03-20,FY26 SPR Oil Release No. 1,5.0,West Hackberry,Sour,34.0,April - May 2026,2026-04-01,2026-05-31,557377.049,Tranche-level RFP delivery window; DOE award PDFs do not publish buyer-specific site/month/quality splits.,https://www.spr.doe.gov/posting/EXCHANGE/archive/FY26%20SPR%20Oil%20Release%20No.%201/1-Request%20for%20Proposal/FY26%20SPR%20Oil%20Release%20No.%201%20Award%20Information.pdf,https://www.spr.doe.gov/posting/EXCHANGE/archive/FY26%20SPR%20Oil%20Release%20No.%201/1-Request%20for%20Proposal/FY26%20SPR%20Oil%20Release%20No.%201%20Request%20for%20Proposal.pdf
Energy Transfer Crude Marketing,Energy Transfer Crude Marketing LLC,2026-03-20,FY26 SPR Oil Release No. 1,0.375,Bryan Mound,Sour,42.0,April - May 2026,2026-04-01,2026-05-31,688524.59,Tranche-level RFP delivery window; DOE award PDFs do not publish buyer-specific site/month/quality splits.,https://www.spr.doe.gov/posting/EXCHANGE/archive/FY26%20SPR%20Oil%20Release%20No.%201/1-Request%20for%20Proposal/FY26%20SPR%20Oil%20Release%20No.%201%20Award%20Information.pdf,https://www.spr.doe.gov/posting/EXCHANGE/archive/FY26%20SPR%20Oil%20Release%20No.%201/1-Request%20for%20Proposal/FY26%20SPR%20Oil%20Release%20No.%201%20Request%20for%20Proposal.pdf
Energy Transfer Crude Marketing,Energy Transfer Crude Marketing LLC,2026-03-20,FY26 SPR Oil Release No. 1,0.375,Bayou Choctaw,Sweet,10.0,April - May 2026,2026-04-01,2026-05-31,163934.426,Tranche-level RFP delivery window; DOE award PDFs do not publish buyer-specific site/month/quality splits.,https://www.spr.doe.gov/posting/EXCHANGE/archive/FY26%20SPR%20Oil%20Release%20No.%201/1-Request%20for%20Proposal/FY26%20SPR%20Oil%20Release%20No.%201%20Award%20Information.pdf,https://www.spr.doe.gov/posting/EXCHANGE/archive/FY26%20SPR%20Oil%20Release%20No.%201/1-Request%20for%20Proposal/FY26%20SPR%20Oil%20Release%20No.%201%20Request%20for%20Proposal.pdf
Energy Transfer Crude Marketing,Energy Transfer Crude Marketing LLC,2026-03-20,FY26 SPR Oil Release No. 1,0.375,West Hackberry,Sour,34.0,April - May 2026,2026-04-01,2026-05-31,557377.049,Tranche-level RFP delivery window; DOE award PDFs do not publish buyer-specific site/month/quality splits.,https://www.spr.doe.gov/posting/EXCHANGE/archive/FY26%20SPR%20Oil%20Release%20No.%201/1-Request%20for%20Proposal/FY26%20SPR%20Oil%20Release%20No.%201%20Award%20Information.pdf,https://www.spr.doe.gov/posting/EXCHANGE/archive/FY26%20SPR%20Oil%20Release%20No.%201/1-Request%20for%20Proposal/FY26%20SPR%20Oil%20Release%20No.%201%20Request%20for%20Proposal.pdf
Gunvor USA LLC,Gunvor USA LLC,2026-03-20,FY26 SPR Oil Release No. 1,3.085,Bryan Mound,Sour,42.0,April - May 2026,2026-04-01,2026-05-31,688524.59,Tranche-level RFP delivery window; DOE award PDFs do not publish buyer-specific site/month/quality splits.,https://www.spr.doe.gov/posting/EXCHANGE/archive/FY26%20SPR%20Oil%20Release%20No.%201/1-Request%20for%20Proposal/FY26%20SPR%20Oil%20Release%20No.%201%20Award%20Information.pdf,https://www.spr.doe.gov/posting/EXCHANGE/archive/FY26%20SPR%20Oil%20Release%20No.%201/1-Request%20for%20Proposal/FY26%20SPR%20Oil%20Release%20No.%201%20Request%20for%20Proposal.pdf
Gunvor USA LLC,Gunvor USA LLC,2026-03-20,FY26 SPR Oil Release No. 1,3.085,Bayou Choctaw,Sweet,10.0,April - May 2026,2026-04-01,2026-05-31,163934.426,Tranche-level RFP delivery window; DOE award PDFs do not publish buyer-specific site/month/quality splits.,https://www.spr.doe.gov/posting/EXCHANGE/archive/FY26%20SPR%20Oil%20Release%20No.%201/1-Request%20for%20Proposal/FY26%20SPR%20Oil%20Release%20No.%201%20Award%20Information.pdf,https://www.spr.doe.gov/posting/EXCHANGE/archive/FY26%20SPR%20Oil%20Release%20No.%201/1-Request%20for%20Proposal/FY26%20SPR%20Oil%20Release%20No.%201%20Request%20for%20Proposal.pdf
Gunvor USA LLC,Gunvor USA LLC,2026-03-20,FY26 SPR Oil Release No. 1,3.085,West Hackberry,Sour,34.0,April - May 2026,2026-04-01,2026-05-31,557377.049,Tranche-level RFP delivery window; DOE award PDFs do not publish buyer-specific site/month/quality splits.,https://www.spr.doe.gov/posting/EXCHANGE/archive/FY26%20SPR%20Oil%20Release%20No.%201/1-Request%20for%20Proposal/FY26%20SPR%20Oil%20Release%20No.%201%20Award%20Information.pdf,https://www.spr.doe.gov/posting/EXCHANGE/archive/FY26%20SPR%20Oil%20Release%20No.%201/1-Request%20for%20Proposal/FY26%20SPR%20Oil%20Release%20No.%201%20Request%20for%20Proposal.pdf
Marathon Petroleum Company,Marathon Petroleum Company LP,2026-03-20,FY26 SPR Oil Release No. 1,7.7,Bryan Mound,Sour,42.0,April - May 2026,2026-04-01,2026-05-31,688524.59,Tranche-level RFP delivery window; DOE award PDFs do not publish buyer-specific site/month/quality splits.,https://www.spr.doe.gov/posting/EXCHANGE/archive/FY26%20SPR%20Oil%20Release%20No.%201/1-Request%20for%20Proposal/FY26%20SPR%20Oil%20Release%20No.%201%20Award%20Information.pdf,https://www.spr.doe.gov/posting/EXCHANGE/archive/FY26%20SPR%20Oil%20Release%20No.%201/1-Request%20for%20Proposal/FY26%20SPR%20Oil%20Release%20No.%201%20Request%20for%20Proposal.pdf
Marathon Petroleum Company,Marathon Petroleum Company LP,2026-03-20,FY26 SPR Oil Release No. 1,7.7,Bayou Choctaw,Sweet,10.0,April - May 2026,2026-04-01,2026-05-31,163934.426,Tranche-level RFP delivery window; DOE award PDFs do not publish buyer-specific site/month/quality splits.,https://www.spr.doe.gov/posting/EXCHANGE/archive/FY26%20SPR%20Oil%20Release%20No.%201/1-Request%20for%20Proposal/FY26%20SPR%20Oil%20Release%20No.%201%20Award%20Information.pdf,https://www.spr.doe.gov/posting/EXCHANGE/archive/FY26%20SPR%20Oil%20Release%20No.%201/1-Request%20for%20Proposal/FY26%20SPR%20Oil%20Release%20No.%201%20Request%20for%20Proposal.pdf
Marathon Petroleum Company,Marathon Petroleum Company LP,2026-03-20,FY26 SPR Oil Release No. 1,7.7,West Hackberry,Sour,34.0,April - May 2026,2026-04-01,2026-05-31,557377.049,Tranche-level RFP delivery window; DOE award PDFs do not publish buyer-specific site/month/quality splits.,https://www.spr.doe.gov/posting/EXCHANGE/archive/FY26%20SPR%20Oil%20Release%20No.%201/1-Request%20for%20Proposal/FY26%20SPR%20Oil%20Release%20No.%201%20Award%20Information.pdf,https://www.spr.doe.gov/posting/EXCHANGE/archive/FY26%20SPR%20Oil%20Release%20No.%201/1-Request%20for%20Proposal/FY26%20SPR%20Oil%20Release%20No.%201%20Request%20for%20Proposal.pdf
Mercuria Energy America,Mercuria Energy America LLC,2026-03-20,FY26 SPR Oil Release No. 1,2.0,Bryan Mound,Sour,42.0,April - May 2026,2026-04-01,2026-05-31,688524.59,Tranche-level RFP delivery window; DOE award PDFs do not publish buyer-specific site/month/quality splits.,https://www.spr.doe.gov/posting/EXCHANGE/archive/FY26%20SPR%20Oil%20Release%20No.%201/1-Request%20for%20Proposal/FY26%20SPR%20Oil%20Release%20No.%201%20Award%20Information.pdf,https://www.spr.doe.gov/posting/EXCHANGE/archive/FY26%20SPR%20Oil%20Release%20No.%201/1-Request%20for%20Proposal/FY26%20SPR%20Oil%20Release%20No.%201%20Request%20for%20Proposal.pdf
Mercuria Energy America,Mercuria Energy America LLC,2026-03-20,FY26 SPR Oil Release No. 1,2.0,Bayou Choctaw,Sweet,10.0,April - May 2026,2026-04-01,2026-05-31,163934.426,Tranche-level RFP delivery window; DOE award PDFs do not publish buyer-specific site/month/quality splits.,https://www.spr.doe.gov/posting/EXCHANGE/archive/FY26%20SPR%20Oil%20Release%20No.%201/1-Request%20for%20Proposal/FY26%20SPR%20Oil%20Release%20No.%201%20Award%20Information.pdf,https://www.spr.doe.gov/posting/EXCHANGE/archive/FY26%20SPR%20Oil%20Release%20No.%201/1-Request%20for%20Proposal/FY26%20SPR%20Oil%20Release%20No.%201%20Request%20for%20Proposal.pdf
Mercuria Energy America,Mercuria Energy America LLC,2026-03-20,FY26 SPR Oil Release No. 1,2.0,West Hackberry,Sour,34.0,April - May 2026,2026-04-01,2026-05-31,557377.049,Tranche-level RFP delivery window; DOE award PDFs do not publish buyer-specific site/month/quality splits.,https://www.spr.doe.gov/posting/EXCHANGE/archive/FY26%20SPR%20Oil%20Release%20No.%201/1-Request%20for%20Proposal/FY26%20SPR%20Oil%20Release%20No.%201%20Award%20Information.pdf,https://www.spr.doe.gov/posting/EXCHANGE/archive/FY26%20SPR%20Oil%20Release%20No.%201/1-Request%20for%20Proposal/FY26%20SPR%20Oil%20Release%20No.%201%20Request%20for%20Proposal.pdf
Shell Trading (US) Company,Shell Trading (US) Company,2026-03-20,FY26 SPR Oil Release No. 1,16.2,Bryan Mound,Sour,42.0,April - May 2026,2026-04-01,2026-05-31,688524.59,Tranche-level RFP delivery window; DOE award PDFs do not publish buyer-specific site/month/quality splits.,https://www.spr.doe.gov/posting/EXCHANGE/archive/FY26%20SPR%20Oil%20Release%20No.%201/1-Request%20for%20Proposal/FY26%20SPR%20Oil%20Release%20No.%201%20Award%20Information.pdf,https://www.spr.doe.gov/posting/EXCHANGE/archive/FY26%20SPR%20Oil%20Release%20No.%201/1-Request%20for%20Proposal/FY26%20SPR%20Oil%20Release%20No.%201%20Request%20for%20Proposal.pdf
Shell Trading (US) Company,Shell Trading (US) Company,2026-03-20,FY26 SPR Oil Release No. 1,16.2,Bayou Choctaw,Sweet,10.0,April - May 2026,2026-04-01,2026-05-31,163934.426,Tranche-level RFP delivery window; DOE award PDFs do not publish buyer-specific site/month/quality splits.,https://www.spr.doe.gov/posting/EXCHANGE/archive/FY26%20SPR%20Oil%20Release%20No.%201/1-Request%20for%20Proposal/FY26%20SPR%20Oil%20Release%20No.%201%20Award%20Information.pdf,https://www.spr.doe.gov/posting/EXCHANGE/archive/FY26%20SPR%20Oil%20Release%20No.%201/1-Request%20for%20Proposal/FY26%20SPR%20Oil%20Release%20No.%201%20Request%20for%20Proposal.pdf
Shell Trading (US) Company,Shell Trading (US) Company,2026-03-20,FY26 SPR Oil Release No. 1,16.2,West Hackberry,Sour,34.0,April - May 2026,2026-04-01,2026-05-31,557377.049,Tranche-level RFP delivery window; DOE award PDFs do not publish buyer-specific site/month/quality splits.,https://www.spr.doe.gov/posting/EXCHANGE/archive/FY26%20SPR%20Oil%20Release%20No.%201/1-Request%20for%20Proposal/FY26%20SPR%20Oil%20Release%20No.%201%20Award%20Information.pdf,https://www.spr.doe.gov/posting/EXCHANGE/archive/FY26%20SPR%20Oil%20Release%20No.%201/1-Request%20for%20Proposal/FY26%20SPR%20Oil%20Release%20No.%201%20Request%20for%20Proposal.pdf
Trafigura Trading LLC,Trafigura Trading LLC,2026-03-20,FY26 SPR Oil Release No. 1,8.86,Bryan Mound,Sour,42.0,April - May 2026,2026-04-01,2026-05-31,688524.59,Tranche-level RFP delivery window; DOE award PDFs do not publish buyer-specific site/month/quality splits.,https://www.spr.doe.gov/posting/EXCHANGE/archive/FY26%20SPR%20Oil%20Release%20No.%201/1-Request%20for%20Proposal/FY26%20SPR%20Oil%20Release%20No.%201%20Award%20Information.pdf,https://www.spr.doe.gov/posting/EXCHANGE/archive/FY26%20SPR%20Oil%20Release%20No.%201/1-Request%20for%20Proposal/FY26%20SPR%20Oil%20Release%20No.%201%20Request%20for%20Proposal.pdf
Trafigura Trading LLC,Trafigura Trading LLC,2026-03-20,FY26 SPR Oil Release No. 1,8.86,Bayou Choctaw,Sweet,10.0,April - May 2026,2026-04-01,2026-05-31,163934.426,Tranche-level RFP delivery window; DOE award PDFs do not publish buyer-specific site/month/quality splits.,https://www.spr.doe.gov/posting/EXCHANGE/archive/FY26%20SPR%20Oil%20Release%20No.%201/1-Request%20for%20Proposal/FY26%20SPR%20Oil%20Release%20No.%201%20Award%20Information.pdf,https://www.spr.doe.gov/posting/EXCHANGE/archive/FY26%20SPR%20Oil%20Release%20No.%201/1-Request%20for%20Proposal/FY26%20SPR%20Oil%20Release%20No.%201%20Request%20for%20Proposal.pdf
Trafigura Trading LLC,Trafigura Trading LLC,2026-03-20,FY26 SPR Oil Release No. 1,8.86,West Hackberry,Sour,34.0,April - May 2026,2026-04-01,2026-05-31,557377.049,Tranche-level RFP delivery window; DOE award PDFs do not publish buyer-specific site/month/quality splits.,https://www.spr.doe.gov/posting/EXCHANGE/archive/FY26%20SPR%20Oil%20Release%20No.%201/1-Request%20for%20Proposal/FY26%20SPR%20Oil%20Release%20No.%201%20Award%20Information.pdf,https://www.spr.doe.gov/posting/EXCHANGE/archive/FY26%20SPR%20Oil%20Release%20No.%201/1-Request%20for%20Proposal/FY26%20SPR%20Oil%20Release%20No.%201%20Request%20for%20Proposal.pdf
Vitol,Vitol Inc.,2026-03-20,FY26 SPR Oil Release No. 1,2.0,Bryan Mound,Sour,42.0,April - May 2026,2026-04-01,2026-05-31,688524.59,Tranche-level RFP delivery window; DOE award PDFs do not publish buyer-specific site/month/quality splits.,https://www.spr.doe.gov/posting/EXCHANGE/archive/FY26%20SPR%20Oil%20Release%20No.%201/1-Request%20for%20Proposal/FY26%20SPR%20Oil%20Release%20No.%201%20Award%20Information.pdf,https://www.spr.doe.gov/posting/EXCHANGE/archive/FY26%20SPR%20Oil%20Release%20No.%201/1-Request%20for%20Proposal/FY26%20SPR%20Oil%20Release%20No.%201%20Request%20for%20Proposal.pdf
Vitol,Vitol Inc.,2026-03-20,FY26 SPR Oil Release No. 1,2.0,Bayou Choctaw,Sweet,10.0,April - May 2026,2026-04-01,2026-05-31,163934.426,Tranche-level RFP delivery window; DOE award PDFs do not publish buyer-specific site/month/quality splits.,https://www.spr.doe.gov/posting/EXCHANGE/archive/FY26%20SPR%20Oil%20Release%20No.%201/1-Request%20for%20Proposal/FY26%20SPR%20Oil%20Release%20No.%201%20Award%20Information.pdf,https://www.spr.doe.gov/posting/EXCHANGE/archive/FY26%20SPR%20Oil%20Release%20No.%201/1-Request%20for%20Proposal/FY26%20SPR%20Oil%20Release%20No.%201%20Request%20for%20Proposal.pdf
Vitol,Vitol Inc.,2026-03-20,FY26 SPR Oil Release No. 1,2.0,West Hackberry,Sour,34.0,April - May 2026,2026-04-01,2026-05-31,557377.049,Tranche-level RFP delivery window; DOE award PDFs do not publish buyer-specific site/month/quality splits.,https://www.spr.doe.gov/posting/EXCHANGE/archive/FY26%20SPR%20Oil%20Release%20No.%201/1-Request%20for%20Proposal/FY26%20SPR%20Oil%20Release%20No.%201%20Award%20Information.pdf,https://www.spr.doe.gov/posting/EXCHANGE/archive/FY26%20SPR%20Oil%20Release%20No.%201/1-Request%20for%20Proposal/FY26%20SPR%20Oil%20Release%20No.%201%20Request%20for%20Proposal.pdf
Gunvor USA LLC,Gunvor USA LLC,2026-04-10,FY26 SPR Oil Release No. 1.a,1.1,Bryan Mound,Sour,2.0,Apr-26,2026-04-01,2026-04-30,66666.667,Tranche-level RFP delivery window; DOE award PDFs do not publish buyer-specific site/month/quality splits.,https://www.spr.doe.gov/posting/EXCHANGE/archive/FY26%20SPR%20Oil%20Release%20No.%201.a/1-Request%20for%20Proposal/FY26%20SPR%20Oil%20Release%20No.%201.a%20Award%20Information.pdf,https://www.spr.doe.gov/posting/EXCHANGE/archive/FY26%20SPR%20Oil%20Release%20No.%201.a/1-Request%20for%20Proposal/FY26%20SPR%20Oil%20Release%20No.%201.a%20Request%20for%20Proposal.pdf
Gunvor USA LLC,Gunvor USA LLC,2026-04-10,FY26 SPR Oil Release No. 1.a,1.1,Bryan Mound,Sour,8.0,May-26,2026-05-01,2026-05-31,258064.516,Tranche-level RFP delivery window; DOE award PDFs do not publish buyer-specific site/month/quality splits.,https://www.spr.doe.gov/posting/EXCHANGE/archive/FY26%20SPR%20Oil%20Release%20No.%201.a/1-Request%20for%20Proposal/FY26%20SPR%20Oil%20Release%20No.%201.a%20Award%20Information.pdf,https://www.spr.doe.gov/posting/EXCHANGE/archive/FY26%20SPR%20Oil%20Release%20No.%201.a/1-Request%20for%20Proposal/FY26%20SPR%20Oil%20Release%20No.%201.a%20Request%20for%20Proposal.pdf
Macquarie Commodities Trading US,Macquarie Commodities Trading US,2026-04-10,FY26 SPR Oil Release No. 1.a,2.0,Bryan Mound,Sour,2.0,Apr-26,2026-04-01,2026-04-30,66666.667,Tranche-level RFP delivery window; DOE award PDFs do not publish buyer-specific site/month/quality splits.,https://www.spr.doe.gov/posting/EXCHANGE/archive/FY26%20SPR%20Oil%20Release%20No.%201.a/1-Request%20for%20Proposal/FY26%20SPR%20Oil%20Release%20No.%201.a%20Award%20Information.pdf,https://www.spr.doe.gov/posting/EXCHANGE/archive/FY26%20SPR%20Oil%20Release%20No.%201.a/1-Request%20for%20Proposal/FY26%20SPR%20Oil%20Release%20No.%201.a%20Request%20for%20Proposal.pdf
Macquarie Commodities Trading US,Macquarie Commodities Trading US,2026-04-10,FY26 SPR Oil Release No. 1.a,2.0,Bryan Mound,Sour,8.0,May-26,2026-05-01,2026-05-31,258064.516,Tranche-level RFP delivery window; DOE award PDFs do not publish buyer-specific site/month/quality splits.,https://www.spr.doe.gov/posting/EXCHANGE/archive/FY26%20SPR%20Oil%20Release%20No.%201.a/1-Request%20for%20Proposal/FY26%20SPR%20Oil%20Release%20No.%201.a%20Award%20Information.pdf,https://www.spr.doe.gov/posting/EXCHANGE/archive/FY26%20SPR%20Oil%20Release%20No.%201.a/1-Request%20for%20Proposal/FY26%20SPR%20Oil%20Release%20No.%201.a%20Request%20for%20Proposal.pdf
Phillips 66,Phillips 66 Company,2026-04-10,FY26 SPR Oil Release No. 1.a,2.9,Bryan Mound,Sour,2.0,Apr-26,2026-04-01,2026-04-30,66666.667,Tranche-level RFP delivery window; DOE award PDFs do not publish buyer-specific site/month/quality splits.,https://www.spr.doe.gov/posting/EXCHANGE/archive/FY26%20SPR%20Oil%20Release%20No.%201.a/1-Request%20for%20Proposal/FY26%20SPR%20Oil%20Release%20No.%201.a%20Award%20Information.pdf,https://www.spr.doe.gov/posting/EXCHANGE/archive/FY26%20SPR%20Oil%20Release%20No.%201.a/1-Request%20for%20Proposal/FY26%20SPR%20Oil%20Release%20No.%201.a%20Request%20for%20Proposal.pdf
Phillips 66,Phillips 66 Company,2026-04-10,FY26 SPR Oil Release No. 1.a,2.9,Bryan Mound,Sour,8.0,May-26,2026-05-01,2026-05-31,258064.516,Tranche-level RFP delivery window; DOE award PDFs do not publish buyer-specific site/month/quality splits.,https://www.spr.doe.gov/posting/EXCHANGE/archive/FY26%20SPR%20Oil%20Release%20No.%201.a/1-Request%20for%20Proposal/FY26%20SPR%20Oil%20Release%20No.%201.a%20Award%20Information.pdf,https://www.spr.doe.gov/posting/EXCHANGE/archive/FY26%20SPR%20Oil%20Release%20No.%201.a/1-Request%20for%20Proposal/FY26%20SPR%20Oil%20Release%20No.%201.a%20Request%20for%20Proposal.pdf
Trafigura Trading LLC,Trafigura Trading LLC,2026-04-10,FY26 SPR Oil Release No. 1.a,2.48,Bryan Mound,Sour,2.0,Apr-26,2026-04-01,2026-04-30,66666.667,Tranche-level RFP delivery window; DOE award PDFs do not publish buyer-specific site/month/quality splits.,https://www.spr.doe.gov/posting/EXCHANGE/archive/FY26%20SPR%20Oil%20Release%20No.%201.a/1-Request%20for%20Proposal/FY26%20SPR%20Oil%20Release%20No.%201.a%20Award%20Information.pdf,https://www.spr.doe.gov/posting/EXCHANGE/archive/FY26%20SPR%20Oil%20Release%20No.%201.a/1-Request%20for%20Proposal/FY26%20SPR%20Oil%20Release%20No.%201.a%20Request%20for%20Proposal.pdf
Trafigura Trading LLC,Trafigura Trading LLC,2026-04-10,FY26 SPR Oil Release No. 1.a,2.48,Bryan Mound,Sour,8.0,May-26,2026-05-01,2026-05-31,258064.516,Tranche-level RFP delivery window; DOE award PDFs do not publish buyer-specific site/month/quality splits.,https://www.spr.doe.gov/posting/EXCHANGE/archive/FY26%20SPR%20Oil%20Release%20No.%201.a/1-Request%20for%20Proposal/FY26%20SPR%20Oil%20Release%20No.%201.a%20Award%20Information.pdf,https://www.spr.doe.gov/posting/EXCHANGE/archive/FY26%20SPR%20Oil%20Release%20No.%201.a/1-Request%20for%20Proposal/FY26%20SPR%20Oil%20Release%20No.%201.a%20Request%20for%20Proposal.pdf
Alon USA,Alon USA,2026-04-17,FY26 SPR Oil Release No. 1.b,1.0,West Hackberry,Sweet,10.0,May-26,2026-05-01,2026-05-31,322580.645,Tranche-level RFP delivery window; DOE award PDFs do not publish buyer-specific site/month/quality splits.,https://www.spr.doe.gov/posting/EXCHANGE/archive/FY26%20SPR%20Oil%20Release%20No.%201.b/1-Request%20for%20Proposal/FY26%20SPR%20Oil%20Release%20No.%201.b%20Award%20Information.pdf,https://www.spr.doe.gov/posting/EXCHANGE/archive/FY26%20SPR%20Oil%20Release%20No.%201.b/1-Request%20for%20Proposal/FY26%20SPR%20Oil%20Release%20No.%201.b%20Request%20for%20Proposal.pdf
Alon USA,Alon USA,2026-04-17,FY26 SPR Oil Release No. 1.b,1.0,West Hackberry,Sweet,20.0,Jun-26,2026-06-01,2026-06-30,666666.667,Tranche-level RFP delivery window; DOE award PDFs do not publish buyer-specific site/month/quality splits.,https://www.spr.doe.gov/posting/EXCHANGE/archive/FY26%20SPR%20Oil%20Release%20No.%201.b/1-Request%20for%20Proposal/FY26%20SPR%20Oil%20Release%20No.%201.b%20Award%20Information.pdf,https://www.spr.doe.gov/posting/EXCHANGE/archive/FY26%20SPR%20Oil%20Release%20No.%201.b/1-Request%20for%20Proposal/FY26%20SPR%20Oil%20Release%20No.%201.b%20Request%20for%20Proposal.pdf
BP Products North America,BP Products North America,2026-04-17,FY26 SPR Oil Release No. 1.b,1.0,West Hackberry,Sweet,10.0,May-26,2026-05-01,2026-05-31,322580.645,Tranche-level RFP delivery window; DOE award PDFs do not publish buyer-specific site/month/quality splits.,https://www.spr.doe.gov/posting/EXCHANGE/archive/FY26%20SPR%20Oil%20Release%20No.%201.b/1-Request%20for%20Proposal/FY26%20SPR%20Oil%20Release%20No.%201.b%20Award%20Information.pdf,https://www.spr.doe.gov/posting/EXCHANGE/archive/FY26%20SPR%20Oil%20Release%20No.%201.b/1-Request%20for%20Proposal/FY26%20SPR%20Oil%20Release%20No.%201.b%20Request%20for%20Proposal.pdf
BP Products North America,BP Products North America,2026-04-17,FY26 SPR Oil Release No. 1.b,1.0,West Hackberry,Sweet,20.0,Jun-26,2026-06-01,2026-06-30,666666.667,Tranche-level RFP delivery window; DOE award PDFs do not publish buyer-specific site/month/quality splits.,https://www.spr.doe.gov/posting/EXCHANGE/archive/FY26%20SPR%20Oil%20Release%20No.%201.b/1-Request%20for%20Proposal/FY26%20SPR%20Oil%20Release%20No.%201.b%20Award%20Information.pdf,https://www.spr.doe.gov/posting/EXCHANGE/archive/FY26%20SPR%20Oil%20Release%20No.%201.b/1-Request%20for%20Proposal/FY26%20SPR%20Oil%20Release%20No.%201.b%20Request%20for%20Proposal.pdf
Energy Transfer Crude Marketing,Energy Transfer Crude Marketing,2026-04-17,FY26 SPR Oil Release No. 1.b,1.1,West Hackberry,Sweet,10.0,May-26,2026-05-01,2026-05-31,322580.645,Tranche-level RFP delivery window; DOE award PDFs do not publish buyer-specific site/month/quality splits.,https://www.spr.doe.gov/posting/EXCHANGE/archive/FY26%20SPR%20Oil%20Release%20No.%201.b/1-Request%20for%20Proposal/FY26%20SPR%20Oil%20Release%20No.%201.b%20Award%20Information.pdf,https://www.spr.doe.gov/posting/EXCHANGE/archive/FY26%20SPR%20Oil%20Release%20No.%201.b/1-Request%20for%20Proposal/FY26%20SPR%20Oil%20Release%20No.%201.b%20Request%20for%20Proposal.pdf
Energy Transfer Crude Marketing,Energy Transfer Crude Marketing,2026-04-17,FY26 SPR Oil Release No. 1.b,1.1,West Hackberry,Sweet,20.0,Jun-26,2026-06-01,2026-06-30,666666.667,Tranche-level RFP delivery window; DOE award PDFs do not publish buyer-specific site/month/quality splits.,https://www.spr.doe.gov/posting/EXCHANGE/archive/FY26%20SPR%20Oil%20Release%20No.%201.b/1-Request%20for%20Proposal/FY26%20SPR%20Oil%20Release%20No.%201.b%20Award%20Information.pdf,https://www.spr.doe.gov/posting/EXCHANGE/archive/FY26%20SPR%20Oil%20Release%20No.%201.b/1-Request%20for%20Proposal/FY26%20SPR%20Oil%20Release%20No.%201.b%20Request%20for%20Proposal.pdf
ExxonMobil Oil Corporation,ExxonMobil Oil Corporation,2026-04-17,FY26 SPR Oil Release No. 1.b,3.0,West Hackberry,Sweet,10.0,May-26,2026-05-01,2026-05-31,322580.645,Tranche-level RFP delivery window; DOE award PDFs do not publish buyer-specific site/month/quality splits.,https://www.spr.doe.gov/posting/EXCHANGE/archive/FY26%20SPR%20Oil%20Release%20No.%201.b/1-Request%20for%20Proposal/FY26%20SPR%20Oil%20Release%20No.%201.b%20Award%20Information.pdf,https://www.spr.doe.gov/posting/EXCHANGE/archive/FY26%20SPR%20Oil%20Release%20No.%201.b/1-Request%20for%20Proposal/FY26%20SPR%20Oil%20Release%20No.%201.b%20Request%20for%20Proposal.pdf
ExxonMobil Oil Corporation,ExxonMobil Oil Corporation,2026-04-17,FY26 SPR Oil Release No. 1.b,3.0,West Hackberry,Sweet,20.0,Jun-26,2026-06-01,2026-06-30,666666.667,Tranche-level RFP delivery window; DOE award PDFs do not publish buyer-specific site/month/quality splits.,https://www.spr.doe.gov/posting/EXCHANGE/archive/FY26%20SPR%20Oil%20Release%20No.%201.b/1-Request%20for%20Proposal/FY26%20SPR%20Oil%20Release%20No.%201.b%20Award%20Information.pdf,https://www.spr.doe.gov/posting/EXCHANGE/archive/FY26%20SPR%20Oil%20Release%20No.%201.b/1-Request%20for%20Proposal/FY26%20SPR%20Oil%20Release%20No.%201.b%20Request%20for%20Proposal.pdf
Macquarie Commodities Trading US,Macquarie Commodities Trading US,2026-04-17,FY26 SPR Oil Release No. 1.b,2.5,West Hackberry,Sweet,10.0,May-26,2026-05-01,2026-05-31,322580.645,Tranche-level RFP delivery window; DOE award PDFs do not publish buyer-specific site/month/quality splits.,https://www.spr.doe.gov/posting/EXCHANGE/archive/FY26%20SPR%20Oil%20Release%20No.%201.b/1-Request%20for%20Proposal/FY26%20SPR%20Oil%20Release%20No.%201.b%20Award%20Information.pdf,https://www.spr.doe.gov/posting/EXCHANGE/archive/FY26%20SPR%20Oil%20Release%20No.%201.b/1-Request%20for%20Proposal/FY26%20SPR%20Oil%20Release%20No.%201.b%20Request%20for%20Proposal.pdf
Macquarie Commodities Trading US,Macquarie Commodities Trading US,2026-04-17,FY26 SPR Oil Release No. 1.b,2.5,West Hackberry,Sweet,20.0,Jun-26,2026-06-01,2026-06-30,666666.667,Tranche-level RFP delivery window; DOE award PDFs do not publish buyer-specific site/month/quality splits.,https://www.spr.doe.gov/posting/EXCHANGE/archive/FY26%20SPR%20Oil%20Release%20No.%201.b/1-Request%20for%20Proposal/FY26%20SPR%20Oil%20Release%20No.%201.b%20Award%20Information.pdf,https://www.spr.doe.gov/posting/EXCHANGE/archive/FY26%20SPR%20Oil%20Release%20No.%201.b/1-Request%20for%20Proposal/FY26%20SPR%20Oil%20Release%20No.%201.b%20Request%20for%20Proposal.pdf
Marathon Petroleum Company,Marathon Petroleum Company,2026-04-17,FY26 SPR Oil Release No. 1.b,2.0,West Hackberry,Sweet,10.0,May-26,2026-05-01,2026-05-31,322580.645,Tranche-level RFP delivery window; DOE award PDFs do not publish buyer-specific site/month/quality splits.,https://www.spr.doe.gov/posting/EXCHANGE/archive/FY26%20SPR%20Oil%20Release%20No.%201.b/1-Request%20for%20Proposal/FY26%20SPR%20Oil%20Release%20No.%201.b%20Award%20Information.pdf,https://www.spr.doe.gov/posting/EXCHANGE/archive/FY26%20SPR%20Oil%20Release%20No.%201.b/1-Request%20for%20Proposal/FY26%20SPR%20Oil%20Release%20No.%201.b%20Request%20for%20Proposal.pdf
Marathon Petroleum Company,Marathon Petroleum Company,2026-04-17,FY26 SPR Oil Release No. 1.b,2.0,West Hackberry,Sweet,20.0,Jun-26,2026-06-01,2026-06-30,666666.667,Tranche-level RFP delivery window; DOE award PDFs do not publish buyer-specific site/month/quality splits.,https://www.spr.doe.gov/posting/EXCHANGE/archive/FY26%20SPR%20Oil%20Release%20No.%201.b/1-Request%20for%20Proposal/FY26%20SPR%20Oil%20Release%20No.%201.b%20Award%20Information.pdf,https://www.spr.doe.gov/posting/EXCHANGE/archive/FY26%20SPR%20Oil%20Release%20No.%201.b/1-Request%20for%20Proposal/FY26%20SPR%20Oil%20Release%20No.%201.b%20Request%20for%20Proposal.pdf
Shell Trading (US) Company,Shell Trading (US) Company,2026-04-17,FY26 SPR Oil Release No. 1.b,1.9,West Hackberry,Sweet,10.0,May-26,2026-05-01,2026-05-31,322580.645,Tranche-level RFP delivery window; DOE award PDFs do not publish buyer-specific site/month/quality splits.,https://www.spr.doe.gov/posting/EXCHANGE/archive/FY26%20SPR%20Oil%20Release%20No.%201.b/1-Request%20for%20Proposal/FY26%20SPR%20Oil%20Release%20No.%201.b%20Award%20Information.pdf,https://www.spr.doe.gov/posting/EXCHANGE/archive/FY26%20SPR%20Oil%20Release%20No.%201.b/1-Request%20for%20Proposal/FY26%20SPR%20Oil%20Release%20No.%201.b%20Request%20for%20Proposal.pdf
Shell Trading (US) Company,Shell Trading (US) Company,2026-04-17,FY26 SPR Oil Release No. 1.b,1.9,West Hackberry,Sweet,20.0,Jun-26,2026-06-01,2026-06-30,666666.667,Tranche-level RFP delivery window; DOE award PDFs do not publish buyer-specific site/month/quality splits.,https://www.spr.doe.gov/posting/EXCHANGE/archive/FY26%20SPR%20Oil%20Release%20No.%201.b/1-Request%20for%20Proposal/FY26%20SPR%20Oil%20Release%20No.%201.b%20Award%20Information.pdf,https://www.spr.doe.gov/posting/EXCHANGE/archive/FY26%20SPR%20Oil%20Release%20No.%201.b/1-Request%20for%20Proposal/FY26%20SPR%20Oil%20Release%20No.%201.b%20Request%20for%20Proposal.pdf
Trafigura Trading LLC,Trafigura Trading LLC,2026-04-17,FY26 SPR Oil Release No. 1.b,10.03,West Hackberry,Sweet,10.0,May-26,2026-05-01,2026-05-31,322580.645,Tranche-level RFP delivery window; DOE award PDFs do not publish buyer-specific site/month/quality splits.,https://www.spr.doe.gov/posting/EXCHANGE/archive/FY26%20SPR%20Oil%20Release%20No.%201.b/1-Request%20for%20Proposal/FY26%20SPR%20Oil%20Release%20No.%201.b%20Award%20Information.pdf,https://www.spr.doe.gov/posting/EXCHANGE/archive/FY26%20SPR%20Oil%20Release%20No.%201.b/1-Request%20for%20Proposal/FY26%20SPR%20Oil%20Release%20No.%201.b%20Request%20for%20Proposal.pdf
Trafigura Trading LLC,Trafigura Trading LLC,2026-04-17,FY26 SPR Oil Release No. 1.b,10.03,West Hackberry,Sweet,20.0,Jun-26,2026-06-01,2026-06-30,666666.667,Tranche-level RFP delivery window; DOE award PDFs do not publish buyer-specific site/month/quality splits.,https://www.spr.doe.gov/posting/EXCHANGE/archive/FY26%20SPR%20Oil%20Release%20No.%201.b/1-Request%20for%20Proposal/FY26%20SPR%20Oil%20Release%20No.%201.b%20Award%20Information.pdf,https://www.spr.doe.gov/posting/EXCHANGE/archive/FY26%20SPR%20Oil%20Release%20No.%201.b/1-Request%20for%20Proposal/FY26%20SPR%20Oil%20Release%20No.%201.b%20Request%20for%20Proposal.pdf
Vitol,Vitol,2026-04-17,FY26 SPR Oil Release No. 1.b,3.5,West Hackberry,Sweet,10.0,May-26,2026-05-01,2026-05-31,322580.645,Tranche-level RFP delivery window; DOE award PDFs do not publish buyer-specific site/month/quality splits.,https://www.spr.doe.gov/posting/EXCHANGE/archive/FY26%20SPR%20Oil%20Release%20No.%201.b/1-Request%20for%20Proposal/FY26%20SPR%20Oil%20Release%20No.%201.b%20Award%20Information.pdf,https://www.spr.doe.gov/posting/EXCHANGE/archive/FY26%20SPR%20Oil%20Release%20No.%201.b/1-Request%20for%20Proposal/FY26%20SPR%20Oil%20Release%20No.%201.b%20Request%20for%20Proposal.pdf
Vitol,Vitol,2026-04-17,FY26 SPR Oil Release No. 1.b,3.5,West Hackberry,Sweet,20.0,Jun-26,2026-06-01,2026-06-30,666666.667,Tranche-level RFP delivery window; DOE award PDFs do not publish buyer-specific site/month/quality splits.,https://www.spr.doe.gov/posting/EXCHANGE/archive/FY26%20SPR%20Oil%20Release%20No.%201.b/1-Request%20for%20Proposal/FY26%20SPR%20Oil%20Release%20No.%201.b%20Award%20Information.pdf,https://www.spr.doe.gov/posting/EXCHANGE/archive/FY26%20SPR%20Oil%20Release%20No.%201.b/1-Request%20for%20Proposal/FY26%20SPR%20Oil%20Release%20No.%201.b%20Request%20for%20Proposal.pdf
Atlantic Trading & Marketing,Atlantic Trading & Marketing,2026-05-11,FY26 SPR Oil Release No. 2,1.7,Bryan Mound,Sour,12.0,Jun-26,2026-06-01,2026-06-30,400000.0,Tranche-level RFP delivery window; DOE award PDFs do not publish buyer-specific site/month/quality splits.,https://www.spr.doe.gov/posting/EXCHANGE/archive/FY26%20SPR%20Oil%20Release%20No.%202/1-Request%20for%20Proposal/FY26%20SPR%20Oil%20Release%20No.%202%20Award%20Information.pdf,https://www.spr.doe.gov/posting/EXCHANGE/archive/FY26%20SPR%20Oil%20Release%20No.%202/1-Request%20for%20Proposal/FY26%20SPR%20Oil%20Release%20No.%202%20Request%20for%20Proposal.pdf
Atlantic Trading & Marketing,Atlantic Trading & Marketing,2026-05-11,FY26 SPR Oil Release No. 2,1.7,Bryan Mound,Sour,9.0,Jul-26,2026-07-01,2026-07-31,290322.581,Tranche-level RFP delivery window; DOE award PDFs do not publish buyer-specific site/month/quality splits.,https://www.spr.doe.gov/posting/EXCHANGE/archive/FY26%20SPR%20Oil%20Release%20No.%202/1-Request%20for%20Proposal/FY26%20SPR%20Oil%20Release%20No.%202%20Award%20Information.pdf,https://www.spr.doe.gov/posting/EXCHANGE/archive/FY26%20SPR%20Oil%20Release%20No.%202/1-Request%20for%20Proposal/FY26%20SPR%20Oil%20Release%20No.%202%20Request%20for%20Proposal.pdf
Atlantic Trading & Marketing,Atlantic Trading & Marketing,2026-05-11,FY26 SPR Oil Release No. 2,1.7,Bryan Mound,Sweet,15.0,Aug-26,2026-08-01,2026-08-31,483870.968,Tranche-level RFP delivery window; DOE award PDFs do not publish buyer-specific site/month/quality splits.,https://www.spr.doe.gov/posting/EXCHANGE/archive/FY26%20SPR%20Oil%20Release%20No.%202/1-Request%20for%20Proposal/FY26%20SPR%20Oil%20Release%20No.%202%20Award%20Information.pdf,https://www.spr.doe.gov/posting/EXCHANGE/archive/FY26%20SPR%20Oil%20Release%20No.%202/1-Request%20for%20Proposal/FY26%20SPR%20Oil%20Release%20No.%202%20Request%20for%20Proposal.pdf
Atlantic Trading & Marketing,Atlantic Trading & Marketing,2026-05-11,FY26 SPR Oil Release No. 2,1.7,Bayou Choctaw,Sour,5.0,Jun-26,2026-06-01,2026-06-30,166666.667,Tranche-level RFP delivery window; DOE award PDFs do not publish buyer-specific site/month/quality splits.,https://www.spr.doe.gov/posting/EXCHANGE/archive/FY26%20SPR%20Oil%20Release%20No.%202/1-Request%20for%20Proposal/FY26%20SPR%20Oil%20Release%20No.%202%20Award%20Information.pdf,https://www.spr.doe.gov/posting/EXCHANGE/archive/FY26%20SPR%20Oil%20Release%20No.%202/1-Request%20for%20Proposal/FY26%20SPR%20Oil%20Release%20No.%202%20Request%20for%20Proposal.pdf
Atlantic Trading & Marketing,Atlantic Trading & Marketing,2026-05-11,FY26 SPR Oil Release No. 2,1.7,Bayou Choctaw,Sour,5.0,Jul-26,2026-07-01,2026-07-31,161290.323,Tranche-level RFP delivery window; DOE award PDFs do not publish buyer-specific site/month/quality splits.,https://www.spr.doe.gov/posting/EXCHANGE/archive/FY26%20SPR%20Oil%20Release%20No.%202/1-Request%20for%20Proposal/FY26%20SPR%20Oil%20Release%20No.%202%20Award%20Information.pdf,https://www.spr.doe.gov/posting/EXCHANGE/archive/FY26%20SPR%20Oil%20Release%20No.%202/1-Request%20for%20Proposal/FY26%20SPR%20Oil%20Release%20No.%202%20Request%20for%20Proposal.pdf
Atlantic Trading & Marketing,Atlantic Trading & Marketing,2026-05-11,FY26 SPR Oil Release No. 2,1.7,Bayou Choctaw,Sour,3.5,Aug-26,2026-08-01,2026-08-31,112903.226,Tranche-level RFP delivery window; DOE award PDFs do not publish buyer-specific site/month/quality splits.,https://www.spr.doe.gov/posting/EXCHANGE/archive/FY26%20SPR%20Oil%20Release%20No.%202/1-Request%20for%20Proposal/FY26%20SPR%20Oil%20Release%20No.%202%20Award%20Information.pdf,https://www.spr.doe.gov/posting/EXCHANGE/archive/FY26%20SPR%20Oil%20Release%20No.%202/1-Request%20for%20Proposal/FY26%20SPR%20Oil%20Release%20No.%202%20Request%20for%20Proposal.pdf
Atlantic Trading & Marketing,Atlantic Trading & Marketing,2026-05-11,FY26 SPR Oil Release No. 2,1.7,West Hackberry,Sweet,13.5,Jul-26,2026-07-01,2026-07-31,435483.871,Tranche-level RFP delivery window; DOE award PDFs do not publish buyer-specific site/month/quality splits.,https://www.spr.doe.gov/posting/EXCHANGE/archive/FY26%20SPR%20Oil%20Release%20No.%202/1-Request%20for%20Proposal/FY26%20SPR%20Oil%20Release%20No.%202%20Award%20Information.pdf,https://www.spr.doe.gov/posting/EXCHANGE/archive/FY26%20SPR%20Oil%20Release%20No.%202/1-Request%20for%20Proposal/FY26%20SPR%20Oil%20Release%20No.%202%20Request%20for%20Proposal.pdf
Atlantic Trading & Marketing,Atlantic Trading & Marketing,2026-05-11,FY26 SPR Oil Release No. 2,1.7,West Hackberry,Sour,7.5,Aug-26,2026-08-01,2026-08-31,241935.484,Tranche-level RFP delivery window; DOE award PDFs do not publish buyer-specific site/month/quality splits.,https://www.spr.doe.gov/posting/EXCHANGE/archive/FY26%20SPR%20Oil%20Release%20No.%202/1-Request%20for%20Proposal/FY26%20SPR%20Oil%20Release%20No.%202%20Award%20Information.pdf,https://www.spr.doe.gov/posting/EXCHANGE/archive/FY26%20SPR%20Oil%20Release%20No.%202/1-Request%20for%20Proposal/FY26%20SPR%20Oil%20Release%20No.%202%20Request%20for%20Proposal.pdf
Atlantic Trading & Marketing,Atlantic Trading & Marketing,2026-05-11,FY26 SPR Oil Release No. 2,1.7,Big Hill,Sour,22.0,Aug-26,2026-08-01,2026-08-31,709677.419,Tranche-level RFP delivery window; DOE award PDFs do not publish buyer-specific site/month/quality splits.,https://www.spr.doe.gov/posting/EXCHANGE/archive/FY26%20SPR%20Oil%20Release%20No.%202/1-Request%20for%20Proposal/FY26%20SPR%20Oil%20Release%20No.%202%20Award%20Information.pdf,https://www.spr.doe.gov/posting/EXCHANGE/archive/FY26%20SPR%20Oil%20Release%20No.%202/1-Request%20for%20Proposal/FY26%20SPR%20Oil%20Release%20No.%202%20Request%20for%20Proposal.pdf
BP Products North America,BP Products North America,2026-05-11,FY26 SPR Oil Release No. 2,2.1,Bryan Mound,Sour,12.0,Jun-26,2026-06-01,2026-06-30,400000.0,Tranche-level RFP delivery window; DOE award PDFs do not publish buyer-specific site/month/quality splits.,https://www.spr.doe.gov/posting/EXCHANGE/archive/FY26%20SPR%20Oil%20Release%20No.%202/1-Request%20for%20Proposal/FY26%20SPR%20Oil%20Release%20No.%202%20Award%20Information.pdf,https://www.spr.doe.gov/posting/EXCHANGE/archive/FY26%20SPR%20Oil%20Release%20No.%202/1-Request%20for%20Proposal/FY26%20SPR%20Oil%20Release%20No.%202%20Request%20for%20Proposal.pdf
BP Products North America,BP Products North America,2026-05-11,FY26 SPR Oil Release No. 2,2.1,Bryan Mound,Sour,9.0,Jul-26,2026-07-01,2026-07-31,290322.581,Tranche-level RFP delivery window; DOE award PDFs do not publish buyer-specific site/month/quality splits.,https://www.spr.doe.gov/posting/EXCHANGE/archive/FY26%20SPR%20Oil%20Release%20No.%202/1-Request%20for%20Proposal/FY26%20SPR%20Oil%20Release%20No.%202%20Award%20Information.pdf,https://www.spr.doe.gov/posting/EXCHANGE/archive/FY26%20SPR%20Oil%20Release%20No.%202/1-Request%20for%20Proposal/FY26%20SPR%20Oil%20Release%20No.%202%20Request%20for%20Proposal.pdf
BP Products North America,BP Products North America,2026-05-11,FY26 SPR Oil Release No. 2,2.1,Bryan Mound,Sweet,15.0,Aug-26,2026-08-01,2026-08-31,483870.968,Tranche-level RFP delivery window; DOE award PDFs do not publish buyer-specific site/month/quality splits.,https://www.spr.doe.gov/posting/EXCHANGE/archive/FY26%20SPR%20Oil%20Release%20No.%202/1-Request%20for%20Proposal/FY26%20SPR%20Oil%20Release%20No.%202%20Award%20Information.pdf,https://www.spr.doe.gov/posting/EXCHANGE/archive/FY26%20SPR%20Oil%20Release%20No.%202/1-Request%20for%20Proposal/FY26%20SPR%20Oil%20Release%20No.%202%20Request%20for%20Proposal.pdf
BP Products North America,BP Products North America,2026-05-11,FY26 SPR Oil Release No. 2,2.1,Bayou Choctaw,Sour,5.0,Jun-26,2026-06-01,2026-06-30,166666.667,Tranche-level RFP delivery window; DOE award PDFs do not publish buyer-specific site/month/quality splits.,https://www.spr.doe.gov/posting/EXCHANGE/archive/FY26%20SPR%20Oil%20Release%20No.%202/1-Request%20for%20Proposal/FY26%20SPR%20Oil%20Release%20No.%202%20Award%20Information.pdf,https://www.spr.doe.gov/posting/EXCHANGE/archive/FY26%20SPR%20Oil%20Release%20No.%202/1-Request%20for%20Proposal/FY26%20SPR%20Oil%20Release%20No.%202%20Request%20for%20Proposal.pdf
BP Products North America,BP Products North America,2026-05-11,FY26 SPR Oil Release No. 2,2.1,Bayou Choctaw,Sour,5.0,Jul-26,2026-07-01,2026-07-31,161290.323,Tranche-level RFP delivery window; DOE award PDFs do not publish buyer-specific site/month/quality splits.,https://www.spr.doe.gov/posting/EXCHANGE/archive/FY26%20SPR%20Oil%20Release%20No.%202/1-Request%20for%20Proposal/FY26%20SPR%20Oil%20Release%20No.%202%20Award%20Information.pdf,https://www.spr.doe.gov/posting/EXCHANGE/archive/FY26%20SPR%20Oil%20Release%20No.%202/1-Request%20for%20Proposal/FY26%20SPR%20Oil%20Release%20No.%202%20Request%20for%20Proposal.pdf
BP Products North America,BP Products North America,2026-05-11,FY26 SPR Oil Release No. 2,2.1,Bayou Choctaw,Sour,3.5,Aug-26,2026-08-01,2026-08-31,112903.226,Tranche-level RFP delivery window; DOE award PDFs do not publish buyer-specific site/month/quality splits.,https://www.spr.doe.gov/posting/EXCHANGE/archive/FY26%20SPR%20Oil%20Release%20No.%202/1-Request%20for%20Proposal/FY26%20SPR%20Oil%20Release%20No.%202%20Award%20Information.pdf,https://www.spr.doe.gov/posting/EXCHANGE/archive/FY26%20SPR%20Oil%20Release%20No.%202/1-Request%20for%20Proposal/FY26%20SPR%20Oil%20Release%20No.%202%20Request%20for%20Proposal.pdf
BP Products North America,BP Products North America,2026-05-11,FY26 SPR Oil Release No. 2,2.1,West Hackberry,Sweet,13.5,Jul-26,2026-07-01,2026-07-31,435483.871,Tranche-level RFP delivery window; DOE award PDFs do not publish buyer-specific site/month/quality splits.,https://www.spr.doe.gov/posting/EXCHANGE/archive/FY26%20SPR%20Oil%20Release%20No.%202/1-Request%20for%20Proposal/FY26%20SPR%20Oil%20Release%20No.%202%20Award%20Information.pdf,https://www.spr.doe.gov/posting/EXCHANGE/archive/FY26%20SPR%20Oil%20Release%20No.%202/1-Request%20for%20Proposal/FY26%20SPR%20Oil%20Release%20No.%202%20Request%20for%20Proposal.pdf
BP Products North America,BP Products North America,2026-05-11,FY26 SPR Oil Release No. 2,2.1,West Hackberry,Sour,7.5,Aug-26,2026-08-01,2026-08-31,241935.484,Tranche-level RFP delivery window; DOE award PDFs do not publish buyer-specific site/month/quality splits.,https://www.spr.doe.gov/posting/EXCHANGE/archive/FY26%20SPR%20Oil%20Release%20No.%202/1-Request%20for%20Proposal/FY26%20SPR%20Oil%20Release%20No.%202%20Award%20Information.pdf,https://www.spr.doe.gov/posting/EXCHANGE/archive/FY26%20SPR%20Oil%20Release%20No.%202/1-Request%20for%20Proposal/FY26%20SPR%20Oil%20Release%20No.%202%20Request%20for%20Proposal.pdf
BP Products North America,BP Products North America,2026-05-11,FY26 SPR Oil Release No. 2,2.1,Big Hill,Sour,22.0,Aug-26,2026-08-01,2026-08-31,709677.419,Tranche-level RFP delivery window; DOE award PDFs do not publish buyer-specific site/month/quality splits.,https://www.spr.doe.gov/posting/EXCHANGE/archive/FY26%20SPR%20Oil%20Release%20No.%202/1-Request%20for%20Proposal/FY26%20SPR%20Oil%20Release%20No.%202%20Award%20Information.pdf,https://www.spr.doe.gov/posting/EXCHANGE/archive/FY26%20SPR%20Oil%20Release%20No.%202/1-Request%20for%20Proposal/FY26%20SPR%20Oil%20Release%20No.%202%20Request%20for%20Proposal.pdf
Energy Transfer Crude Marketing,Energy Transfer Crude Marketing,2026-05-11,FY26 SPR Oil Release No. 2,1.05,Bryan Mound,Sour,12.0,Jun-26,2026-06-01,2026-06-30,400000.0,Tranche-level RFP delivery window; DOE award PDFs do not publish buyer-specific site/month/quality splits.,https://www.spr.doe.gov/posting/EXCHANGE/archive/FY26%20SPR%20Oil%20Release%20No.%202/1-Request%20for%20Proposal/FY26%20SPR%20Oil%20Release%20No.%202%20Award%20Information.pdf,https://www.spr.doe.gov/posting/EXCHANGE/archive/FY26%20SPR%20Oil%20Release%20No.%202/1-Request%20for%20Proposal/FY26%20SPR%20Oil%20Release%20No.%202%20Request%20for%20Proposal.pdf
Energy Transfer Crude Marketing,Energy Transfer Crude Marketing,2026-05-11,FY26 SPR Oil Release No. 2,1.05,Bryan Mound,Sour,9.0,Jul-26,2026-07-01,2026-07-31,290322.581,Tranche-level RFP delivery window; DOE award PDFs do not publish buyer-specific site/month/quality splits.,https://www.spr.doe.gov/posting/EXCHANGE/archive/FY26%20SPR%20Oil%20Release%20No.%202/1-Request%20for%20Proposal/FY26%20SPR%20Oil%20Release%20No.%202%20Award%20Information.pdf,https://www.spr.doe.gov/posting/EXCHANGE/archive/FY26%20SPR%20Oil%20Release%20No.%202/1-Request%20for%20Proposal/FY26%20SPR%20Oil%20Release%20No.%202%20Request%20for%20Proposal.pdf
Energy Transfer Crude Marketing,Energy Transfer Crude Marketing,2026-05-11,FY26 SPR Oil Release No. 2,1.05,Bryan Mound,Sweet,15.0,Aug-26,2026-08-01,2026-08-31,483870.968,Tranche-level RFP delivery window; DOE award PDFs do not publish buyer-specific site/month/quality splits.,https://www.spr.doe.gov/posting/EXCHANGE/archive/FY26%20SPR%20Oil%20Release%20No.%202/1-Request%20for%20Proposal/FY26%20SPR%20Oil%20Release%20No.%202%20Award%20Information.pdf,https://www.spr.doe.gov/posting/EXCHANGE/archive/FY26%20SPR%20Oil%20Release%20No.%202/1-Request%20for%20Proposal/FY26%20SPR%20Oil%20Release%20No.%202%20Request%20for%20Proposal.pdf
Energy Transfer Crude Marketing,Energy Transfer Crude Marketing,2026-05-11,FY26 SPR Oil Release No. 2,1.05,Bayou Choctaw,Sour,5.0,Jun-26,2026-06-01,2026-06-30,166666.667,Tranche-level RFP delivery window; DOE award PDFs do not publish buyer-specific site/month/quality splits.,https://www.spr.doe.gov/posting/EXCHANGE/archive/FY26%20SPR%20Oil%20Release%20No.%202/1-Request%20for%20Proposal/FY26%20SPR%20Oil%20Release%20No.%202%20Award%20Information.pdf,https://www.spr.doe.gov/posting/EXCHANGE/archive/FY26%20SPR%20Oil%20Release%20No.%202/1-Request%20for%20Proposal/FY26%20SPR%20Oil%20Release%20No.%202%20Request%20for%20Proposal.pdf
Energy Transfer Crude Marketing,Energy Transfer Crude Marketing,2026-05-11,FY26 SPR Oil Release No. 2,1.05,Bayou Choctaw,Sour,5.0,Jul-26,2026-07-01,2026-07-31,161290.323,Tranche-level RFP delivery window; DOE award PDFs do not publish buyer-specific site/month/quality splits.,https://www.spr.doe.gov/posting/EXCHANGE/archive/FY26%20SPR%20Oil%20Release%20No.%202/1-Request%20for%20Proposal/FY26%20SPR%20Oil%20Release%20No.%202%20Award%20Information.pdf,https://www.spr.doe.gov/posting/EXCHANGE/archive/FY26%20SPR%20Oil%20Release%20No.%202/1-Request%20for%20Proposal/FY26%20SPR%20Oil%20Release%20No.%202%20Request%20for%20Proposal.pdf
Energy Transfer Crude Marketing,Energy Transfer Crude Marketing,2026-05-11,FY26 SPR Oil Release No. 2,1.05,Bayou Choctaw,Sour,3.5,Aug-26,2026-08-01,2026-08-31,112903.226,Tranche-level RFP delivery window; DOE award PDFs do not publish buyer-specific site/month/quality splits.,https://www.spr.doe.gov/posting/EXCHANGE/archive/FY26%20SPR%20Oil%20Release%20No.%202/1-Request%20for%20Proposal/FY26%20SPR%20Oil%20Release%20No.%202%20Award%20Information.pdf,https://www.spr.doe.gov/posting/EXCHANGE/archive/FY26%20SPR%20Oil%20Release%20No.%202/1-Request%20for%20Proposal/FY26%20SPR%20Oil%20Release%20No.%202%20Request%20for%20Proposal.pdf
Energy Transfer Crude Marketing,Energy Transfer Crude Marketing,2026-05-11,FY26 SPR Oil Release No. 2,1.05,West Hackberry,Sweet,13.5,Jul-26,2026-07-01,2026-07-31,435483.871,Tranche-level RFP delivery window; DOE award PDFs do not publish buyer-specific site/month/quality splits.,https://www.spr.doe.gov/posting/EXCHANGE/archive/FY26%20SPR%20Oil%20Release%20No.%202/1-Request%20for%20Proposal/FY26%20SPR%20Oil%20Release%20No.%202%20Award%20Information.pdf,https://www.spr.doe.gov/posting/EXCHANGE/archive/FY26%20SPR%20Oil%20Release%20No.%202/1-Request%20for%20Proposal/FY26%20SPR%20Oil%20Release%20No.%202%20Request%20for%20Proposal.pdf
Energy Transfer Crude Marketing,Energy Transfer Crude Marketing,2026-05-11,FY26 SPR Oil Release No. 2,1.05,West Hackberry,Sour,7.5,Aug-26,2026-08-01,2026-08-31,241935.484,Tranche-level RFP delivery window; DOE award PDFs do not publish buyer-specific site/month/quality splits.,https://www.spr.doe.gov/posting/EXCHANGE/archive/FY26%20SPR%20Oil%20Release%20No.%202/1-Request%20for%20Proposal/FY26%20SPR%20Oil%20Release%20No.%202%20Award%20Information.pdf,https://www.spr.doe.gov/posting/EXCHANGE/archive/FY26%20SPR%20Oil%20Release%20No.%202/1-Request%20for%20Proposal/FY26%20SPR%20Oil%20Release%20No.%202%20Request%20for%20Proposal.pdf
Energy Transfer Crude Marketing,Energy Transfer Crude Marketing,2026-05-11,FY26 SPR Oil Release No. 2,1.05,Big Hill,Sour,22.0,Aug-26,2026-08-01,2026-08-31,709677.419,Tranche-level RFP delivery window; DOE award PDFs do not publish buyer-specific site/month/quality splits.,https://www.spr.doe.gov/posting/EXCHANGE/archive/FY26%20SPR%20Oil%20Release%20No.%202/1-Request%20for%20Proposal/FY26%20SPR%20Oil%20Release%20No.%202%20Award%20Information.pdf,https://www.spr.doe.gov/posting/EXCHANGE/archive/FY26%20SPR%20Oil%20Release%20No.%202/1-Request%20for%20Proposal/FY26%20SPR%20Oil%20Release%20No.%202%20Request%20for%20Proposal.pdf
ExxonMobil Oil Corporation,ExxonMobil Oil Corporation,2026-05-11,FY26 SPR Oil Release No. 2,11.4,Bryan Mound,Sour,12.0,Jun-26,2026-06-01,2026-06-30,400000.0,Tranche-level RFP delivery window; DOE award PDFs do not publish buyer-specific site/month/quality splits.,https://www.spr.doe.gov/posting/EXCHANGE/archive/FY26%20SPR%20Oil%20Release%20No.%202/1-Request%20for%20Proposal/FY26%20SPR%20Oil%20Release%20No.%202%20Award%20Information.pdf,https://www.spr.doe.gov/posting/EXCHANGE/archive/FY26%20SPR%20Oil%20Release%20No.%202/1-Request%20for%20Proposal/FY26%20SPR%20Oil%20Release%20No.%202%20Request%20for%20Proposal.pdf
ExxonMobil Oil Corporation,ExxonMobil Oil Corporation,2026-05-11,FY26 SPR Oil Release No. 2,11.4,Bryan Mound,Sour,9.0,Jul-26,2026-07-01,2026-07-31,290322.581,Tranche-level RFP delivery window; DOE award PDFs do not publish buyer-specific site/month/quality splits.,https://www.spr.doe.gov/posting/EXCHANGE/archive/FY26%20SPR%20Oil%20Release%20No.%202/1-Request%20for%20Proposal/FY26%20SPR%20Oil%20Release%20No.%202%20Award%20Information.pdf,https://www.spr.doe.gov/posting/EXCHANGE/archive/FY26%20SPR%20Oil%20Release%20No.%202/1-Request%20for%20Proposal/FY26%20SPR%20Oil%20Release%20No.%202%20Request%20for%20Proposal.pdf
ExxonMobil Oil Corporation,ExxonMobil Oil Corporation,2026-05-11,FY26 SPR Oil Release No. 2,11.4,Bryan Mound,Sweet,15.0,Aug-26,2026-08-01,2026-08-31,483870.968,Tranche-level RFP delivery window; DOE award PDFs do not publish buyer-specific site/month/quality splits.,https://www.spr.doe.gov/posting/EXCHANGE/archive/FY26%20SPR%20Oil%20Release%20No.%202/1-Request%20for%20Proposal/FY26%20SPR%20Oil%20Release%20No.%202%20Award%20Information.pdf,https://www.spr.doe.gov/posting/EXCHANGE/archive/FY26%20SPR%20Oil%20Release%20No.%202/1-Request%20for%20Proposal/FY26%20SPR%20Oil%20Release%20No.%202%20Request%20for%20Proposal.pdf
ExxonMobil Oil Corporation,ExxonMobil Oil Corporation,2026-05-11,FY26 SPR Oil Release No. 2,11.4,Bayou Choctaw,Sour,5.0,Jun-26,2026-06-01,2026-06-30,166666.667,Tranche-level RFP delivery window; DOE award PDFs do not publish buyer-specific site/month/quality splits.,https://www.spr.doe.gov/posting/EXCHANGE/archive/FY26%20SPR%20Oil%20Release%20No.%202/1-Request%20for%20Proposal/FY26%20SPR%20Oil%20Release%20No.%202%20Award%20Information.pdf,https://www.spr.doe.gov/posting/EXCHANGE/archive/FY26%20SPR%20Oil%20Release%20No.%202/1-Request%20for%20Proposal/FY26%20SPR%20Oil%20Release%20No.%202%20Request%20for%20Proposal.pdf
ExxonMobil Oil Corporation,ExxonMobil Oil Corporation,2026-05-11,FY26 SPR Oil Release No. 2,11.4,Bayou Choctaw,Sour,5.0,Jul-26,2026-07-01,2026-07-31,161290.323,Tranche-level RFP delivery window; DOE award PDFs do not publish buyer-specific site/month/quality splits.,https://www.spr.doe.gov/posting/EXCHANGE/archive/FY26%20SPR%20Oil%20Release%20No.%202/1-Request%20for%20Proposal/FY26%20SPR%20Oil%20Release%20No.%202%20Award%20Information.pdf,https://www.spr.doe.gov/posting/EXCHANGE/archive/FY26%20SPR%20Oil%20Release%20No.%202/1-Request%20for%20Proposal/FY26%20SPR%20Oil%20Release%20No.%202%20Request%20for%20Proposal.pdf
ExxonMobil Oil Corporation,ExxonMobil Oil Corporation,2026-05-11,FY26 SPR Oil Release No. 2,11.4,Bayou Choctaw,Sour,3.5,Aug-26,2026-08-01,2026-08-31,112903.226,Tranche-level RFP delivery window; DOE award PDFs do not publish buyer-specific site/month/quality splits.,https://www.spr.doe.gov/posting/EXCHANGE/archive/FY26%20SPR%20Oil%20Release%20No.%202/1-Request%20for%20Proposal/FY26%20SPR%20Oil%20Release%20No.%202%20Award%20Information.pdf,https://www.spr.doe.gov/posting/EXCHANGE/archive/FY26%20SPR%20Oil%20Release%20No.%202/1-Request%20for%20Proposal/FY26%20SPR%20Oil%20Release%20No.%202%20Request%20for%20Proposal.pdf
ExxonMobil Oil Corporation,ExxonMobil Oil Corporation,2026-05-11,FY26 SPR Oil Release No. 2,11.4,West Hackberry,Sweet,13.5,Jul-26,2026-07-01,2026-07-31,435483.871,Tranche-level RFP delivery window; DOE award PDFs do not publish buyer-specific site/month/quality splits.,https://www.spr.doe.gov/posting/EXCHANGE/archive/FY26%20SPR%20Oil%20Release%20No.%202/1-Request%20for%20Proposal/FY26%20SPR%20Oil%20Release%20No.%202%20Award%20Information.pdf,https://www.spr.doe.gov/posting/EXCHANGE/archive/FY26%20SPR%20Oil%20Release%20No.%202/1-Request%20for%20Proposal/FY26%20SPR%20Oil%20Release%20No.%202%20Request%20for%20Proposal.pdf
ExxonMobil Oil Corporation,ExxonMobil Oil Corporation,2026-05-11,FY26 SPR Oil Release No. 2,11.4,West Hackberry,Sour,7.5,Aug-26,2026-08-01,2026-08-31,241935.484,Tranche-level RFP delivery window; DOE award PDFs do not publish buyer-specific site/month/quality splits.,https://www.spr.doe.gov/posting/EXCHANGE/archive/FY26%20SPR%20Oil%20Release%20No.%202/1-Request%20for%20Proposal/FY26%20SPR%20Oil%20Release%20No.%202%20Award%20Information.pdf,https://www.spr.doe.gov/posting/EXCHANGE/archive/FY26%20SPR%20Oil%20Release%20No.%202/1-Request%20for%20Proposal/FY26%20SPR%20Oil%20Release%20No.%202%20Request%20for%20Proposal.pdf
ExxonMobil Oil Corporation,ExxonMobil Oil Corporation,2026-05-11,FY26 SPR Oil Release No. 2,11.4,Big Hill,Sour,22.0,Aug-26,2026-08-01,2026-08-31,709677.419,Tranche-level RFP delivery window; DOE award PDFs do not publish buyer-specific site/month/quality splits.,https://www.spr.doe.gov/posting/EXCHANGE/archive/FY26%20SPR%20Oil%20Release%20No.%202/1-Request%20for%20Proposal/FY26%20SPR%20Oil%20Release%20No.%202%20Award%20Information.pdf,https://www.spr.doe.gov/posting/EXCHANGE/archive/FY26%20SPR%20Oil%20Release%20No.%202/1-Request%20for%20Proposal/FY26%20SPR%20Oil%20Release%20No.%202%20Request%20for%20Proposal.pdf
Macquarie Commodities Trading US,Macquarie Commodities Trading US,2026-05-11,FY26 SPR Oil Release No. 2,6.55,Bryan Mound,Sour,12.0,Jun-26,2026-06-01,2026-06-30,400000.0,Tranche-level RFP delivery window; DOE award PDFs do not publish buyer-specific site/month/quality splits.,https://www.spr.doe.gov/posting/EXCHANGE/archive/FY26%20SPR%20Oil%20Release%20No.%202/1-Request%20for%20Proposal/FY26%20SPR%20Oil%20Release%20No.%202%20Award%20Information.pdf,https://www.spr.doe.gov/posting/EXCHANGE/archive/FY26%20SPR%20Oil%20Release%20No.%202/1-Request%20for%20Proposal/FY26%20SPR%20Oil%20Release%20No.%202%20Request%20for%20Proposal.pdf
Macquarie Commodities Trading US,Macquarie Commodities Trading US,2026-05-11,FY26 SPR Oil Release No. 2,6.55,Bryan Mound,Sour,9.0,Jul-26,2026-07-01,2026-07-31,290322.581,Tranche-level RFP delivery window; DOE award PDFs do not publish buyer-specific site/month/quality splits.,https://www.spr.doe.gov/posting/EXCHANGE/archive/FY26%20SPR%20Oil%20Release%20No.%202/1-Request%20for%20Proposal/FY26%20SPR%20Oil%20Release%20No.%202%20Award%20Information.pdf,https://www.spr.doe.gov/posting/EXCHANGE/archive/FY26%20SPR%20Oil%20Release%20No.%202/1-Request%20for%20Proposal/FY26%20SPR%20Oil%20Release%20No.%202%20Request%20for%20Proposal.pdf
Macquarie Commodities Trading US,Macquarie Commodities Trading US,2026-05-11,FY26 SPR Oil Release No. 2,6.55,Bryan Mound,Sweet,15.0,Aug-26,2026-08-01,2026-08-31,483870.968,Tranche-level RFP delivery window; DOE award PDFs do not publish buyer-specific site/month/quality splits.,https://www.spr.doe.gov/posting/EXCHANGE/archive/FY26%20SPR%20Oil%20Release%20No.%202/1-Request%20for%20Proposal/FY26%20SPR%20Oil%20Release%20No.%202%20Award%20Information.pdf,https://www.spr.doe.gov/posting/EXCHANGE/archive/FY26%20SPR%20Oil%20Release%20No.%202/1-Request%20for%20Proposal/FY26%20SPR%20Oil%20Release%20No.%202%20Request%20for%20Proposal.pdf
Macquarie Commodities Trading US,Macquarie Commodities Trading US,2026-05-11,FY26 SPR Oil Release No. 2,6.55,Bayou Choctaw,Sour,5.0,Jun-26,2026-06-01,2026-06-30,166666.667,Tranche-level RFP delivery window; DOE award PDFs do not publish buyer-specific site/month/quality splits.,https://www.spr.doe.gov/posting/EXCHANGE/archive/FY26%20SPR%20Oil%20Release%20No.%202/1-Request%20for%20Proposal/FY26%20SPR%20Oil%20Release%20No.%202%20Award%20Information.pdf,https://www.spr.doe.gov/posting/EXCHANGE/archive/FY26%20SPR%20Oil%20Release%20No.%202/1-Request%20for%20Proposal/FY26%20SPR%20Oil%20Release%20No.%202%20Request%20for%20Proposal.pdf
Macquarie Commodities Trading US,Macquarie Commodities Trading US,2026-05-11,FY26 SPR Oil Release No. 2,6.55,Bayou Choctaw,Sour,5.0,Jul-26,2026-07-01,2026-07-31,161290.323,Tranche-level RFP delivery window; DOE award PDFs do not publish buyer-specific site/month/quality splits.,https://www.spr.doe.gov/posting/EXCHANGE/archive/FY26%20SPR%20Oil%20Release%20No.%202/1-Request%20for%20Proposal/FY26%20SPR%20Oil%20Release%20No.%202%20Award%20Information.pdf,https://www.spr.doe.gov/posting/EXCHANGE/archive/FY26%20SPR%20Oil%20Release%20No.%202/1-Request%20for%20Proposal/FY26%20SPR%20Oil%20Release%20No.%202%20Request%20for%20Proposal.pdf
Macquarie Commodities Trading US,Macquarie Commodities Trading US,2026-05-11,FY26 SPR Oil Release No. 2,6.55,Bayou Choctaw,Sour,3.5,Aug-26,2026-08-01,2026-08-31,112903.226,Tranche-level RFP delivery window; DOE award PDFs do not publish buyer-specific site/month/quality splits.,https://www.spr.doe.gov/posting/EXCHANGE/archive/FY26%20SPR%20Oil%20Release%20No.%202/1-Request%20for%20Proposal/FY26%20SPR%20Oil%20Release%20No.%202%20Award%20Information.pdf,https://www.spr.doe.gov/posting/EXCHANGE/archive/FY26%20SPR%20Oil%20Release%20No.%202/1-Request%20for%20Proposal/FY26%20SPR%20Oil%20Release%20No.%202%20Request%20for%20Proposal.pdf
Macquarie Commodities Trading US,Macquarie Commodities Trading US,2026-05-11,FY26 SPR Oil Release No. 2,6.55,West Hackberry,Sweet,13.5,Jul-26,2026-07-01,2026-07-31,435483.871,Tranche-level RFP delivery window; DOE award PDFs do not publish buyer-specific site/month/quality splits.,https://www.spr.doe.gov/posting/EXCHANGE/archive/FY26%20SPR%20Oil%20Release%20No.%202/1-Request%20for%20Proposal/FY26%20SPR%20Oil%20Release%20No.%202%20Award%20Information.pdf,https://www.spr.doe.gov/posting/EXCHANGE/archive/FY26%20SPR%20Oil%20Release%20No.%202/1-Request%20for%20Proposal/FY26%20SPR%20Oil%20Release%20No.%202%20Request%20for%20Proposal.pdf
Macquarie Commodities Trading US,Macquarie Commodities Trading US,2026-05-11,FY26 SPR Oil Release No. 2,6.55,West Hackberry,Sour,7.5,Aug-26,2026-08-01,2026-08-31,241935.484,Tranche-level RFP delivery window; DOE award PDFs do not publish buyer-specific site/month/quality splits.,https://www.spr.doe.gov/posting/EXCHANGE/archive/FY26%20SPR%20Oil%20Release%20No.%202/1-Request%20for%20Proposal/FY26%20SPR%20Oil%20Release%20No.%202%20Award%20Information.pdf,https://www.spr.doe.gov/posting/EXCHANGE/archive/FY26%20SPR%20Oil%20Release%20No.%202/1-Request%20for%20Proposal/FY26%20SPR%20Oil%20Release%20No.%202%20Request%20for%20Proposal.pdf
Macquarie Commodities Trading US,Macquarie Commodities Trading US,2026-05-11,FY26 SPR Oil Release No. 2,6.55,Big Hill,Sour,22.0,Aug-26,2026-08-01,2026-08-31,709677.419,Tranche-level RFP delivery window; DOE award PDFs do not publish buyer-specific site/month/quality splits.,https://www.spr.doe.gov/posting/EXCHANGE/archive/FY26%20SPR%20Oil%20Release%20No.%202/1-Request%20for%20Proposal/FY26%20SPR%20Oil%20Release%20No.%202%20Award%20Information.pdf,https://www.spr.doe.gov/posting/EXCHANGE/archive/FY26%20SPR%20Oil%20Release%20No.%202/1-Request%20for%20Proposal/FY26%20SPR%20Oil%20Release%20No.%202%20Request%20for%20Proposal.pdf
Marathon Petroleum Company,Marathon Petroleum Company,2026-05-11,FY26 SPR Oil Release No. 2,12.4,Bryan Mound,Sour,12.0,Jun-26,2026-06-01,2026-06-30,400000.0,Tranche-level RFP delivery window; DOE award PDFs do not publish buyer-specific site/month/quality splits.,https://www.spr.doe.gov/posting/EXCHANGE/archive/FY26%20SPR%20Oil%20Release%20No.%202/1-Request%20for%20Proposal/FY26%20SPR%20Oil%20Release%20No.%202%20Award%20Information.pdf,https://www.spr.doe.gov/posting/EXCHANGE/archive/FY26%20SPR%20Oil%20Release%20No.%202/1-Request%20for%20Proposal/FY26%20SPR%20Oil%20Release%20No.%202%20Request%20for%20Proposal.pdf
Marathon Petroleum Company,Marathon Petroleum Company,2026-05-11,FY26 SPR Oil Release No. 2,12.4,Bryan Mound,Sour,9.0,Jul-26,2026-07-01,2026-07-31,290322.581,Tranche-level RFP delivery window; DOE award PDFs do not publish buyer-specific site/month/quality splits.,https://www.spr.doe.gov/posting/EXCHANGE/archive/FY26%20SPR%20Oil%20Release%20No.%202/1-Request%20for%20Proposal/FY26%20SPR%20Oil%20Release%20No.%202%20Award%20Information.pdf,https://www.spr.doe.gov/posting/EXCHANGE/archive/FY26%20SPR%20Oil%20Release%20No.%202/1-Request%20for%20Proposal/FY26%20SPR%20Oil%20Release%20No.%202%20Request%20for%20Proposal.pdf
Marathon Petroleum Company,Marathon Petroleum Company,2026-05-11,FY26 SPR Oil Release No. 2,12.4,Bryan Mound,Sweet,15.0,Aug-26,2026-08-01,2026-08-31,483870.968,Tranche-level RFP delivery window; DOE award PDFs do not publish buyer-specific site/month/quality splits.,https://www.spr.doe.gov/posting/EXCHANGE/archive/FY26%20SPR%20Oil%20Release%20No.%202/1-Request%20for%20Proposal/FY26%20SPR%20Oil%20Release%20No.%202%20Award%20Information.pdf,https://www.spr.doe.gov/posting/EXCHANGE/archive/FY26%20SPR%20Oil%20Release%20No.%202/1-Request%20for%20Proposal/FY26%20SPR%20Oil%20Release%20No.%202%20Request%20for%20Proposal.pdf
Marathon Petroleum Company,Marathon Petroleum Company,2026-05-11,FY26 SPR Oil Release No. 2,12.4,Bayou Choctaw,Sour,5.0,Jun-26,2026-06-01,2026-06-30,166666.667,Tranche-level RFP delivery window; DOE award PDFs do not publish buyer-specific site/month/quality splits.,https://www.spr.doe.gov/posting/EXCHANGE/archive/FY26%20SPR%20Oil%20Release%20No.%202/1-Request%20for%20Proposal/FY26%20SPR%20Oil%20Release%20No.%202%20Award%20Information.pdf,https://www.spr.doe.gov/posting/EXCHANGE/archive/FY26%20SPR%20Oil%20Release%20No.%202/1-Request%20for%20Proposal/FY26%20SPR%20Oil%20Release%20No.%202%20Request%20for%20Proposal.pdf
Marathon Petroleum Company,Marathon Petroleum Company,2026-05-11,FY26 SPR Oil Release No. 2,12.4,Bayou Choctaw,Sour,5.0,Jul-26,2026-07-01,2026-07-31,161290.323,Tranche-level RFP delivery window; DOE award PDFs do not publish buyer-specific site/month/quality splits.,https://www.spr.doe.gov/posting/EXCHANGE/archive/FY26%20SPR%20Oil%20Release%20No.%202/1-Request%20for%20Proposal/FY26%20SPR%20Oil%20Release%20No.%202%20Award%20Information.pdf,https://www.spr.doe.gov/posting/EXCHANGE/archive/FY26%20SPR%20Oil%20Release%20No.%202/1-Request%20for%20Proposal/FY26%20SPR%20Oil%20Release%20No.%202%20Request%20for%20Proposal.pdf
Marathon Petroleum Company,Marathon Petroleum Company,2026-05-11,FY26 SPR Oil Release No. 2,12.4,Bayou Choctaw,Sour,3.5,Aug-26,2026-08-01,2026-08-31,112903.226,Tranche-level RFP delivery window; DOE award PDFs do not publish buyer-specific site/month/quality splits.,https://www.spr.doe.gov/posting/EXCHANGE/archive/FY26%20SPR%20Oil%20Release%20No.%202/1-Request%20for%20Proposal/FY26%20SPR%20Oil%20Release%20No.%202%20Award%20Information.pdf,https://www.spr.doe.gov/posting/EXCHANGE/archive/FY26%20SPR%20Oil%20Release%20No.%202/1-Request%20for%20Proposal/FY26%20SPR%20Oil%20Release%20No.%202%20Request%20for%20Proposal.pdf
Marathon Petroleum Company,Marathon Petroleum Company,2026-05-11,FY26 SPR Oil Release No. 2,12.4,West Hackberry,Sweet,13.5,Jul-26,2026-07-01,2026-07-31,435483.871,Tranche-level RFP delivery window; DOE award PDFs do not publish buyer-specific site/month/quality splits.,https://www.spr.doe.gov/posting/EXCHANGE/archive/FY26%20SPR%20Oil%20Release%20No.%202/1-Request%20for%20Proposal/FY26%20SPR%20Oil%20Release%20No.%202%20Award%20Information.pdf,https://www.spr.doe.gov/posting/EXCHANGE/archive/FY26%20SPR%20Oil%20Release%20No.%202/1-Request%20for%20Proposal/FY26%20SPR%20Oil%20Release%20No.%202%20Request%20for%20Proposal.pdf
Marathon Petroleum Company,Marathon Petroleum Company,2026-05-11,FY26 SPR Oil Release No. 2,12.4,West Hackberry,Sour,7.5,Aug-26,2026-08-01,2026-08-31,241935.484,Tranche-level RFP delivery window; DOE award PDFs do not publish buyer-specific site/month/quality splits.,https://www.spr.doe.gov/posting/EXCHANGE/archive/FY26%20SPR%20Oil%20Release%20No.%202/1-Request%20for%20Proposal/FY26%20SPR%20Oil%20Release%20No.%202%20Award%20Information.pdf,https://www.spr.doe.gov/posting/EXCHANGE/archive/FY26%20SPR%20Oil%20Release%20No.%202/1-Request%20for%20Proposal/FY26%20SPR%20Oil%20Release%20No.%202%20Request%20for%20Proposal.pdf
Marathon Petroleum Company,Marathon Petroleum Company,2026-05-11,FY26 SPR Oil Release No. 2,12.4,Big Hill,Sour,22.0,Aug-26,2026-08-01,2026-08-31,709677.419,Tranche-level RFP delivery window; DOE award PDFs do not publish buyer-specific site/month/quality splits.,https://www.spr.doe.gov/posting/EXCHANGE/archive/FY26%20SPR%20Oil%20Release%20No.%202/1-Request%20for%20Proposal/FY26%20SPR%20Oil%20Release%20No.%202%20Award%20Information.pdf,https://www.spr.doe.gov/posting/EXCHANGE/archive/FY26%20SPR%20Oil%20Release%20No.%202/1-Request%20for%20Proposal/FY26%20SPR%20Oil%20Release%20No.%202%20Request%20for%20Proposal.pdf
Mercuria Energy America,Mercuria Energy America,2026-05-11,FY26 SPR Oil Release No. 2,2.5,Bryan Mound,Sour,12.0,Jun-26,2026-06-01,2026-06-30,400000.0,Tranche-level RFP delivery window; DOE award PDFs do not publish buyer-specific site/month/quality splits.,https://www.spr.doe.gov/posting/EXCHANGE/archive/FY26%20SPR%20Oil%20Release%20No.%202/1-Request%20for%20Proposal/FY26%20SPR%20Oil%20Release%20No.%202%20Award%20Information.pdf,https://www.spr.doe.gov/posting/EXCHANGE/archive/FY26%20SPR%20Oil%20Release%20No.%202/1-Request%20for%20Proposal/FY26%20SPR%20Oil%20Release%20No.%202%20Request%20for%20Proposal.pdf
Mercuria Energy America,Mercuria Energy America,2026-05-11,FY26 SPR Oil Release No. 2,2.5,Bryan Mound,Sour,9.0,Jul-26,2026-07-01,2026-07-31,290322.581,Tranche-level RFP delivery window; DOE award PDFs do not publish buyer-specific site/month/quality splits.,https://www.spr.doe.gov/posting/EXCHANGE/archive/FY26%20SPR%20Oil%20Release%20No.%202/1-Request%20for%20Proposal/FY26%20SPR%20Oil%20Release%20No.%202%20Award%20Information.pdf,https://www.spr.doe.gov/posting/EXCHANGE/archive/FY26%20SPR%20Oil%20Release%20No.%202/1-Request%20for%20Proposal/FY26%20SPR%20Oil%20Release%20No.%202%20Request%20for%20Proposal.pdf
Mercuria Energy America,Mercuria Energy America,2026-05-11,FY26 SPR Oil Release No. 2,2.5,Bryan Mound,Sweet,15.0,Aug-26,2026-08-01,2026-08-31,483870.968,Tranche-level RFP delivery window; DOE award PDFs do not publish buyer-specific site/month/quality splits.,https://www.spr.doe.gov/posting/EXCHANGE/archive/FY26%20SPR%20Oil%20Release%20No.%202/1-Request%20for%20Proposal/FY26%20SPR%20Oil%20Release%20No.%202%20Award%20Information.pdf,https://www.spr.doe.gov/posting/EXCHANGE/archive/FY26%20SPR%20Oil%20Release%20No.%202/1-Request%20for%20Proposal/FY26%20SPR%20Oil%20Release%20No.%202%20Request%20for%20Proposal.pdf
Mercuria Energy America,Mercuria Energy America,2026-05-11,FY26 SPR Oil Release No. 2,2.5,Bayou Choctaw,Sour,5.0,Jun-26,2026-06-01,2026-06-30,166666.667,Tranche-level RFP delivery window; DOE award PDFs do not publish buyer-specific site/month/quality splits.,https://www.spr.doe.gov/posting/EXCHANGE/archive/FY26%20SPR%20Oil%20Release%20No.%202/1-Request%20for%20Proposal/FY26%20SPR%20Oil%20Release%20No.%202%20Award%20Information.pdf,https://www.spr.doe.gov/posting/EXCHANGE/archive/FY26%20SPR%20Oil%20Release%20No.%202/1-Request%20for%20Proposal/FY26%20SPR%20Oil%20Release%20No.%202%20Request%20for%20Proposal.pdf
Mercuria Energy America,Mercuria Energy America,2026-05-11,FY26 SPR Oil Release No. 2,2.5,Bayou Choctaw,Sour,5.0,Jul-26,2026-07-01,2026-07-31,161290.323,Tranche-level RFP delivery window; DOE award PDFs do not publish buyer-specific site/month/quality splits.,https://www.spr.doe.gov/posting/EXCHANGE/archive/FY26%20SPR%20Oil%20Release%20No.%202/1-Request%20for%20Proposal/FY26%20SPR%20Oil%20Release%20No.%202%20Award%20Information.pdf,https://www.spr.doe.gov/posting/EXCHANGE/archive/FY26%20SPR%20Oil%20Release%20No.%202/1-Request%20for%20Proposal/FY26%20SPR%20Oil%20Release%20No.%202%20Request%20for%20Proposal.pdf
Mercuria Energy America,Mercuria Energy America,2026-05-11,FY26 SPR Oil Release No. 2,2.5,Bayou Choctaw,Sour,3.5,Aug-26,2026-08-01,2026-08-31,112903.226,Tranche-level RFP delivery window; DOE award PDFs do not publish buyer-specific site/month/quality splits.,https://www.spr.doe.gov/posting/EXCHANGE/archive/FY26%20SPR%20Oil%20Release%20No.%202/1-Request%20for%20Proposal/FY26%20SPR%20Oil%20Release%20No.%202%20Award%20Information.pdf,https://www.spr.doe.gov/posting/EXCHANGE/archive/FY26%20SPR%20Oil%20Release%20No.%202/1-Request%20for%20Proposal/FY26%20SPR%20Oil%20Release%20No.%202%20Request%20for%20Proposal.pdf
Mercuria Energy America,Mercuria Energy America,2026-05-11,FY26 SPR Oil Release No. 2,2.5,West Hackberry,Sweet,13.5,Jul-26,2026-07-01,2026-07-31,435483.871,Tranche-level RFP delivery window; DOE award PDFs do not publish buyer-specific site/month/quality splits.,https://www.spr.doe.gov/posting/EXCHANGE/archive/FY26%20SPR%20Oil%20Release%20No.%202/1-Request%20for%20Proposal/FY26%20SPR%20Oil%20Release%20No.%202%20Award%20Information.pdf,https://www.spr.doe.gov/posting/EXCHANGE/archive/FY26%20SPR%20Oil%20Release%20No.%202/1-Request%20for%20Proposal/FY26%20SPR%20Oil%20Release%20No.%202%20Request%20for%20Proposal.pdf
Mercuria Energy America,Mercuria Energy America,2026-05-11,FY26 SPR Oil Release No. 2,2.5,West Hackberry,Sour,7.5,Aug-26,2026-08-01,2026-08-31,241935.484,Tranche-level RFP delivery window; DOE award PDFs do not publish buyer-specific site/month/quality splits.,https://www.spr.doe.gov/posting/EXCHANGE/archive/FY26%20SPR%20Oil%20Release%20No.%202/1-Request%20for%20Proposal/FY26%20SPR%20Oil%20Release%20No.%202%20Award%20Information.pdf,https://www.spr.doe.gov/posting/EXCHANGE/archive/FY26%20SPR%20Oil%20Release%20No.%202/1-Request%20for%20Proposal/FY26%20SPR%20Oil%20Release%20No.%202%20Request%20for%20Proposal.pdf
Mercuria Energy America,Mercuria Energy America,2026-05-11,FY26 SPR Oil Release No. 2,2.5,Big Hill,Sour,22.0,Aug-26,2026-08-01,2026-08-31,709677.419,Tranche-level RFP delivery window; DOE award PDFs do not publish buyer-specific site/month/quality splits.,https://www.spr.doe.gov/posting/EXCHANGE/archive/FY26%20SPR%20Oil%20Release%20No.%202/1-Request%20for%20Proposal/FY26%20SPR%20Oil%20Release%20No.%202%20Award%20Information.pdf,https://www.spr.doe.gov/posting/EXCHANGE/archive/FY26%20SPR%20Oil%20Release%20No.%202/1-Request%20for%20Proposal/FY26%20SPR%20Oil%20Release%20No.%202%20Request%20for%20Proposal.pdf
Phillips 66,Phillips 66,2026-05-11,FY26 SPR Oil Release No. 2,2.65,Bryan Mound,Sour,12.0,Jun-26,2026-06-01,2026-06-30,400000.0,Tranche-level RFP delivery window; DOE award PDFs do not publish buyer-specific site/month/quality splits.,https://www.spr.doe.gov/posting/EXCHANGE/archive/FY26%20SPR%20Oil%20Release%20No.%202/1-Request%20for%20Proposal/FY26%20SPR%20Oil%20Release%20No.%202%20Award%20Information.pdf,https://www.spr.doe.gov/posting/EXCHANGE/archive/FY26%20SPR%20Oil%20Release%20No.%202/1-Request%20for%20Proposal/FY26%20SPR%20Oil%20Release%20No.%202%20Request%20for%20Proposal.pdf
Phillips 66,Phillips 66,2026-05-11,FY26 SPR Oil Release No. 2,2.65,Bryan Mound,Sour,9.0,Jul-26,2026-07-01,2026-07-31,290322.581,Tranche-level RFP delivery window; DOE award PDFs do not publish buyer-specific site/month/quality splits.,https://www.spr.doe.gov/posting/EXCHANGE/archive/FY26%20SPR%20Oil%20Release%20No.%202/1-Request%20for%20Proposal/FY26%20SPR%20Oil%20Release%20No.%202%20Award%20Information.pdf,https://www.spr.doe.gov/posting/EXCHANGE/archive/FY26%20SPR%20Oil%20Release%20No.%202/1-Request%20for%20Proposal/FY26%20SPR%20Oil%20Release%20No.%202%20Request%20for%20Proposal.pdf
Phillips 66,Phillips 66,2026-05-11,FY26 SPR Oil Release No. 2,2.65,Bryan Mound,Sweet,15.0,Aug-26,2026-08-01,2026-08-31,483870.968,Tranche-level RFP delivery window; DOE award PDFs do not publish buyer-specific site/month/quality splits.,https://www.spr.doe.gov/posting/EXCHANGE/archive/FY26%20SPR%20Oil%20Release%20No.%202/1-Request%20for%20Proposal/FY26%20SPR%20Oil%20Release%20No.%202%20Award%20Information.pdf,https://www.spr.doe.gov/posting/EXCHANGE/archive/FY26%20SPR%20Oil%20Release%20No.%202/1-Request%20for%20Proposal/FY26%20SPR%20Oil%20Release%20No.%202%20Request%20for%20Proposal.pdf
Phillips 66,Phillips 66,2026-05-11,FY26 SPR Oil Release No. 2,2.65,Bayou Choctaw,Sour,5.0,Jun-26,2026-06-01,2026-06-30,166666.667,Tranche-level RFP delivery window; DOE award PDFs do not publish buyer-specific site/month/quality splits.,https://www.spr.doe.gov/posting/EXCHANGE/archive/FY26%20SPR%20Oil%20Release%20No.%202/1-Request%20for%20Proposal/FY26%20SPR%20Oil%20Release%20No.%202%20Award%20Information.pdf,https://www.spr.doe.gov/posting/EXCHANGE/archive/FY26%20SPR%20Oil%20Release%20No.%202/1-Request%20for%20Proposal/FY26%20SPR%20Oil%20Release%20No.%202%20Request%20for%20Proposal.pdf
Phillips 66,Phillips 66,2026-05-11,FY26 SPR Oil Release No. 2,2.65,Bayou Choctaw,Sour,5.0,Jul-26,2026-07-01,2026-07-31,161290.323,Tranche-level RFP delivery window; DOE award PDFs do not publish buyer-specific site/month/quality splits.,https://www.spr.doe.gov/posting/EXCHANGE/archive/FY26%20SPR%20Oil%20Release%20No.%202/1-Request%20for%20Proposal/FY26%20SPR%20Oil%20Release%20No.%202%20Award%20Information.pdf,https://www.spr.doe.gov/posting/EXCHANGE/archive/FY26%20SPR%20Oil%20Release%20No.%202/1-Request%20for%20Proposal/FY26%20SPR%20Oil%20Release%20No.%202%20Request%20for%20Proposal.pdf
Phillips 66,Phillips 66,2026-05-11,FY26 SPR Oil Release No. 2,2.65,Bayou Choctaw,Sour,3.5,Aug-26,2026-08-01,2026-08-31,112903.226,Tranche-level RFP delivery window; DOE award PDFs do not publish buyer-specific site/month/quality splits.,https://www.spr.doe.gov/posting/EXCHANGE/archive/FY26%20SPR%20Oil%20Release%20No.%202/1-Request%20for%20Proposal/FY26%20SPR%20Oil%20Release%20No.%202%20Award%20Information.pdf,https://www.spr.doe.gov/posting/EXCHANGE/archive/FY26%20SPR%20Oil%20Release%20No.%202/1-Request%20for%20Proposal/FY26%20SPR%20Oil%20Release%20No.%202%20Request%20for%20Proposal.pdf
Phillips 66,Phillips 66,2026-05-11,FY26 SPR Oil Release No. 2,2.65,West Hackberry,Sweet,13.5,Jul-26,2026-07-01,2026-07-31,435483.871,Tranche-level RFP delivery window; DOE award PDFs do not publish buyer-specific site/month/quality splits.,https://www.spr.doe.gov/posting/EXCHANGE/archive/FY26%20SPR%20Oil%20Release%20No.%202/1-Request%20for%20Proposal/FY26%20SPR%20Oil%20Release%20No.%202%20Award%20Information.pdf,https://www.spr.doe.gov/posting/EXCHANGE/archive/FY26%20SPR%20Oil%20Release%20No.%202/1-Request%20for%20Proposal/FY26%20SPR%20Oil%20Release%20No.%202%20Request%20for%20Proposal.pdf
Phillips 66,Phillips 66,2026-05-11,FY26 SPR Oil Release No. 2,2.65,West Hackberry,Sour,7.5,Aug-26,2026-08-01,2026-08-31,241935.484,Tranche-level RFP delivery window; DOE award PDFs do not publish buyer-specific site/month/quality splits.,https://www.spr.doe.gov/posting/EXCHANGE/archive/FY26%20SPR%20Oil%20Release%20No.%202/1-Request%20for%20Proposal/FY26%20SPR%20Oil%20Release%20No.%202%20Award%20Information.pdf,https://www.spr.doe.gov/posting/EXCHANGE/archive/FY26%20SPR%20Oil%20Release%20No.%202/1-Request%20for%20Proposal/FY26%20SPR%20Oil%20Release%20No.%202%20Request%20for%20Proposal.pdf
Phillips 66,Phillips 66,2026-05-11,FY26 SPR Oil Release No. 2,2.65,Big Hill,Sour,22.0,Aug-26,2026-08-01,2026-08-31,709677.419,Tranche-level RFP delivery window; DOE award PDFs do not publish buyer-specific site/month/quality splits.,https://www.spr.doe.gov/posting/EXCHANGE/archive/FY26%20SPR%20Oil%20Release%20No.%202/1-Request%20for%20Proposal/FY26%20SPR%20Oil%20Release%20No.%202%20Award%20Information.pdf,https://www.spr.doe.gov/posting/EXCHANGE/archive/FY26%20SPR%20Oil%20Release%20No.%202/1-Request%20for%20Proposal/FY26%20SPR%20Oil%20Release%20No.%202%20Request%20for%20Proposal.pdf
Trafigura Trading LLC,Trafigura Trading LLC,2026-05-11,FY26 SPR Oil Release No. 2,12.98,Bryan Mound,Sour,12.0,Jun-26,2026-06-01,2026-06-30,400000.0,Tranche-level RFP delivery window; DOE award PDFs do not publish buyer-specific site/month/quality splits.,https://www.spr.doe.gov/posting/EXCHANGE/archive/FY26%20SPR%20Oil%20Release%20No.%202/1-Request%20for%20Proposal/FY26%20SPR%20Oil%20Release%20No.%202%20Award%20Information.pdf,https://www.spr.doe.gov/posting/EXCHANGE/archive/FY26%20SPR%20Oil%20Release%20No.%202/1-Request%20for%20Proposal/FY26%20SPR%20Oil%20Release%20No.%202%20Request%20for%20Proposal.pdf
Trafigura Trading LLC,Trafigura Trading LLC,2026-05-11,FY26 SPR Oil Release No. 2,12.98,Bryan Mound,Sour,9.0,Jul-26,2026-07-01,2026-07-31,290322.581,Tranche-level RFP delivery window; DOE award PDFs do not publish buyer-specific site/month/quality splits.,https://www.spr.doe.gov/posting/EXCHANGE/archive/FY26%20SPR%20Oil%20Release%20No.%202/1-Request%20for%20Proposal/FY26%20SPR%20Oil%20Release%20No.%202%20Award%20Information.pdf,https://www.spr.doe.gov/posting/EXCHANGE/archive/FY26%20SPR%20Oil%20Release%20No.%202/1-Request%20for%20Proposal/FY26%20SPR%20Oil%20Release%20No.%202%20Request%20for%20Proposal.pdf
Trafigura Trading LLC,Trafigura Trading LLC,2026-05-11,FY26 SPR Oil Release No. 2,12.98,Bryan Mound,Sweet,15.0,Aug-26,2026-08-01,2026-08-31,483870.968,Tranche-level RFP delivery window; DOE award PDFs do not publish buyer-specific site/month/quality splits.,https://www.spr.doe.gov/posting/EXCHANGE/archive/FY26%20SPR%20Oil%20Release%20No.%202/1-Request%20for%20Proposal/FY26%20SPR%20Oil%20Release%20No.%202%20Award%20Information.pdf,https://www.spr.doe.gov/posting/EXCHANGE/archive/FY26%20SPR%20Oil%20Release%20No.%202/1-Request%20for%20Proposal/FY26%20SPR%20Oil%20Release%20No.%202%20Request%20for%20Proposal.pdf
Trafigura Trading LLC,Trafigura Trading LLC,2026-05-11,FY26 SPR Oil Release No. 2,12.98,Bayou Choctaw,Sour,5.0,Jun-26,2026-06-01,2026-06-30,166666.667,Tranche-level RFP delivery window; DOE award PDFs do not publish buyer-specific site/month/quality splits.,https://www.spr.doe.gov/posting/EXCHANGE/archive/FY26%20SPR%20Oil%20Release%20No.%202/1-Request%20for%20Proposal/FY26%20SPR%20Oil%20Release%20No.%202%20Award%20Information.pdf,https://www.spr.doe.gov/posting/EXCHANGE/archive/FY26%20SPR%20Oil%20Release%20No.%202/1-Request%20for%20Proposal/FY26%20SPR%20Oil%20Release%20No.%202%20Request%20for%20Proposal.pdf
Trafigura Trading LLC,Trafigura Trading LLC,2026-05-11,FY26 SPR Oil Release No. 2,12.98,Bayou Choctaw,Sour,5.0,Jul-26,2026-07-01,2026-07-31,161290.323,Tranche-level RFP delivery window; DOE award PDFs do not publish buyer-specific site/month/quality splits.,https://www.spr.doe.gov/posting/EXCHANGE/archive/FY26%20SPR%20Oil%20Release%20No.%202/1-Request%20for%20Proposal/FY26%20SPR%20Oil%20Release%20No.%202%20Award%20Information.pdf,https://www.spr.doe.gov/posting/EXCHANGE/archive/FY26%20SPR%20Oil%20Release%20No.%202/1-Request%20for%20Proposal/FY26%20SPR%20Oil%20Release%20No.%202%20Request%20for%20Proposal.pdf
Trafigura Trading LLC,Trafigura Trading LLC,2026-05-11,FY26 SPR Oil Release No. 2,12.98,Bayou Choctaw,Sour,3.5,Aug-26,2026-08-01,2026-08-31,112903.226,Tranche-level RFP delivery window; DOE award PDFs do not publish buyer-specific site/month/quality splits.,https://www.spr.doe.gov/posting/EXCHANGE/archive/FY26%20SPR%20Oil%20Release%20No.%202/1-Request%20for%20Proposal/FY26%20SPR%20Oil%20Release%20No.%202%20Award%20Information.pdf,https://www.spr.doe.gov/posting/EXCHANGE/archive/FY26%20SPR%20Oil%20Release%20No.%202/1-Request%20for%20Proposal/FY26%20SPR%20Oil%20Release%20No.%202%20Request%20for%20Proposal.pdf
Trafigura Trading LLC,Trafigura Trading LLC,2026-05-11,FY26 SPR Oil Release No. 2,12.98,West Hackberry,Sweet,13.5,Jul-26,2026-07-01,2026-07-31,435483.871,Tranche-level RFP delivery window; DOE award PDFs do not publish buyer-specific site/month/quality splits.,https://www.spr.doe.gov/posting/EXCHANGE/archive/FY26%20SPR%20Oil%20Release%20No.%202/1-Request%20for%20Proposal/FY26%20SPR%20Oil%20Release%20No.%202%20Award%20Information.pdf,https://www.spr.doe.gov/posting/EXCHANGE/archive/FY26%20SPR%20Oil%20Release%20No.%202/1-Request%20for%20Proposal/FY26%20SPR%20Oil%20Release%20No.%202%20Request%20for%20Proposal.pdf
Trafigura Trading LLC,Trafigura Trading LLC,2026-05-11,FY26 SPR Oil Release No. 2,12.98,West Hackberry,Sour,7.5,Aug-26,2026-08-01,2026-08-31,241935.484,Tranche-level RFP delivery window; DOE award PDFs do not publish buyer-specific site/month/quality splits.,https://www.spr.doe.gov/posting/EXCHANGE/archive/FY26%20SPR%20Oil%20Release%20No.%202/1-Request%20for%20Proposal/FY26%20SPR%20Oil%20Release%20No.%202%20Award%20Information.pdf,https://www.spr.doe.gov/posting/EXCHANGE/archive/FY26%20SPR%20Oil%20Release%20No.%202/1-Request%20for%20Proposal/FY26%20SPR%20Oil%20Release%20No.%202%20Request%20for%20Proposal.pdf
Trafigura Trading LLC,Trafigura Trading LLC,2026-05-11,FY26 SPR Oil Release No. 2,12.98,Big Hill,Sour,22.0,Aug-26,2026-08-01,2026-08-31,709677.419,Tranche-level RFP delivery window; DOE award PDFs do not publish buyer-specific site/month/quality splits.,https://www.spr.doe.gov/posting/EXCHANGE/archive/FY26%20SPR%20Oil%20Release%20No.%202/1-Request%20for%20Proposal/FY26%20SPR%20Oil%20Release%20No.%202%20Award%20Information.pdf,https://www.spr.doe.gov/posting/EXCHANGE/archive/FY26%20SPR%20Oil%20Release%20No.%202/1-Request%20for%20Proposal/FY26%20SPR%20Oil%20Release%20No.%202%20Request%20for%20Proposal.pdf
Vitol,Vitol Inc.,2026-06-22,FY26 SPR Oil Release No. 3,0.5,Bryan Mound,Sour,8.0,Jul-26,2026-07-01,2026-07-31,258064.516,Tranche-level RFP delivery window; DOE award PDFs do not publish buyer-specific site/month/quality splits.,https://www.spr.doe.gov/posting/EXCHANGE/FY26%20SPR%20Oil%20Release%20No.%203/1-Request%20for%20Proposal/FY26%20SPR%20Oil%20Release%20No.%203%20Award%20Information.pdf,https://www.spr.doe.gov/posting/EXCHANGE/FY26%20SPR%20Oil%20Release%20No.%203/1-Request%20for%20Proposal/FY26%20SPR%20Oil%20Release%20No.%203%20Request%20for%20Proposal.pdf
Vitol,Vitol Inc.,2026-06-22,FY26 SPR Oil Release No. 3,0.5,Bryan Mound,Sour,7.0,Sep-26,2026-09-01,2026-09-30,233333.333,Tranche-level RFP delivery window; DOE award PDFs do not publish buyer-specific site/month/quality splits.,https://www.spr.doe.gov/posting/EXCHANGE/FY26%20SPR%20Oil%20Release%20No.%203/1-Request%20for%20Proposal/FY26%20SPR%20Oil%20Release%20No.%203%20Award%20Information.pdf,https://www.spr.doe.gov/posting/EXCHANGE/FY26%20SPR%20Oil%20Release%20No.%203/1-Request%20for%20Proposal/FY26%20SPR%20Oil%20Release%20No.%203%20Request%20for%20Proposal.pdf
Vitol,Vitol Inc.,2026-06-22,FY26 SPR Oil Release No. 3,0.5,Big Hill,Sour,11.0,Aug-26,2026-08-01,2026-08-31,354838.71,Tranche-level RFP delivery window; DOE award PDFs do not publish buyer-specific site/month/quality splits.,https://www.spr.doe.gov/posting/EXCHANGE/FY26%20SPR%20Oil%20Release%20No.%203/1-Request%20for%20Proposal/FY26%20SPR%20Oil%20Release%20No.%203%20Award%20Information.pdf,https://www.spr.doe.gov/posting/EXCHANGE/FY26%20SPR%20Oil%20Release%20No.%203/1-Request%20for%20Proposal/FY26%20SPR%20Oil%20Release%20No.%203%20Request%20for%20Proposal.pdf
Vitol,Vitol Inc.,2026-06-22,FY26 SPR Oil Release No. 3,0.5,Big Hill,Sour,14.0,Sep-26,2026-09-01,2026-09-30,466666.667,Tranche-level RFP delivery window; DOE award PDFs do not publish buyer-specific site/month/quality splits.,https://www.spr.doe.gov/posting/EXCHANGE/FY26%20SPR%20Oil%20Release%20No.%203/1-Request%20for%20Proposal/FY26%20SPR%20Oil%20Release%20No.%203%20Award%20Information.pdf,https://www.spr.doe.gov/posting/EXCHANGE/FY26%20SPR%20Oil%20Release%20No.%203/1-Request%20for%20Proposal/FY26%20SPR%20Oil%20Release%20No.%203%20Request%20for%20Proposal.pdf
