date,daily_withholding,mtd_withholding,fytd_withholding,year,month,day,weekday,daily_7d_avg,daily_30d_avg
2023-02-14,2402,125525,1196882,2023,2,14,1,2402.0,2402.0
2023-02-15,13488,139014,1210370,2023,2,15,2,7945.0,7945.0
2023-02-16,19883,158896,1230253,2023,2,16,3,11924.333333333334,11924.333333333334
2023-02-17,10514,169410,1240766,2023,2,17,4,11571.75,11571.75
2023-02-21,28955,198364,1269721,2023,2,21,1,15048.4,15048.4
2023-02-22,5940,204305,1275661,2023,2,22,2,13530.333333333334,13530.333333333334
2023-02-23,12217,216522,1287879,2023,2,23,3,13342.714285714286,13342.714285714286
2023-02-24,9019,225541,1296897,2023,2,24,4,14288.0,12802.25
2023-02-27,26646,252187,1323543,2023,2,27,0,16167.714285714286,14340.444444444445
2023-02-28,5486,257673,1329029,2023,2,28,1,14111.0,13455.0
2023-03-01,36430,36430,1365459,2023,3,1,2,17813.285714285714,15543.636363636364
2023-03-02,8815,45244,1374273,2023,3,2,3,14936.142857142857,14982.916666666666
2023-03-03,12479,57723,1386753,2023,3,3,4,15870.285714285714,14790.307692307691
2023-03-06,29248,86972,1416001,2023,3,6,0,18303.285714285714,15823.0
2023-03-07,4061,91033,1420062,2023,3,7,1,17595.0,15038.866666666667
2023-03-08,11511,102544,1431573,2023,3,8,2,15432.857142857143,14818.375
2023-03-09,4132,106675,1435705,2023,3,9,3,15239.42857142857,14189.764705882353
2023-03-10,9704,116380,1445409,2023,3,10,4,11421.42857142857,13940.555555555555
2023-03-13,34131,150511,1479540,2023,3,13,0,15038.0,15003.21052631579
2023-03-14,3742,154252,1483282,2023,3,14,1,13789.857142857143,14440.15
2023-03-15,18713,172966,1501995,2023,3,15,2,12284.857142857143,14643.619047619048
2023-03-16,27438,200403,1529433,2023,3,16,3,15624.42857142857,15225.181818181818
2023-03-17,10726,211129,1540158,2023,3,17,4,15512.285714285714,15029.565217391304
2023-03-20,23834,234963,1563992,2023,3,20,0,18326.85714285714,15396.416666666666
2023-03-21,3209,238171,1567201,2023,3,21,1,17399.0,14908.92
2023-03-22,11731,249902,1578931,2023,3,22,2,14199.0,14786.692307692309
2023-03-23,3427,253329,1582358,2023,3,23,3,14154.0,14365.962962962964
2023-03-24,7881,261210,1590239,2023,3,24,4,12606.57142857143,14134.357142857143
2023-03-27,23249,284460,1613489,2023,3,27,0,12008.142857142857,14448.655172413793
2023-03-28,2104,286564,1615593,2023,3,28,1,10776.42857142857,14037.166666666666
2023-03-29,10204,296768,1625798,2023,3,29,2,8829.285714285714,14297.233333333334
2023-03-30,4584,301353,1630382,2023,3,30,3,9025.714285714286,14000.433333333332
2023-03-31,11349,312702,1641731,2023,3,31,4,8971.142857142857,13715.966666666667
2023-04-03,44370,44370,1686101,2023,4,3,0,14820.142857142857,14844.5
2023-04-04,4462,48832,1690563,2023,4,4,1,14331.714285714286,14028.066666666668
2023-04-05,12918,61750,1703481,2023,4,5,2,12855.857142857143,14260.666666666666
2023-04-06,3919,65669,1707400,2023,4,6,3,13115.142857142857,13984.066666666668
2023-04-07,8068,73737,1715468,2023,4,7,4,12810.0,13952.366666666667
2023-04-10,19460,93197,1734928,2023,4,10,0,14935.142857142857,13712.833333333334
2023-04-11,3636,96833,1738564,2023,4,11,1,13833.285714285714,13651.166666666666
2023-04-12,10870,107704,1749434,2023,4,12,2,9047.57142857143,12799.166666666666
2023-04-13,3030,110734,1752465,2023,4,13,3,8843.0,12606.333333333334
2023-04-14,10384,121118,1762849,2023,4,14,4,8481.0,12536.5
2023-04-17,21367,142485,1784216,2023,4,17,0,10973.57142857143,12273.8
2023-04-18,24920,167405,1809136,2023,4,18,1,13381.0,12969.1
2023-04-19,8919,176324,1818055,2023,4,19,2,11875.142857142857,12882.7
2023-04-20,5405,181729,1823460,2023,4,20,3,12127.857142857143,12925.133333333333
2023-04-21,7803,189532,1831262,2023,4,21,4,11689.714285714286,12861.766666666666
2023-04-24,20452,209984,1851715,2023,4,24,0,14178.57142857143,12405.8
2023-04-25,2040,212024,1853755,2023,4,25,1,12986.57142857143,12349.066666666668
2023-04-26,10829,222853,1864584,2023,4,26,2,11481.142857142857,12086.266666666666
2023-04-27,3486,226340,1868071,2023,4,27,3,8419.142857142857,11287.866666666667
2023-04-28,10812,237151,1878882,2023,4,28,4,8689.57142857143,11290.733333333334
2023-05-01,42456,42456,1921339,2023,5,1,0,13982.57142857143,11911.466666666667
2023-05-02,6493,48949,1927831,2023,5,2,1,13795.42857142857,12020.933333333332
2023-05-03,11737,60686,1939568,2023,5,3,2,12550.42857142857,12021.133333333333
2023-05-04,2404,63090,1941972,2023,5,4,3,12602.42857142857,11987.033333333333
2023-05-05,7353,70444,1949326,2023,5,5,4,12105.857142857143,11969.433333333332
2023-05-08,20388,90831,1969713,2023,5,8,0,14520.42857142857,11874.066666666668
2023-05-09,2200,93031,1971913,2023,5,9,1,13290.142857142857,11877.266666666666
2023-05-10,9925,102956,1981838,2023,5,10,2,8642.857142857143,11867.966666666667
2023-05-11,3710,106665,1985548,2023,5,11,3,8245.285714285714,11838.833333333334
2023-05-12,7463,114128,1993010,2023,5,12,4,7634.714285714285,11709.3
2023-05-15,25105,139233,2018115,2023,5,15,0,10877.714285714286,11067.133333333333
2023-05-16,15224,154458,2033340,2023,5,16,1,12002.142857142857,11425.866666666667
2023-05-17,11449,165906,2044788,2023,5,17,2,10725.142857142857,11376.9
2023-05-18,2882,168788,2047670,2023,5,18,3,10822.57142857143,11342.333333333334
2023-05-19,9356,178145,2057027,2023,5,19,4,10741.285714285714,11385.266666666666
2023-05-22,19975,198120,2077002,2023,5,22,0,13064.857142857143,11402.433333333332
2023-05-23,2873,200993,2079876,2023,5,23,1,12409.142857142857,11377.0
2023-05-24,10913,211906,2090788,2023,5,24,2,10381.714285714286,11378.433333333332
2023-05-25,3043,214949,2093831,2023,5,25,3,8641.57142857143,11378.866666666667
2023-05-26,8957,223906,2102788,2023,5,26,4,8285.57142857143,11331.3
2023-05-30,24211,248117,2126999,2023,5,30,1,11332.57142857143,11426.1
2023-05-31,7021,255137,2134020,2023,5,31,2,10999.0,10829.466666666667
2023-06-01,26421,26421,2160441,2023,6,1,3,11919.857142857143,11412.866666666667
2023-06-02,10867,37288,2171307,2023,6,2,4,13061.857142857143,11594.933333333332
2023-06-05,18876,56164,2190183,2023,6,5,0,14199.42857142857,11964.033333333333
2023-06-06,3300,59464,2193484,2023,6,6,1,14236.142857142857,11392.3
2023-06-07,12472,71937,2205956,2023,6,7,2,14738.285714285714,11740.033333333333
2023-06-08,3251,75188,2209207,2023,6,8,3,11744.0,11487.433333333332
2023-06-09,8403,83591,2217610,2023,6,9,4,11941.42857142857,11651.333333333334
2023-06-12,23092,106683,2240703,2023,6,12,0,11465.857142857143,12060.666666666666
2023-06-13,2082,108765,2242784,2023,6,13,1,10210.857142857143,10714.866666666667
2023-06-14,10361,119126,2253145,2023,6,14,2,8994.42857142857,10843.8
2023-06-15,9770,128896,2262915,2023,6,15,3,9918.714285714286,10778.233333333334
2023-06-16,20504,149399,2283419,2023,6,16,4,11066.142857142857,11381.566666666668
2023-06-20,20981,170380,2304400,2023,6,20,1,13599.0,11835.833333333334
2023-06-21,6042,176423,2310442,2023,6,21,2,13261.714285714286,11357.633333333333
2023-06-22,10979,187401,2321421,2023,6,22,3,11531.285714285714,11650.266666666666
2023-06-23,10062,197463,2331483,2023,6,23,4,12671.285714285714,11654.833333333334
2023-06-26,22339,219802,2353822,2023,6,26,0,14382.42857142857,12275.8
2023-06-27,2672,222474,2356494,2023,6,27,1,13368.42857142857,12116.1
2023-06-28,10109,232583,2366602,2023,6,28,2,11883.42857142857,11616.233333333334
2023-06-29,3198,235781,2369800,2023,6,29,3,9343.0,11215.366666666667
2023-06-30,9958,245739,2379758,2023,6,30,4,9902.42857142857,11165.666666666666
2023-07-03,40353,40353,2420111,2023,7,3,0,14098.714285714286,12414.7
2023-07-05,6636,46988,2426747,2023,7,5,2,13609.285714285714,12324.033333333333
2023-07-06,12239,59227,2438985,2023,7,6,3,12166.42857142857,12066.166666666666
2023-07-07,7736,66962,2446721,2023,7,7,4,12889.857142857143,12228.266666666666
2023-07-10,21624,88586,2468345,2023,7,10,0,14534.857142857143,12585.3
2023-07-11,3448,92034,2471793,2023,7,11,1,14570.57142857143,12598.8
2023-07-12,9766,101800,2481559,2023,7,12,2,14543.142857142857,12625.766666666666
2023-07-13,2378,104178,2483936,2023,7,13,3,9118.142857142857,11898.0
2023-07-14,8497,112674,2492433,2023,7,14,4,9384.0,11947.2
2023-07-17,34486,147160,2526919,2023,7,17,0,12562.142857142857,12216.033333333333
2023-07-18,2656,149817,2529575,2023,7,18,1,11836.42857142857,11942.333333333334
2023-07-19,11535,161352,2541110,2023,7,19,2,10395.142857142857,11697.633333333333
2023-07-20,2388,163739,2543498,2023,7,20,3,10243.714285714286,11667.233333333334
2023-07-21,8585,172324,2552082,2023,7,21,4,10075.0,11537.666666666666
2023-07-24,23145,195468,2575227,2023,7,24,0,13041.714285714286,12200.8
2023-07-25,2226,197694,2577453,2023,7,25,1,12145.857142857143,11994.9
2023-07-26,10753,208447,2588205,2023,7,26,2,8755.42857142857,11583.6
2023-07-27,3239,211686,2591444,2023,7,27,3,8838.714285714286,11622.166666666666
2023-07-28,7416,219102,2598861,2023,7,28,4,8250.285714285714,11524.0
2023-07-31,23422,242524,2622283,2023,7,31,0,11255.142857142857,11979.066666666668
2023-08-01,20057,20057,2642340,2023,8,1,1,12894.0,11964.166666666666
2023-08-02,13759,33815,2656098,2023,8,2,2,11553.142857142857,11723.433333333332
2023-08-03,3267,37083,2659366,2023,8,3,3,11701.857142857143,11630.933333333332
2023-08-04,10490,47572,2669855,2023,8,4,4,11664.285714285714,11614.633333333333
2023-08-07,21815,69387,2691670,2023,8,7,0,14318.0,12006.4
2023-08-08,3132,72520,2694802,2023,8,8,1,13706.0,11366.166666666666
2023-08-09,9745,82265,2704547,2023,8,9,2,11752.142857142857,11601.933333333332
2023-08-10,2649,84914,2707197,2023,8,10,3,9265.285714285714,11353.266666666666
2023-08-11,8147,93061,2715344,2023,8,11,4,8463.57142857143,11518.233333333334
2023-08-14,19090,112150,2734433,2023,8,14,0,10724.0,11822.633333333333
2023-08-15,5611,117761,2740044,2023,8,15,1,10027.0,10664.566666666668
2023-08-16,22136,139898,2762181,2023,8,16,2,10072.857142857143,11181.233333333334
2023-08-17,5090,144987,2767270,2023,8,17,3,10352.57142857143,10942.933333333332
2023-08-18,10269,155256,2777539,2023,8,18,4,10427.42857142857,11027.366666666667
2023-08-21,22101,177358,2799640,2023,8,21,0,13206.285714285714,11043.266666666666
2023-08-22,2580,179938,2802221,2023,8,22,1,12411.0,11014.333333333334
2023-08-23,10361,190299,2812582,2023,8,23,2,11164.0,11034.166666666666
2023-08-24,2497,192796,2815079,2023,8,24,3,10719.142857142857,11038.133333333333
2023-08-25,6951,199747,2822030,2023,8,25,4,8549.857142857143,10986.6
2023-08-28,20416,220164,2842446,2023,8,28,0,10739.285714285714,10517.6
2023-08-29,2515,222678,2844961,2023,8,29,1,9631.57142857143,10512.9
2023-08-30,9536,232215,2854498,2023,8,30,2,7836.571428571428,10446.266666666666
2023-08-31,5366,237581,2859864,2023,8,31,3,8234.57142857143,10545.533333333333
2023-09-01,25073,25073,2884936,2023,9,1,4,10336.285714285714,11095.133333333333
2023-09-05,25258,50331,2910195,2023,9,5,1,13587.857142857143,11165.566666666668
2023-09-06,5889,56219,2916083,2023,9,6,2,13436.142857142857,11287.666666666666
2023-09-07,11564,67784,2927648,2023,9,7,3,12171.57142857143,11314.7
2023-09-08,7791,75574,2935438,2023,9,8,4,12925.285714285714,11466.433333333332
2023-09-11,19933,95507,2955371,2023,9,11,0,14410.57142857143,11883.666666666666
2023-09-12,2964,98472,2958336,2023,9,12,1,14067.42857142857,11201.733333333334
2023-09-13,10012,108483,2968347,2023,9,13,2,11915.857142857143,10866.9
2023-09-14,6100,114584,2974448,2023,9,14,3,9179.0,10611.6
2023-09-15,12658,127242,2987106,2023,9,15,4,10146.0,10924.633333333333
2023-09-18,34390,161632,3021496,2023,9,18,0,13406.857142857143,11721.3
2023-09-19,3279,164911,3024775,2023,9,19,1,12762.285714285714,11103.433333333332
2023-09-20,12282,177193,3037057,2023,9,20,2,11669.285714285714,11408.433333333332
2023-09-21,3062,180255,3040119,2023,9,21,3,11683.285714285714,11185.666666666666
2023-09-22,7869,188124,3047988,2023,9,22,4,11377.142857142857,11359.666666666666
2023-09-25,19723,207847,3067711,2023,9,25,0,13323.285714285714,11745.533333333333
2023-09-26,3354,211201,3071065,2023,9,26,1,11994.142857142857,11221.0
2023-09-27,10736,221937,3081801,2023,9,27,2,8615.0,11391.833333333334
2023-09-28,2936,224872,3084736,2023,9,28,3,8566.0,10751.833333333334
2023-09-29,10862,235735,3095599,2023,9,29,4,8363.142857142857,10944.233333333334
2023-10-02,42194,42194,42194,2023,10,2,0,13953.42857142857,12008.4
2023-10-03,4308,46501,46501,2023,10,3,1,13444.714285714286,11415.3
2023-10-04,12269,58770,58770,2023,10,4,2,12379.857142857143,11738.266666666666
2023-10-05,2686,61455,61455,2023,10,5,3,12284.42857142857,11482.433333333332
2023-10-06,8138,69594,69594,2023,10,6,4,11913.285714285714,11670.466666666667
2023-10-10,20492,90086,90086,2023,10,10,1,14421.285714285714,12121.833333333334
2023-10-11,5535,95621,95621,2023,10,11,2,13660.285714285714,11625.8
2023-10-12,10902,106523,106523,2023,10,12,3,9190.0,11905.366666666667
2023-10-13,9390,115913,115913,2023,10,13,4,9916.0,11900.5
2023-10-16,40583,156495,156495,2023,10,16,0,13960.857142857143,13074.4
2023-10-17,3292,159787,159787,2023,10,17,1,14047.42857142857,12348.366666666667
2023-10-18,11195,170982,170982,2023,10,18,2,14484.142857142857,11879.6
2023-10-19,2521,173503,173503,2023,10,19,3,11916.857142857143,11767.333333333334
2023-10-20,7203,180706,180706,2023,10,20,4,12155.142857142857,11621.966666666667
2023-10-23,21067,201772,201772,2023,10,23,0,13607.285714285714,12064.5
2023-10-24,2216,203988,203988,2023,10,24,1,12582.42857142857,11473.933333333332
2023-10-25,9635,213623,213623,2023,10,25,2,8161.285714285715,11696.3
2023-10-26,3537,217160,217160,2023,10,26,3,8196.285714285714,11480.466666666667
2023-10-27,8334,225494,225494,2023,10,27,4,7787.571428571428,11554.933333333332
2023-10-30,21395,246889,246889,2023,10,30,0,10483.857142857143,11846.166666666666
2023-10-31,5611,252500,252500,2023,10,31,1,10256.42857142857,10886.866666666667
2023-11-01,26655,26655,279155,2023,11,1,2,11054.714285714286,11666.066666666668
2023-11-02,8519,35174,287674,2023,11,2,3,11955.142857142857,11540.633333333333
2023-11-03,9945,45119,297619,2023,11,3,4,11999.42857142857,11770.066666666668
2023-11-06,18971,64090,316590,2023,11,6,0,14204.285714285714,12140.133333333333
2023-11-07,2669,66759,319259,2023,11,7,1,13395.0,11571.666666666666
2023-11-08,10842,77602,330101,2023,11,8,2,11887.42857142857,11821.266666666666
2023-11-09,3536,81137,333637,2023,11,9,3,11591.0,11581.266666666666
2023-11-10,6529,87667,340166,2023,11,10,4,8715.857142857143,11701.033333333333
2023-11-13,22240,109907,362406,2023,11,13,0,10676.0,12080.3
2023-11-14,2752,112659,365158,2023,11,14,1,9648.42857142857,10765.566666666668
2023-11-15,13491,126149,378649,2023,11,15,2,8865.57142857143,11071.666666666666
2023-11-16,15300,141450,393949,2023,11,16,3,10670.0,11172.7
2023-11-17,10194,151644,404143,2023,11,17,4,10577.42857142857,11422.966666666667
2023-11-20,20156,171800,424300,2023,11,20,0,12951.714285714286,11823.566666666668
2023-11-21,3889,175689,428189,2023,11,21,1,12574.57142857143,11270.133333333333
2023-11-22,13803,189492,441992,2023,11,22,2,11369.285714285714,11545.733333333334
2023-11-24,12217,201709,454209,2023,11,24,4,12721.42857142857,11589.566666666668
2023-11-27,21200,222909,475409,2023,11,27,0,13822.714285714286,11983.233333333334
2023-11-28,2628,225537,478037,2023,11,28,1,12012.42857142857,10718.066666666668
2023-11-29,10035,235572,488072,2023,11,29,2,11989.714285714286,10942.833333333334
2023-11-30,5083,240655,493155,2023,11,30,3,9836.42857142857,10739.1
2023-12-01,25271,25271,518426,2023,12,1,4,12891.0,11497.433333333332
2023-12-04,24103,49374,542529,2023,12,4,0,14362.42857142857,12060.766666666666
2023-12-05,3494,52868,546023,2023,12,5,1,13116.285714285714,11475.0
2023-12-06,13561,66429,559584,2023,12,6,2,12025.0,11853.166666666666
2023-12-07,3415,69844,562999,2023,12,7,3,12137.42857142857,11645.833333333334
2023-12-08,9955,79799,572954,2023,12,8,4,12126.0,11859.766666666666
2023-12-11,24145,103943,597098,2023,12,11,0,14849.142857142857,12386.8
2023-12-12,3450,107394,600548,2023,12,12,1,11731.857142857143,11788.633333333333
2023-12-13,11227,118620,611775,2023,12,13,2,9892.42857142857,11975.833333333334
2023-12-14,4633,123253,616408,2023,12,14,3,10055.142857142857,11241.766666666666
2023-12-15,17798,141051,634206,2023,12,15,4,10660.42857142857,11551.066666666668
2023-12-18,40404,181455,674610,2023,12,18,0,15944.57142857143,12566.366666666667
2023-12-19,5572,187028,680183,2023,12,19,1,15318.42857142857,12119.733333333334
2023-12-20,15828,202855,696010,2023,12,20,2,14130.285714285714,12558.366666666667
2023-12-21,6777,209633,702787,2023,12,21,3,14605.57142857143,12422.866666666667
2023-12-22,12927,222560,715714,2023,12,22,4,14848.42857142857,12735.9
2023-12-26,30246,252805,745960,2023,12,26,1,18507.428571428572,13526.466666666667
2023-12-27,7360,260165,753320,2023,12,27,2,17016.285714285714,13030.466666666667
2023-12-28,13952,274118,767273,2023,12,28,3,13237.42857142857,13403.8
2023-12-29,16509,290627,783782,2023,12,29,4,14799.857142857143,13504.4
2024-01-02,51912,51912,835693,2024,1,2,1,19954.714285714286,14724.8
2024-01-03,8689,60601,844382,2024,1,3,2,20227.85714285714,14674.633333333333
2024-01-04,14004,74605,858386,2024,1,4,3,20381.714285714286,14469.566666666668
2024-01-05,8836,83441,867222,2024,1,5,4,17323.14285714286,14634.466666666667
2024-01-08,23415,106855,890637,2024,1,8,0,19616.714285714286,14954.866666666667
2024-01-09,3332,110187,893969,2024,1,9,1,18099.571428571428,14658.7
2024-01-10,10112,120299,904081,2024,1,10,2,17185.714285714286,14289.1
2024-01-11,4118,124417,908199,2024,1,11,3,10358.0,14338.766666666666
2024-01-12,9378,133795,917577,2024,1,12,4,10456.42857142857,14316.866666666667
2024-01-16,40350,174145,957927,2024,1,16,1,14220.142857142857,15492.433333333332
2024-01-17,5926,180071,963852,2024,1,17,2,13804.42857142857,14847.6
2024-01-18,11158,191228,975010,2024,1,18,3,12053.42857142857,14416.1
2024-01-19,8843,200071,983853,2024,1,19,4,12840.714285714286,14594.4
2024-01-22,25015,225086,1008868,2024,1,22,0,14969.714285714286,14976.2
2024-01-23,3405,228492,1012273,2024,1,23,1,14867.857142857143,14975.866666666667
2024-01-24,12863,241355,1025137,2024,1,24,2,15365.714285714286,15072.8
2024-01-25,3018,244373,1028154,2024,1,25,3,10032.57142857143,14368.566666666668
2024-01-26,8720,253093,1036875,2024,1,26,4,10431.714285714286,14544.233333333334
2024-01-29,23341,276434,1060215,2024,1,29,0,12172.142857142857,14948.033333333333
2024-01-30,3033,279466,1063248,2024,1,30,1,11342.142857142857,14894.7
2024-01-31,13603,293069,1076851,2024,1,31,2,9711.857142857143,14754.866666666667
2024-02-01,27133,27133,1103984,2024,2,1,3,13101.57142857143,14312.5
2024-02-02,12356,39489,1116340,2024,2,2,4,13029.142857142857,14538.633333333333
2024-02-05,26297,65786,1142637,2024,2,5,0,16354.714285714286,14887.6
2024-02-06,3809,69595,1146446,2024,2,6,1,15653.142857142857,14788.666666666666
2024-02-07,12671,82266,1159117,2024,2,7,2,14128.857142857143,14780.133333333333
2024-02-08,3784,86050,1162901,2024,2,8,3,14236.142857142857,13898.066666666668
2024-02-09,8171,94220,1171071,2024,2,9,4,13460.142857142857,13925.1
2024-02-12,23580,117801,1194652,2024,2,12,0,12952.57142857143,14246.033333333333
2024-02-13,2656,120457,1197308,2024,2,13,1,11566.857142857143,13784.266666666666
2024-02-14,10086,130543,1207394,2024,2,14,2,9251.0,12390.066666666668
2024-02-15,7495,138037,1214888,2024,2,15,3,9777.57142857143,12350.266666666666
2024-02-16,26584,164621,1241472,2024,2,16,4,11765.142857142857,12769.6
2024-02-20,32938,197559,1274410,2024,2,20,1,15930.0,13573.0
2024-02-21,7640,205199,1282050,2024,2,21,2,15854.142857142857,13047.166666666666
2024-02-22,12514,217714,1294565,2024,2,22,3,14273.285714285714,13353.233333333334
2024-02-23,10200,227913,1304764,2024,2,23,4,15351.0,13356.166666666666
2024-02-26,27566,255479,1332330,2024,2,26,0,17848.14285714286,14137.766666666666
2024-02-27,3945,259425,1336276,2024,2,27,1,17341.0,13956.666666666666
2024-02-28,10761,270186,1347037,2024,2,28,2,15080.57142857143,12970.366666666667
2024-02-29,8492,278678,1355529,2024,2,29,3,11588.285714285714,13055.9
2024-03-01,35037,35037,1390566,2024,3,1,4,15502.142857142857,13851.866666666667
2024-03-04,32920,67957,1423486,2024,3,4,0,18417.285714285714,14654.433333333332
2024-03-05,4352,72309,1427838,2024,3,5,1,17581.85714285714,13965.666666666666
2024-03-06,14964,87273,1442802,2024,3,6,2,15781.57142857143,14350.966666666667
2024-03-07,5020,92294,1447823,2024,3,7,3,15935.142857142857,14089.533333333333
2024-03-08,11336,103630,1459159,2024,3,8,4,16017.285714285714,14366.8
2024-03-11,32270,135899,1491428,2024,3,11,0,19414.14285714286,15151.8
2024-03-12,3966,139865,1495394,2024,3,12,1,14975.42857142857,14505.966666666667
2024-03-13,11171,151036,1506565,2024,3,13,2,11868.42857142857,14777.233333333334
2024-03-14,4809,155844,1511373,2024,3,14,3,11933.714285714286,14484.1
2024-03-15,18034,173879,1529408,2024,3,15,4,12372.285714285714,14180.8
2024-03-18,54378,228257,1583786,2024,3,18,0,19423.428571428572,15581.533333333333
2024-03-19,5040,233297,1588826,2024,3,19,1,18524.0,14872.966666666667
2024-03-20,12403,245700,1601229,2024,3,20,2,15685.857142857143,15159.433333333332
2024-03-21,3918,249619,1605148,2024,3,21,3,15679.0,14867.666666666666
2024-03-22,9406,259025,1614554,2024,3,22,4,15426.857142857143,15055.066666666668
2024-03-25,27084,286109,1641638,2024,3,25,0,18609.0,15685.5
2024-03-26,4133,290242,1645771,2024,3,26,1,16623.14285714286,15037.266666666666
2024-03-27,11770,302013,1657541,2024,3,27,2,10536.285714285714,15341.066666666668
2024-03-28,4230,306243,1661772,2024,3,28,3,10420.57142857143,15145.866666666667
2024-03-29,13449,319691,1675220,2024,3,29,4,10570.0,15344.333333333334
2024-04-01,41300,41300,1716520,2024,4,1,0,15910.285714285714,15834.866666666667
2024-04-02,7626,48927,1724147,2024,4,2,1,15656.0,14991.133333333333
2024-04-03,12499,61426,1736646,2024,4,3,2,13572.42857142857,15153.1
2024-04-04,2871,64297,1739517,2024,4,4,3,13392.142857142857,14831.666666666666
2024-04-05,7937,72234,1747454,2024,4,5,4,12844.57142857143,14756.233333333334
2024-04-08,23419,95654,1770874,2024,4,8,0,15585.857142857143,14618.0
2024-04-09,3421,99074,1774294,2024,4,9,1,14153.285714285714,14600.533333333333
2024-04-10,10628,109702,1784922,2024,4,10,2,9771.57142857143,14596.1
2024-04-11,5071,114773,1789993,2024,4,11,3,9406.57142857143,14482.066666666668
2024-04-12,12244,127017,1802237,2024,4,12,4,9370.142857142857,13722.3
2024-04-15,30862,157878,1833098,2024,4,15,0,13368.857142857143,13653.7
2024-04-16,8676,166554,1841775,2024,4,16,1,13474.42857142857,13797.833333333334
2024-04-17,17848,184402,1859623,2024,4,17,2,12678.57142857143,13893.966666666667
2024-04-18,5138,189541,1864761,2024,4,18,3,12923.857142857143,13897.9
2024-04-19,9965,199506,1874726,2024,4,19,4,12829.142857142857,13852.2
2024-04-22,21993,221498,1896718,2024,4,22,0,15246.57142857143,13509.633333333333
2024-04-23,2733,224232,1899452,2024,4,23,1,13887.857142857143,13468.533333333333
2024-04-24,9788,234020,1909240,2024,4,24,2,10877.285714285714,13422.433333333332
2024-04-25,2537,236557,1911777,2024,4,25,3,10000.285714285714,13346.7
2024-04-26,9466,246023,1921243,2024,4,26,4,8802.857142857143,13061.1
2024-04-29,24598,270621,1945841,2024,4,29,0,11582.857142857143,12068.433333333332
2024-04-30,5711,276332,1951552,2024,4,30,1,10975.142857142857,12090.8
2024-05-01,29454,29454,1981006,2024,5,1,2,12041.0,12659.166666666666
2024-05-02,7398,36851,1988403,2024,5,2,3,12707.42857142857,12775.166666666666
2024-05-03,10302,47154,1998706,2024,5,3,4,12780.857142857143,12805.033333333333
2024-05-06,20483,67636,2019188,2024,5,6,0,15344.57142857143,12585.0
2024-05-07,2794,70430,2021982,2024,5,7,1,14391.42857142857,12540.366666666667
2024-05-08,11179,81610,2033162,2024,5,8,2,12474.42857142857,12520.666666666666
2024-05-09,2673,84283,2035835,2024,5,9,3,12040.42857142857,12468.766666666666
2024-05-10,8018,92301,2043853,2024,5,10,4,8978.142857142857,12287.733333333334
2024-05-13,23415,115716,2067268,2024,5,13,0,11266.285714285714,11691.566666666668
2024-05-14,2455,118171,2069723,2024,5,14,1,10145.285714285714,11519.2
2024-05-15,13353,131524,2083076,2024,5,15,2,9126.714285714286,11547.666666666666
2024-05-16,16569,148093,2099645,2024,5,16,3,11094.57142857143,12004.266666666666
2024-05-17,13053,161147,2112699,2024,5,17,4,11362.285714285714,12174.8
2024-05-20,20594,181741,2133293,2024,5,20,0,13922.42857142857,12080.633333333333
2024-05-21,3744,185484,2137036,2024,5,21,1,13311.857142857143,12091.4
2024-05-22,12587,198071,2149623,2024,5,22,2,11765.0,12156.7
2024-05-23,5095,203166,2154718,2024,5,23,3,12142.142857142857,12157.5
2024-05-24,8735,211901,2163453,2024,5,24,4,11482.42857142857,12040.533333333333
2024-05-28,24793,236695,2188247,2024,5,28,1,12657.285714285714,11838.233333333334
2024-05-29,3903,240598,2192150,2024,5,29,2,11350.142857142857,11679.133333333333
2024-05-30,10253,250851,2202403,2024,5,30,3,9872.857142857143,11425.966666666667
2024-05-31,10614,261465,2213017,2024,5,31,4,10854.285714285714,11608.5
2024-06-03,41577,41577,2254594,2024,6,3,0,14995.714285714286,12662.233333333334
2024-06-04,4254,45830,2258848,2024,6,4,1,14875.57142857143,12070.933333333332
2024-06-05,12725,58555,2271573,2024,6,5,2,15445.57142857143,12404.0
2024-06-06,3480,62035,2275053,2024,6,6,3,12400.857142857143,12193.733333333334
2024-06-07,8341,70376,2283394,2024,6,7,4,13034.857142857143,12387.2
2024-06-10,23317,93693,2306710,2024,6,10,0,14901.142857142857,12848.9
2024-06-11,3899,97592,2310609,2024,6,11,1,13941.857142857143,12158.933333333332
2024-06-12,10935,108527,2321544,2024,6,12,2,9564.42857142857,12333.066666666668
2024-06-13,3142,111669,2324686,2024,6,13,3,9405.57142857143,11456.0
2024-06-14,9901,121570,2334587,2024,6,14,4,9002.142857142857,11539.433333333332
2024-06-17,40369,161939,2374956,2024,6,17,0,14272.0,12541.666666666666
2024-06-18,4328,166267,2379284,2024,6,18,1,13698.714285714286,12003.166666666666
2024-06-20,14413,180680,2393697,2024,6,20,3,12426.714285714286,12390.466666666667
2024-06-21,9513,190193,2403210,2024,6,21,4,13228.714285714286,12334.933333333332
2024-06-24,25027,215220,2428237,2024,6,24,0,15241.857142857143,13080.066666666668
2024-06-25,2809,218028,2431046,2024,6,25,1,15194.285714285714,12906.433333333332
2024-06-26,11049,229077,2442094,2024,6,26,2,15358.285714285714,12494.233333333334
2024-06-27,4174,233251,2446269,2024,6,27,3,10187.57142857143,12551.533333333333
2024-06-28,10467,243718,2456735,2024,6,28,4,11064.57142857143,12455.333333333334
2024-07-01,39546,39546,2496282,2024,7,1,0,14655.0,13221.233333333334
2024-07-02,7459,47005,2503740,2024,7,2,1,14361.57142857143,13034.766666666666
2024-07-03,13363,60368,2517103,2024,7,3,2,12695.285714285714,12793.733333333334
2024-07-05,8409,68777,2525512,2024,7,5,4,13495.285714285714,12949.233333333334
2024-07-08,24286,93063,2549798,2024,7,8,0,15386.285714285714,13339.2
2024-07-09,2568,95630,2552366,2024,7,9,1,15156.857142857143,13254.966666666667
2024-07-10,10171,105802,2562537,2024,7,10,2,15114.57142857143,13302.833333333334
2024-07-11,3520,109322,2566057,2024,7,11,3,9968.0,12593.733333333334
2024-07-12,6975,116296,2573032,2024,7,12,4,9898.857142857143,12696.133333333333
2024-07-15,23605,139901,2596637,2024,7,15,0,11362.0,13141.2
2024-07-16,15381,155282,2612017,2024,7,16,1,12358.0,13300.1
2024-07-17,10754,166036,2622771,2024,7,17,2,10424.857142857143,12272.666666666666
2024-07-18,3326,169362,2626097,2024,7,18,3,10533.142857142857,12241.733333333334
2024-07-19,10212,179574,2636309,2024,7,19,4,10539.0,12157.966666666667
2024-07-22,23859,203433,2660168,2024,7,22,0,13444.57142857143,12837.266666666666
2024-07-23,3134,206566,2663302,2024,7,23,1,12895.857142857143,12663.7
2024-07-24,9734,216300,2673035,2024,7,24,2,10914.285714285714,12210.933333333332
2024-07-25,2567,218868,2675603,2024,7,25,3,9083.714285714286,12166.533333333333
2024-07-26,8341,227208,2683944,2024,7,26,4,8739.0,12080.066666666668
2024-07-29,22237,249446,2706181,2024,7,29,0,11440.57142857143,12716.566666666668
2024-07-30,2541,251987,2708722,2024,7,30,1,10344.714285714286,12471.233333333334
2024-07-31,13271,265257,2721992,2024,7,31,2,8832.142857142857,11567.966666666667
2024-08-01,21504,21504,2743496,2024,8,1,3,11456.42857142857,12140.5
2024-08-02,12135,33639,2755631,2024,8,2,4,11799.42857142857,12064.566666666668
2024-08-05,22151,55790,2777783,2024,8,5,0,14597.142857142857,12485.833333333334
2024-08-06,3494,59285,2781277,2024,8,6,1,13904.714285714286,11768.066666666668
2024-08-07,13264,72548,2794541,2024,8,7,2,12622.857142857143,12116.566666666668
2024-08-08,3261,75810,2797802,2024,8,8,3,12725.714285714286,11856.966666666667
2024-08-09,7716,83526,2805518,2024,8,9,4,11932.142857142857,11975.033333333333
2024-08-12,21386,104911,2826904,2024,8,12,0,11915.285714285714,12339.0
2024-08-13,2152,107064,2829056,2024,8,13,1,10489.142857142857,11092.533333333333
2024-08-14,10256,117319,2839312,2024,8,14,2,8789.857142857143,11185.766666666666
2024-08-15,6562,123882,2845874,2024,8,15,3,9228.142857142857,10959.066666666668
2024-08-16,20824,144705,2866698,2024,8,16,4,10308.142857142857,11372.9
2024-08-19,26071,170776,2892768,2024,8,19,0,13566.714285714286,11432.4
2024-08-20,3202,173977,2895970,2024,8,20,1,12921.857142857143,11453.533333333333
2024-08-21,13047,187024,2909017,2024,8,21,2,11730.57142857143,11549.4
2024-08-22,3584,190608,2912600,2024,8,22,3,11935.142857142857,11551.533333333333
2024-08-23,8625,199233,2921226,2024,8,23,4,11702.142857142857,11606.533333333333
2024-08-26,21516,220750,2942742,2024,8,26,0,13838.42857142857,11536.9
2024-08-27,2617,223367,2945359,2024,8,27,1,11237.42857142857,11111.433333333332
2024-08-28,10150,233517,2955510,2024,8,28,2,8963.0,11091.3
2024-08-29,3115,236632,2958624,2024,8,29,3,8950.57142857143,11084.266666666666
2024-08-30,10600,247231,2969224,2024,8,30,4,8601.0,11097.2
2024-09-03,44101,44101,3013325,2024,9,3,1,14389.142857142857,11771.933333333332
2024-09-04,6611,50712,3019935,2024,9,4,2,14101.42857142857,11887.833333333334
2024-09-05,11608,62320,3031543,2024,9,5,3,12686.0,11950.3
2024-09-06,7934,70254,3039478,2024,9,6,4,13445.57142857143,12129.2
2024-09-09,20910,91164,3060388,2024,9,9,0,14982.714285714286,12548.166666666666
2024-09-10,2664,93828,3063052,2024,9,10,1,14918.285714285714,11895.733333333334
2024-09-11,11953,105781,3075005,2024,9,11,2,15111.57142857143,12209.466666666667
2024-09-12,3097,108878,3078102,2024,9,12,3,9253.857142857143,11870.333333333334
2024-09-13,14434,123311,3092535,2024,9,13,4,10371.42857142857,11634.666666666666
2024-09-16,40071,163382,3132606,2024,9,16,0,14437.57142857143,12565.866666666667
2024-09-17,3481,166863,3136087,2024,9,17,1,13801.42857142857,11943.533333333333
2024-09-18,13187,180051,3149275,2024,9,18,2,12698.142857142857,12266.633333333333
2024-09-19,2485,182536,3151760,2024,9,19,3,12672.57142857143,11907.333333333334
2024-09-20,8599,191135,3160359,2024,9,20,4,12193.42857142857,12085.266666666666
2024-09-23,22301,213436,3182660,2024,9,23,0,14936.857142857143,12571.433333333332
2024-09-24,2959,216394,3185618,2024,9,24,1,13297.57142857143,11957.2
2024-09-25,10091,226485,3195709,2024,9,25,2,9014.714285714286,12221.833333333334
2024-09-26,3895,230380,3199604,2024,9,26,3,9073.857142857143,12009.8
2024-09-27,9050,239431,3208655,2024,9,27,4,8482.857142857143,12092.733333333334
2024-09-30,25747,265177,3234401,2024,9,30,0,11806.0,12256.833333333334
2024-10-01,20879,20879,20879,2024,10,1,1,13560.285714285714,12083.766666666666
2024-10-02,15343,36222,36222,2024,10,2,2,12566.285714285714,12488.466666666667
2024-10-03,3403,39625,39625,2024,10,3,3,12629.714285714286,12167.0
2024-10-04,10519,50144,50144,2024,10,4,4,12690.857142857143,12398.166666666666
2024-10-07,20633,70777,70777,2024,10,7,0,15082.0,12798.433333333332
2024-10-08,3112,73889,73889,2024,10,8,1,14233.714285714286,12184.966666666667
2024-10-09,10131,84020,84020,2024,10,9,2,12002.857142857143,12435.433333333332
2024-10-10,2879,86899,86899,2024,10,10,3,9431.42857142857,12193.066666666668
2024-10-11,9360,96260,96260,2024,10,11,4,8576.714285714286,12401.233333333334
2024-10-15,30029,126289,126289,2024,10,15,1,12380.42857142857,13048.866666666667
2024-10-16,18345,144634,144634,2024,10,16,2,13498.42857142857,12190.333333333334
2024-10-17,10207,154841,154841,2024,10,17,3,12009.0,12310.2
2024-10-18,9646,164487,164487,2024,10,18,4,12942.42857142857,12244.8
2024-10-21,21101,185588,185588,2024,10,21,0,14509.57142857143,12683.7
2024-10-22,2627,188215,188215,2024,10,22,1,14473.57142857143,12074.266666666666
2024-10-23,10928,199143,199143,2024,10,23,2,14697.57142857143,12349.733333333334
2024-10-24,2738,201881,201881,2024,10,24,3,10798.857142857143,12042.566666666668
2024-10-25,8059,209940,209940,2024,10,25,4,9329.42857142857,12207.966666666667
2024-10-28,24098,234038,234038,2024,10,28,0,11313.857142857143,12530.1
2024-10-29,2926,236965,236965,2024,10,29,1,10353.857142857143,11291.933333333332
2024-10-30,10153,247118,247118,2024,10,30,2,8789.857142857143,11514.333333333334
2024-10-31,7067,254184,254184,2024,10,31,3,9424.142857142857,11310.333333333334
2024-11-01,25525,25525,279709,2024,11,1,4,11509.42857142857,12078.333333333334
2024-11-04,24071,49596,303780,2024,11,4,0,14557.0,12594.066666666668
2024-11-05,3274,52870,307054,2024,11,5,1,13873.42857142857,11959.833333333334
2024-11-06,13447,66317,320501,2024,11,6,2,12351.857142857143,12309.433333333332
2024-11-07,3368,69685,323869,2024,11,7,3,12415.0,12085.333333333334
2024-11-08,9878,79563,333747,2024,11,8,4,12375.714285714286,12284.766666666666
2024-11-12,24710,104273,358457,2024,11,12,1,14896.142857142857,12806.766666666666
2024-11-13,4979,109252,363436,2024,11,13,2,11961.0,12114.5
2024-11-14,9606,118858,373043,2024,11,14,3,9894.57142857143,11738.733333333334
2024-11-15,11858,130716,384900,2024,11,15,4,11120.857142857143,11622.566666666668
2024-11-18,34217,164933,419117,2024,11,18,0,14088.0,12649.7
2024-11-19,8550,173483,427667,2024,11,19,1,14828.285714285714,12584.066666666668
2024-11-20,13045,186528,440712,2024,11,20,2,15280.714285714286,12331.133333333333
2024-11-21,4454,190983,445167,2024,11,21,3,12387.0,12375.866666666667
2024-11-22,9115,200097,454281,2024,11,22,4,12977.857142857143,12342.0
2024-11-25,25851,225948,480132,2024,11,25,0,15298.57142857143,13107.733333333334
2024-11-26,4234,230182,484366,2024,11,26,1,14209.42857142857,12936.866666666667
2024-11-27,14775,244957,499141,2024,11,27,2,11432.0,12428.4
2024-11-29,15068,260025,514210,2024,11,29,4,12363.142857142857,12319.166666666666
2024-12-02,36218,36218,550428,2024,12,2,0,15673.57142857143,13186.2
2024-12-03,5273,41491,555701,2024,12,3,1,15790.57142857143,13040.433333333332
2024-12-04,13026,54518,568727,2024,12,4,2,16349.285714285714,12771.266666666666
2024-12-05,3686,58204,572413,2024,12,5,3,13182.857142857143,12806.566666666668
2024-12-06,9976,68180,582390,2024,12,6,4,14003.142857142857,12774.833333333334
2024-12-09,24985,93165,607375,2024,12,9,0,15461.714285714286,13516.4
2024-12-10,3679,96844,611053,2024,12,10,1,13834.714285714286,13370.4
2024-12-11,12938,109782,623991,2024,12,11,2,10509.0,12998.4
2024-12-12,4606,114388,628597,2024,12,12,3,10413.714285714286,13054.4
2024-12-13,13334,127722,641932,2024,12,13,4,10457.714285714286,13160.433333333332
2024-12-16,51110,178832,693042,2024,12,16,0,17232.571428571428,14628.533333333333
2024-12-17,7244,186076,700286,2024,12,17,1,16842.285714285714,14019.166666666666
2024-12-18,15597,201673,715883,2024,12,18,2,15501.142857142857,13736.7
2024-12-19,6252,207926,722135,2024,12,19,3,15868.714285714286,13835.966666666667
2024-12-20,13511,221437,735647,2024,12,20,4,15950.57142857143,13838.1
2024-12-23,33626,255063,769273,2024,12,23,0,20096.285714285714,14846.7
2024-12-24,7407,262469,776679,2024,12,24,1,19249.571428571428,14764.333333333334
2024-12-26,15090,277559,791769,2024,12,26,3,14103.857142857143,14443.666666666666
2024-12-27,10233,287792,802002,2024,12,27,4,14530.857142857143,14618.8
2024-12-30,30208,318000,832209,2024,12,30,0,16618.14285714286,15305.533333333333
2024-12-31,12842,330842,845052,2024,12,31,1,17559.571428571428,15338.333333333334
2025-01-02,39950,39950,885002,2025,1,2,3,21336.571428571428,15529.433333333332
2025-01-03,12807,52756,897808,2025,1,3,4,18362.428571428572,15671.333333333334
2025-01-06,29323,82080,927131,2025,1,6,0,21493.285714285714,16213.933333333332
2025-01-07,3970,86050,931102,2025,1,7,1,19904.714285714286,16197.8
2025-01-08,10551,96601,941653,2025,1,8,2,19950.14285714286,16245.666666666666
2025-01-09,3526,100128,945179,2025,1,9,3,16138.42857142857,15501.5
2025-01-10,7899,108027,953079,2025,1,10,4,15432.285714285714,15623.666666666666
2025-01-13,23065,131092,976144,2025,1,13,0,13020.142857142857,15900.0
2025-01-14,4150,135243,980295,2025,1,14,1,11783.42857142857,15536.066666666668
2025-01-15,15996,151239,996290,2025,1,15,2,9879.57142857143,14862.0
2025-01-16,18326,169565,1014616,2025,1,16,3,11930.42857142857,15297.1
2025-01-17,9620,179185,1024237,2025,1,17,4,11797.42857142857,15183.566666666668
2025-01-21,26299,205484,1050535,2025,1,21,1,15050.714285714286,15937.333333333334
2025-01-22,7741,213224,1058276,2025,1,22,2,15028.142857142857,15862.833333333334
2025-01-23,16475,229700,1074752,2025,1,23,3,14086.714285714286,15579.166666666666
2025-01-24,8351,238051,1083102,2025,1,24,4,14686.857142857143,15734.9
2025-01-27,25548,263599,1108651,2025,1,27,0,16051.42857142857,16155.233333333334
2025-01-28,2616,266215,1111267,2025,1,28,1,13807.142857142857,16088.9
2025-01-29,12928,279143,1124195,2025,1,29,2,14279.714285714286,16075.366666666667
2025-01-30,3682,282825,1127877,2025,1,30,3,11048.714285714286,14494.433333333332
2025-01-31,13315,296140,1141192,2025,1,31,4,11845.0,14696.8
2025-02-03,53573,53573,1194765,2025,2,3,0,17144.714285714286,15962.666666666666
2025-02-04,5250,58822,1200015,2025,2,4,1,16701.714285714286,15929.266666666666
2025-02-05,13155,71977,1213169,2025,2,5,2,14931.285714285714,15917.4
2025-02-06,4971,76948,1218140,2025,2,6,3,15267.714285714286,14962.233333333334
2025-02-07,8360,85308,1226500,2025,2,7,4,14615.142857142857,14994.0
2025-02-10,25334,110642,1251834,2025,2,10,0,17708.285714285714,15335.466666666667
2025-02-11,4788,115429,1256621,2025,2,11,1,16490.14285714286,15153.966666666667
2025-02-12,10766,126196,1267388,2025,2,12,2,10374.857142857143,14505.9
2025-02-13,4090,130286,1271478,2025,2,13,3,10209.142857142857,14214.166666666666
2025-02-14,10817,141104,1282296,2025,2,14,4,9875.142857142857,13243.066666666668
2025-02-18,51832,192935,1334127,2025,2,18,1,16569.571428571428,14543.9
2025-02-19,7085,200020,1341212,2025,2,19,2,16387.428571428572,13802.633333333333
2025-02-20,17899,217919,1359111,2025,2,20,3,15325.285714285714,14266.933333333332
2025-02-21,10337,228256,1369448,2025,2,21,4,16118.0,14259.8
2025-02-24,28589,256846,1398038,2025,2,24,0,18664.14285714286,15095.233333333334
2025-02-25,3484,260330,1401522,2025,2,25,1,18577.571428571428,14948.066666666668
2025-02-26,13214,273543,1414735,2025,2,26,2,18920.0,14619.7
2025-02-27,4887,278431,1419623,2025,2,27,3,12213.57142857143,14644.266666666666
2025-02-28,13243,291674,1432866,2025,2,28,4,13093.285714285714,14552.5
2025-03-03,61399,61399,1494265,2025,3,3,0,19307.571428571428,15988.266666666666
2025-03-04,6059,67458,1500323,2025,3,4,1,18696.428571428572,15869.566666666668
2025-03-05,14682,82140,1515005,2025,3,5,2,16709.714285714286,15482.333333333334
2025-03-06,5787,87927,1520792,2025,3,6,3,17038.714285714286,15417.2
2025-03-07,10257,98184,1531050,2025,3,7,4,16616.285714285714,15209.933333333332
2025-03-10,36477,134661,1567526,2025,3,10,0,21129.14285714286,16147.466666666667
2025-03-11,4789,139450,1572315,2025,3,11,1,19921.428571428572,15455.5
2025-03-12,12331,151781,1584646,2025,3,12,2,12911.714285714286,15779.333333333334
2025-03-13,5019,156800,1589665,2025,3,13,3,12763.142857142857,15515.7
2025-03-14,14748,171547,1604413,2025,3,14,4,12772.57142857143,15884.566666666668
2025-03-17,65935,237483,1670348,2025,3,17,0,21365.14285714286,17638.566666666666
2025-03-18,4058,241541,1674407,2025,3,18,1,20479.571428571428,15988.066666666668
2025-03-19,14691,256232,1689098,2025,3,19,2,17367.285714285714,16302.766666666666
2025-03-20,3115,259347,1692213,2025,3,20,3,17128.14285714286,15968.1
2025-03-21,10195,269543,1702408,2025,3,21,4,16823.0,16142.233333333334
2025-03-24,28556,298098,1730964,2025,3,24,0,20185.428571428572,16815.433333333334
2025-03-25,3272,301370,1734236,2025,3,25,1,18546.0,16080.033333333333
2025-03-26,11849,313219,1746085,2025,3,26,2,10819.42857142857,16315.4
2025-03-27,4223,317442,1750308,2025,3,27,3,10843.0,16097.3
2025-03-28,9051,326494,1759359,2025,3,28,4,10037.285714285714,16262.666666666666
2025-03-31,30129,356623,1789488,2025,3,31,0,13896.42857142857,16906.4
2025-04-01,23353,23353,1812841,2025,4,1,1,15776.142857142857,15957.1
2025-04-02,15573,38926,1828414,2025,4,2,2,13921.42857142857,16240.033333333333
2025-04-03,3954,42879,1832367,2025,4,3,3,14018.857142857143,15775.2
2025-04-04,10479,53358,1842846,2025,4,4,4,13823.142857142857,15779.933333333332
2025-04-07,23779,77137,1866625,2025,4,7,0,16616.85714285714,15619.6
2025-04-08,3509,80646,1870135,2025,4,8,1,15825.142857142857,15620.433333333332
2025-04-09,10860,91506,1880995,2025,4,9,2,13072.42857142857,15541.966666666667
2025-04-10,3602,95108,1884596,2025,4,10,3,10250.857142857143,15499.133333333333
2025-04-11,10487,105595,1895083,2025,4,11,4,9524.285714285714,15407.266666666666
2025-04-14,27250,132845,1922334,2025,4,14,0,12852.285714285714,14268.966666666667
2025-04-15,9407,142252,1931740,2025,4,15,1,12699.142857142857,14380.566666666668
2025-04-16,14176,156410,1945898,2025,4,16,2,11327.285714285714,14363.7
2025-04-17,17054,173463,1962952,2025,4,17,3,13262.285714285714,14739.266666666666
2025-04-18,9934,183398,1972886,2025,4,18,4,13130.0,14728.5
2025-04-21,22651,206049,1995537,2025,4,21,0,15851.285714285714,14267.633333333333
2025-04-22,2619,208668,1998157,2025,4,22,1,14727.285714285714,14195.3
2025-04-23,10587,219256,2008744,2025,4,23,2,12346.857142857143,14137.166666666666
2025-04-24,2707,221963,2011451,2025,4,24,3,11389.714285714286,14060.1
2025-04-25,8521,230484,2019972,2025,4,25,4,10581.857142857143,13852.533333333333
2025-04-28,26222,256705,2046194,2025,4,28,0,11891.57142857143,12528.766666666666
2025-04-29,3212,259918,2049406,2025,4,29,1,10931.285714285714,12500.566666666668
2025-04-30,13339,273256,2062745,2025,4,30,2,9601.0,12455.5
2025-05-01,23821,23821,2086565,2025,5,1,3,12629.857142857143,13145.7
2025-05-02,12020,35841,2098586,2025,5,2,4,12834.57142857143,13206.533333333333
2025-05-05,21553,57394,2120139,2025,5,5,0,15526.857142857143,12973.1
2025-05-06,3564,60958,2123702,2025,5,6,1,14818.714285714286,12982.833333333334
2025-05-07,13597,74554,2137299,2025,5,7,2,13015.142857142857,13041.1
2025-05-08,3564,78118,2140863,2025,5,8,3,13065.42857142857,13019.133333333333
2025-05-09,8603,86722,2149466,2025,5,9,4,12388.857142857143,13004.2
2025-05-12,24767,111489,2174234,2025,5,12,0,12524.0,12825.466666666667
2025-05-13,2275,113764,2176508,2025,5,13,1,11131.857142857143,12122.866666666667
2025-05-14,10316,124079,2186824,2025,5,14,2,9526.57142857143,11947.633333333333
2025-05-15,6622,130701,2193445,2025,5,15,3,9963.42857142857,12036.566666666668
2025-05-16,22459,153160,2215905,2025,5,16,4,11229.42857142857,12435.9
2025-05-19,27207,180367,2243111,2025,5,19,0,14607.0,12550.166666666666
2025-05-20,3086,183453,2246197,2025,5,20,1,13818.857142857143,12536.066666666668
2025-05-21,13481,196934,2259678,2025,5,21,2,12206.57142857143,12623.433333333332
2025-05-22,4159,201093,2263837,2025,5,22,3,12475.714285714286,12642.0
2025-05-23,10480,211573,2274318,2025,5,23,4,12499.142857142857,12641.766666666666
2025-05-27,26428,238001,2300746,2025,5,27,1,15328.57142857143,12614.366666666667
2025-05-28,3979,241980,2304725,2025,5,28,2,12688.57142857143,12433.433333333332
2025-05-29,10269,252249,2314994,2025,5,29,3,10268.857142857143,12303.2
2025-05-30,10780,263029,2325774,2025,5,30,4,11368.0,12094.066666666668
2025-06-02,43696,43696,2369470,2025,6,2,0,15684.42857142857,13219.466666666667
2025-06-03,5151,48847,2374621,2025,6,3,1,15826.142857142857,12636.133333333333
2025-06-04,13155,62002,2387776,2025,6,4,2,16208.285714285714,12987.333333333334
2025-06-05,2975,64978,2390751,2025,6,5,3,12857.857142857143,12733.6
2025-06-06,9353,74331,2400105,2025,6,6,4,13625.57142857143,12955.133333333333
2025-06-09,24760,99091,2424864,2025,6,9,0,15695.714285714286,13496.433333333332
2025-06-10,2979,102070,2427843,2025,6,10,1,14581.285714285714,12721.666666666666
2025-06-11,12368,114438,2440212,2025,6,11,2,10105.857142857143,13026.866666666667
2025-06-12,5876,120313,2446087,2025,6,12,3,10209.42857142857,12778.1
2025-06-13,13769,134083,2459857,2025,6,13,4,10297.142857142857,12443.033333333333
2025-06-16,40818,174901,2500675,2025,6,16,0,15703.285714285714,13402.966666666667
2025-06-17,5963,180864,2506637,2025,6,17,1,15219.0,12883.3
2025-06-18,12974,193837,2519611,2025,6,18,2,13535.285714285714,13196.966666666667
2025-06-20,10412,204249,2530023,2025,6,20,4,14597.142857142857,13090.8
2025-06-23,27247,231496,2557270,2025,6,23,0,16722.714285714286,13880.233333333334
2025-06-24,3278,234774,2560548,2025,6,24,1,16351.57142857143,13702.733333333334
2025-06-25,10800,245574,2571348,2025,6,25,2,15927.42857142857,13237.166666666666
2025-06-26,4058,249632,2575406,2025,6,26,3,10676.0,13296.6
2025-06-27,9467,259099,2584873,2025,6,27,4,11176.57142857143,13268.3
2025-06-30,25707,284806,2610580,2025,6,30,0,12995.57142857143,13904.466666666667
2025-07-01,21436,21436,2632016,2025,7,1,1,14570.42857142857,13870.366666666667
2025-07-02,15972,37408,2647988,2025,7,2,2,12959.714285714286,13495.866666666667
2025-07-03,6748,44157,2654737,2025,7,3,3,13455.42857142857,13617.933333333332
2025-07-07,31799,75956,2686536,2025,7,7,0,16455.285714285714,14228.533333333333
2025-07-08,3444,79399,2689979,2025,7,8,1,16367.57142857143,14204.7
2025-07-09,10520,89920,2700500,2025,7,9,2,16518.0,14206.033333333333
2025-07-10,2853,92773,2703353,2025,7,10,3,13253.142857142857,13420.2
2025-07-11,9365,102138,2712718,2025,7,11,4,11528.714285714286,13599.733333333334
2025-07-14,20899,123037,2733617,2025,7,14,0,12232.57142857143,13954.066666666668
2025-07-15,6422,129458,2740038,2025,7,15,1,12186.0,13808.8
2025-07-16,23483,152941,2763521,2025,7,16,2,10998.0,13135.033333333333
2025-07-17,4063,157004,2767584,2025,7,17,3,11086.42857142857,13098.766666666666
2025-07-18,11640,168644,2779224,2025,7,18,4,11246.42857142857,13048.266666666666
2025-07-21,24681,193325,2803905,2025,7,21,0,14364.714285714286,13771.8
2025-07-22,2990,196315,2806895,2025,7,22,1,13454.0,13559.7
2025-07-23,10905,207220,2817800,2025,7,23,2,12026.285714285714,13097.866666666667
2025-07-24,3169,210390,2820969,2025,7,24,3,11561.57142857143,13104.2
2025-07-25,7821,218210,2828790,2025,7,25,4,9324.142857142857,12952.633333333333
2025-07-28,24203,242413,2852993,2025,7,28,0,12201.285714285714,13563.533333333333
2025-07-29,3186,245599,2856179,2025,7,29,1,10993.57142857143,13210.766666666666
2025-07-30,10314,255913,2866493,2025,7,30,2,8941.142857142857,12193.966666666667
2025-07-31,6880,262793,2873373,2025,7,31,3,9496.857142857143,12224.533333333333
2025-08-01,27916,27916,2901289,2025,8,1,4,11927.0,12722.6
2025-08-04,27964,55880,2929253,2025,8,4,0,15469.142857142857,13307.666666666666
2025-08-05,3315,59195,2932568,2025,8,5,1,14825.42857142857,12509.933333333332
2025-08-06,14666,73861,2947234,2025,8,6,2,13463.0,12889.533333333333
2025-08-07,3043,76904,2950277,2025,8,7,3,13442.57142857143,12630.966666666667
2025-08-08,8921,85825,2959198,2025,8,8,4,13243.57142857143,12793.066666666668
2025-08-11,22990,108815,2982188,2025,8,11,0,15545.0,13243.833333333334
2025-08-12,2944,111759,2985132,2025,8,12,1,11977.57142857143,12485.066666666668
2025-08-13,10428,122187,2995560,2025,8,13,2,9472.42857142857,12118.133333333333
2025-08-14,2823,125009,2998382,2025,8,14,3,9402.142857142857,11679.833333333334
2025-08-15,11825,136834,3010207,2025,8,15,4,8996.285714285714,11849.066666666668
2025-08-18,38538,175373,3048746,2025,8,18,0,14067.0,12073.7
2025-08-19,7545,182918,3056291,2025,8,19,1,13870.42857142857,12210.4
2025-08-20,12947,195864,3069237,2025,8,20,2,12435.714285714286,12291.3
2025-08-21,4286,200151,3073524,2025,8,21,3,12627.42857142857,12339.066666666668
2025-08-22,8736,208887,3082260,2025,8,22,4,12385.714285714286,12318.1
2025-08-25,23407,232294,3105667,2025,8,25,0,15326.285714285714,12401.7
2025-08-26,3565,235859,3109232,2025,8,26,1,14146.285714285714,12306.466666666667
2025-08-27,11292,247151,3120524,2025,8,27,2,10254.0,11900.1
2025-08-28,3061,250212,3123585,2025,8,28,3,9613.42857142857,11866.7
2025-08-29,11525,261737,3135110,2025,8,29,4,9410.285714285714,11862.866666666667
2025-09-02,46635,46635,3181745,2025,9,2,1,15460.142857142857,12594.666666666666
2025-09-03,7159,53794,3188904,2025,9,3,2,15234.857142857143,12733.633333333333
2025-09-04,12023,65817,3200926,2025,9,4,3,13608.57142857143,12770.9
2025-09-05,7604,73421,3208531,2025,9,5,4,14185.57142857143,12918.733333333334
2025-09-08,22953,96374,3231484,2025,9,8,0,15851.42857142857,13423.133333333333
2025-09-09,3022,99396,3234506,2025,9,9,1,15845.857142857143,12717.1
2025-09-10,10972,110368,3245478,2025,9,10,2,15766.857142857143,12976.633333333333
2025-09-11,4300,114668,3249778,2025,9,11,3,9719.0,12776.166666666666
2025-09-12,8478,123146,3258256,2025,9,12,4,9907.42857142857,12829.433333333332
2025-09-15,28599,151745,3286855,2025,9,15,0,12275.42857142857,12852.2
2025-09-16,16859,168604,3303714,2025,9,16,1,13597.57142857143,12482.033333333333
2025-09-17,13706,182310,3317419,2025,9,17,2,12276.57142857143,12828.4
2025-09-18,5246,187555,3322665,2025,9,18,3,12594.285714285714,12514.4
2025-09-19,10111,197666,3332776,2025,9,19,4,12471.285714285714,12750.0
2025-09-22,22557,220223,3355332,2025,9,22,0,15079.42857142857,13204.533333333333
2025-09-23,3576,223798,3358908,2025,9,23,1,14379.142857142857,12557.4
2025-09-24,11357,235156,3370266,2025,9,24,2,11916.0,12837.833333333334
2025-09-25,3379,238534,3373644,2025,9,25,3,9990.285714285714,12602.866666666667
2025-09-26,9439,247974,3383084,2025,9,26,4,9380.714285714286,12823.4
2025-09-29,25440,273413,3408523,2025,9,29,0,12265.57142857143,13277.233333333334
2025-09-30,5918,279332,3414442,2025,9,30,1,11666.57142857143,12189.9
2025-10-01,29291,29291,29291,2025,10,1,2,12628.57142857143,12914.766666666666
2025-10-02,8478,37769,37769,2025,10,2,3,13328.857142857143,12765.8
2025-10-03,11088,48857,48857,2025,10,3,4,13290.42857142857,12992.533333333333
2025-10-06,21450,70307,70307,2025,10,6,0,15872.0,13416.333333333334
2025-10-07,3051,73358,73358,2025,10,7,1,14959.42857142857,12737.8
2025-10-08,11401,84759,84759,2025,10,8,2,12953.857142857143,12999.0
2025-10-09,3060,87819,87819,2025,10,9,3,12545.57142857143,12724.6
2025-10-10,8985,96804,96804,2025,10,10,4,9644.714285714286,12922.066666666668
2025-10-14,25512,122316,122316,2025,10,14,1,12078.142857142857,13388.3
2025-10-15,8248,130564,130564,2025,10,15,2,11672.42857142857,12108.733333333334
2025-10-16,24827,155391,155391,2025,10,16,3,12154.857142857143,12697.666666666666
2025-10-17,8044,163435,163435,2025,10,17,4,12868.142857142857,12565.033333333333
2025-10-20,21652,185087,185087,2025,10,20,0,14332.57142857143,13033.3
2025-10-21,3462,188549,188549,2025,10,21,1,14390.0,12383.6
2025-10-22,12394,200944,200944,2025,10,22,2,14877.0,12696.0
2025-10-23,3998,204941,204941,2025,10,23,3,11803.57142857143,12463.533333333333
2025-10-24,8820,213762,213762,2025,10,24,4,11885.285714285714,12614.2
2025-10-27,25308,239070,239070,2025,10,27,0,11954.0,13175.2
2025-10-28,2556,241626,241626,2025,10,28,1,11170.0,12307.1
2025-10-29,10961,252587,252587,2025,10,29,2,9642.714285714286,12110.5
2025-10-30,4129,256716,256716,2025,10,30,3,9738.0,11791.266666666666
2025-10-31,11435,268151,268151,2025,10,31,4,9601.0,11997.566666666668
2025-11-03,43298,43298,311449,2025,11,3,0,15215.285714285714,13103.8
2025-11-04,4876,48174,316325,2025,11,4,1,14651.857142857143,12514.433333333332
2025-11-05,13479,61653,329805,2025,11,5,2,12962.0,12844.533333333333
2025-11-06,3824,65477,333628,2025,11,6,3,13143.142857142857,12593.433333333332
2025-11-07,8593,74070,342222,2025,11,7,4,12804.857142857143,12767.233333333334
2025-11-10,24419,98489,366640,2025,11,10,0,15703.42857142857,13266.566666666668
2025-11-12,7290,105778,373930,2025,11,12,2,15111.285714285714,12661.566666666668
2025-11-13,10188,115966,384118,2025,11,13,3,10381.285714285714,12803.9
2025-11-14,9901,125868,394019,2025,11,14,4,11099.142857142857,12157.566666666668
2025-11-17,38584,164452,432603,2025,11,17,0,14685.57142857143,13161.1
2025-11-18,3921,168373,436525,2025,11,18,1,14699.42857142857,12922.2
2025-11-19,17799,186172,454324,2025,11,19,2,16014.57142857143,12800.5
2025-11-20,3816,189988,458140,2025,11,20,3,13071.285714285714,12826.0
2025-11-21,10213,200202,468353,2025,11,21,4,13488.857142857143,12786.4
2025-11-24,27160,227362,495513,2025,11,24,0,15913.42857142857,13589.733333333334
2025-11-25,3884,231246,499397,2025,11,25,1,15053.857142857143,13419.7
2025-11-26,14841,246087,514238,2025,11,26,2,11662.0,13064.0
2025-11-28,16106,262192,530344,2025,11,28,4,13402.714285714286,13325.933333333332
2025-12-01,35623,35623,565967,2025,12,1,0,15949.0,13685.8
2025-12-02,8760,44384,574727,2025,12,2,1,16655.285714285714,13709.666666666666
2025-12-03,13403,57787,588131,2025,12,3,2,17111.0,13434.7
2025-12-04,3603,61390,591734,2025,12,4,3,13745.714285714286,13439.4
2025-12-05,9668,71058,601402,2025,12,5,4,14572.0,13348.533333333333
2025-12-08,26675,97734,628077,2025,12,8,0,16262.57142857143,14104.433333333332
2025-12-09,3638,101371,631715,2025,12,9,1,14481.42857142857,13931.7
2025-12-10,11804,113175,643519,2025,12,10,2,11078.714285714286,13481.566666666668
2025-12-11,6769,119945,650288,2025,12,11,3,10794.285714285714,13622.0
2025-12-12,10201,130146,660489,2025,12,12,4,10336.857142857143,13596.666666666666
2025-12-15,31190,161336,691680,2025,12,15,0,14277.857142857143,14498.7
2025-12-16,21374,182710,713053,2025,12,16,1,15950.142857142857,14830.0
2025-12-17,14743,197453,727796,2025,12,17,2,14245.57142857143,13878.166666666666
2025-12-18,6817,204270,734614,2025,12,18,3,14699.714285714286,13942.866666666667
2025-12-19,15662,219933,750276,2025,12,19,4,15250.857142857143,14015.633333333333
2025-12-22,34149,254082,784426,2025,12,22,0,19162.285714285714,15026.466666666667
2025-12-23,7260,261342,791685,2025,12,23,1,18742.14285714286,14982.033333333333
2025-12-24,16842,278183,808527,2025,12,24,2,16692.428571428572,14729.466666666667
2025-12-26,12441,290624,820968,2025,12,26,4,15416.285714285714,14901.166666666666
2025-12-29,27387,318012,848355,2025,12,29,0,17222.571428571428,15474.466666666667
2025-12-30,8906,326918,857261,2025,12,30,1,17521.0,15441.3
2025-12-31,21102,348020,878363,2025,12,31,2,18298.14285714286,14858.566666666668
2026-01-02,39701,39701,918064,2026,1,2,4,19091.285714285714,16051.233333333334
2026-01-05,30064,69765,948128,2026,1,5,0,22349.0,16460.066666666666
2026-01-06,5913,75677,954041,2026,1,6,1,20787.714285714286,16529.966666666667
2026-01-07,15192,90869,969233,2026,1,7,2,21180.714285714286,16695.933333333334
2026-01-08,5014,95883,974246,2026,1,8,3,17984.571428571428,15957.733333333334
2026-01-09,9280,105163,983527,2026,1,9,4,18038.0,16137.6
2026-01-12,24726,129889,1008252,2026,1,12,0,18555.714285714286,16467.1
2026-01-13,2978,132867,1011231,2026,1,13,1,13309.57142857143,16029.5
2026-01-14,11951,144818,1023181,2026,1,14,2,10722.0,15240.433333333332
2026-01-15,9651,154469,1032832,2026,1,15,3,11256.0,15270.133333333333
