date,frac_spreads,frac_spreads_ma4,oil_rigs,oil_rigs_ma4,haynesville_duc,permian_duc,eagle_ford_duc,appalachia_duc,bakken_duc,rest_lower_48_duc,duc_wells,wti,frac_spreads_index,oil_rigs_index,duc_wells_index,year,month
2017-01-01,,,,,112.0,1647.0,1241.0,858.0,825.0,2135.0,6818.0,,,,32.2835,2017,1
2017-01-06,208.0,208.0,529.0,529.0,,,,,,,,53.9900016784668,46.7589,49.5946,,2017,1
2017-01-13,238.0,223.0,522.0,525.5,,,,,,,,52.369998931884766,51.1289,49.1012,,2017,1
2017-01-20,227.0,224.33333333333334,551.0,534.0,,,,,,,,52.41999816894531,51.5174,50.2996,,2017,1
2017-01-27,235.0,227.0,566.0,542.0,,,,,,,,53.16999816894531,52.2942,51.4276,,2017,1
2017-02-01,,,,,119.0,1691.0,1253.0,844.0,818.0,2151.0,6876.0,,,,33.2552,2017,2
2017-02-03,258.0,239.5,583.0,555.5,,,,,,,,53.83000183105469,55.9359,53.331,,2017,2
2017-02-10,250.0,242.5,591.0,572.75,,,,,,,,53.86000061035156,56.8099,55.7631,,2017,2
2017-02-17,254.0,249.25,597.0,584.25,,,,,,,,53.400001525878906,58.7764,57.3846,,2017,2
2017-02-24,269.0,257.75,602.0,593.25,,,,,,,,53.9900016784668,61.2527,58.6535,,2017,2
2017-03-01,,,,,128.0,1770.0,1258.0,817.0,825.0,2209.0,7007.0,,,,35.4498,2017,3
2017-03-03,268.0,260.25,609.0,599.75,,,,,,,,53.33000183105469,61.9811,59.57,,2017,3
2017-03-10,264.0,263.75,617.0,606.25,,,,,,,,48.4900016784668,63.0007,60.4864,,2017,3
2017-03-17,301.0,275.5,631.0,614.75,,,,,,,,48.779998779296875,66.4239,61.6849,,2017,3
2017-03-24,287.0,280.0,652.0,627.25,,,,,,,,47.970001220703125,67.7349,63.4473,,2017,3
2017-03-31,298.0,287.5,662.0,640.5,,,,,,,,50.599998474121094,69.9199,65.3155,,2017,3
2017-04-01,,,,,121.0,1832.0,1265.0,790.0,800.0,2296.0,7104.0,,,,37.0749,2017,4
2017-04-07,319.0,301.25,672.0,654.25,,,,,,,,52.2400016784668,73.9257,67.2541,,2017,4
2017-04-13,,,683.0,667.25,,,,,,,,,,69.0871,,2017,4
2017-04-14,291.0,298.75,,,,,,,,,,53.18000030517578,73.1974,,,2017,4
2017-04-21,323.0,307.75,688.0,676.25,,,,,,,,49.619998931884766,75.8194,70.356,,2017,4
2017-04-28,337.0,317.5,697.0,685.0,,,,,,,,49.33000183105469,78.6599,71.5897,,2017,4
2017-05-01,,,,,136.0,1927.0,1283.0,773.0,812.0,2328.0,7259.0,,,,39.6716,2017,5
2017-05-05,328.0,319.75,703.0,692.75,,,,,,,,46.220001220703125,79.3154,72.6824,,2017,5
2017-05-12,338.0,331.5,712.0,700.0,,,,,,,,47.84000015258789,82.7385,73.7046,,2017,5
2017-05-19,359.0,340.5,720.0,708.0,,,,,,,,50.33000183105469,85.3605,74.8326,,2017,5
2017-05-26,351.0,344.0,722.0,714.25,,,,,,,,49.79999923706055,86.3802,75.7138,,2017,5
2017-06-01,,,,,136.0,2003.0,1249.0,733.0,784.0,2356.0,7261.0,,,,39.7051,2017,6
2017-06-02,373.0,355.25,733.0,721.75,,,,,,,,47.65999984741211,89.6577,76.7712,,2017,6
2017-06-09,353.0,359.0,741.0,729.0,,,,,,,,45.83000183105469,90.7502,77.7934,,2017,6
2017-06-16,363.0,360.0,747.0,735.75,,,,,,,,44.7400016784668,91.0415,78.7452,,2017,6
2017-06-23,375.0,366.0,758.0,744.75,,,,,,,,43.0099983215332,92.7895,80.0141,,2017,6
2017-06-30,353.0,361.0,756.0,750.5,,,,,,,,46.040000915527344,91.3328,80.8248,,2017,6
2017-07-01,,,,,128.0,2117.0,1273.0,742.0,776.0,2418.0,7454.0,,,,42.9385,2017,7
2017-07-07,364.0,363.75,763.0,756.0,,,,,,,,44.22999954223633,92.134,81.6003,,2017,7
2017-07-14,377.0,367.25,765.0,760.5,,,,,,,,46.540000915527344,93.1537,82.2348,,2017,7
2017-07-21,387.0,370.25,764.0,762.0,,,,,,,,45.77000045776367,94.0277,82.4462,,2017,7
2017-07-28,,,766.0,764.5,,,,,,,,49.709999084472656,,82.7987,,2017,7
2017-08-01,,,,,125.0,2260.0,1304.0,739.0,766.0,2390.0,7584.0,,,,45.1164,2017,8
2017-08-04,399.0,381.75,765.0,765.0,,,,,,,,49.58000183105469,97.378,82.8692,,2017,8
2017-08-11,,,768.0,765.75,,,,,,,,48.81999969482422,,82.975,,2017,8
2017-08-18,,,763.0,765.5,,,,,,,,48.5099983215332,,82.9397,,2017,8
2017-08-25,,,759.0,763.75,,,,,,,,47.869998931884766,,82.693,,2017,8
2017-09-01,,,,,126.0,2351.0,1317.0,730.0,768.0,2368.0,7660.0,47.290000915527344,,,46.3897,2017,9
2017-09-08,,,756.0,761.5,,,,,,,,47.47999954223633,,82.3757,,2017,9
2017-09-15,,,749.0,756.75,,,,,,,,49.88999938964844,,81.706,,2017,9
2017-09-22,400.0,390.75,744.0,752.0,,,,,,,,50.65999984741211,100.0,81.0363,,2017,9
2017-09-29,,,750.0,749.75,,,,,,,,51.66999816894531,,80.7191,,2017,9
2017-10-01,,,,,123.0,2428.0,1320.0,722.0,763.0,2388.0,7744.0,,,,47.797,2017,10
2017-10-06,,,,,,,,,,,,49.290000915527344,,,,2017,10
2017-10-08,,,748.0,747.75,,,,,,,,,,80.4371,,2017,10
2017-10-13,,,743.0,746.25,,,,,,,,51.45000076293945,,80.2256,,2017,10
2017-10-20,,,736.0,744.25,,,,,,,,51.470001220703125,,79.9436,,2017,10
2017-10-27,,,737.0,741.0,,,,,,,,53.900001525878906,,79.4854,,2017,10
2017-11-01,,,,,117.0,2411.0,1298.0,703.0,770.0,2291.0,7590.0,,,,45.217,2017,11
2017-11-03,,,729.0,736.25,,,,,,,,55.63999938964844,,78.8157,,2017,11
2017-11-10,,,738.0,735.0,,,,,,,,56.7400016784668,,78.6394,,2017,11
2017-11-17,,,,,,,,,,,,56.54999923706055,,,,2017,11
2017-11-22,,,747.0,737.75,,,,,,,,,,79.0271,,2017,11
2017-11-24,376.0,390.5,,,,,,,,,,58.95000076293945,99.9272,,,2017,11
2017-12-01,364.0,384.75,749.0,740.75,121.0,2513.0,1311.0,705.0,783.0,2265.0,7698.0,58.36000061035156,98.252,79.4501,47.0263,2017,12
2017-12-08,362.0,375.5,751.0,746.25,,,,,,,,57.36000061035156,95.5572,80.2256,,2017,12
2017-12-15,348.0,362.5,747.0,748.5,,,,,,,,57.29999923706055,91.7698,80.5428,,2017,12
2017-12-22,354.0,357.0,,,,,,,,,,58.470001220703125,90.1675,,,2017,12
2017-12-29,351.0,353.75,,,,,,,,,,60.41999816894531,89.2207,,,2017,12
2018-01-01,,,,,134.0,2617.0,1339.0,729.0,818.0,2308.0,7945.0,,,,51.1643,2018,1
2018-01-05,395.0,362.0,742.0,747.25,,,,,,,,61.439998626708984,91.6242,80.3666,,2018,1
2018-01-12,,,752.0,748.0,,,,,,,,64.30000305175781,,80.4723,,2018,1
2018-01-19,,,747.0,747.0,,,,,,,,63.369998931884766,,80.3313,,2018,1
2018-01-26,,,759.0,750.0,,,,,,,,66.13999938964844,,80.7543,,2018,1
2018-02-01,,,,,141.0,2673.0,1318.0,737.0,818.0,2319.0,8006.0,,,,52.1863,2018,2
2018-02-02,,,765.0,755.75,,,,,,,,65.44999694824219,,81.565,,2018,2
2018-02-09,,,791.0,765.5,,,,,,,,59.20000076293945,,82.9397,,2018,2
2018-02-16,,,798.0,778.25,,,,,,,,61.68000030517578,,84.7374,,2018,2
2018-02-23,,,799.0,788.25,,,,,,,,63.54999923706055,,86.1473,,2018,2
2018-03-01,,,,,148.0,2680.0,1306.0,698.0,824.0,2194.0,7850.0,,,,49.5728,2018,3
2018-03-02,,,800.0,797.0,,,,,,,,61.25,,87.381,,2018,3
2018-03-09,,,796.0,798.25,,,,,,,,62.040000915527344,,87.5573,,2018,3
2018-03-16,,,800.0,798.75,,,,,,,,62.34000015258789,,87.6278,,2018,3
2018-03-23,,,804.0,800.0,,,,,,,,65.87999725341797,,87.804,,2018,3
2018-03-29,,,797.0,799.25,,,,,,,,,,87.6983,,2018,3
2018-03-30,,,,,,,,,,,,64.94000244140625,,,,2018,3
2018-04-01,,,,,141.0,2745.0,1342.0,690.0,823.0,2114.0,7855.0,,,,49.6566,2018,4
2018-04-06,,,808.0,802.25,,,,,,,,62.060001373291016,,88.1213,,2018,4
2018-04-13,,,815.0,806.0,,,,,,,,67.38999938964844,,88.65,,2018,4
2018-04-20,,,820.0,810.0,,,,,,,,68.37999725341797,,89.214,,2018,4
2018-04-27,,,825.0,817.0,,,,,,,,68.0999984741211,,90.2009,,2018,4
2018-05-01,,,,,159.0,2809.0,1341.0,653.0,818.0,2083.0,7863.0,,,,49.7906,2018,5
2018-05-04,,,834.0,823.5,,,,,,,,69.72000122070312,,91.1174,,2018,5
2018-05-11,,,844.0,830.75,,,,,,,,70.69999694824219,,92.1396,,2018,5
2018-05-18,,,,,,,,,,,,71.27999877929688,,,,2018,5
2018-05-25,,,859.0,840.5,,,,,,,,67.87999725341797,,93.5143,,2018,5
2018-06-01,,,861.0,849.5,158.0,2873.0,1399.0,623.0,808.0,2057.0,7918.0,65.80999755859375,,94.7832,50.712,2018,6
2018-06-08,,,862.0,856.5,,,,,,,,65.73999786376953,,95.7702,,2018,6
2018-06-15,,,863.0,861.25,,,,,,,,65.05999755859375,,96.4399,,2018,6
2018-06-22,,,862.0,862.0,,,,,,,,68.58000183105469,,96.5456,,2018,6
2018-06-29,,,858.0,861.25,,,,,,,,74.1500015258789,,96.4399,,2018,6
2018-07-01,,,,,164.0,2967.0,1445.0,594.0,788.0,2080.0,8038.0,,,,52.7224,2018,7
2018-07-06,,,863.0,861.5,,,,,,,,73.80000305175781,,96.4751,,2018,7
2018-07-13,,,,,,,,,,,,71.01000213623047,,,,2018,7
2018-07-20,,,858.0,860.25,,,,,,,,70.45999908447266,,96.2989,,2018,7
2018-07-27,,,861.0,860.0,,,,,,,,68.69000244140625,,96.2637,,2018,7
2018-08-01,,,,,170.0,3022.0,1424.0,560.0,758.0,2077.0,8011.0,,,,52.2701,2018,8
2018-08-03,,,859.0,860.25,,,,,,,,68.48999786376953,,96.2989,,2018,8
2018-08-10,,,869.0,861.75,,,,,,,,67.62999725341797,,96.5104,,2018,8
2018-08-17,,,,,,,,,,,,65.91000366210938,,,,2018,8
2018-08-24,,,860.0,862.25,,,,,,,,68.72000122070312,,96.5809,,2018,8
2018-08-31,,,862.0,862.5,,,,,,,,69.80000305175781,,96.6161,,2018,8
2018-09-01,,,,,175.0,3124.0,1433.0,542.0,744.0,2142.0,8160.0,,,,54.7663,2018,9
2018-09-07,,,860.0,862.75,,,,,,,,67.75,,96.6514,,2018,9
2018-09-14,,,867.0,862.25,,,,,,,,68.98999786376953,,96.5809,,2018,9
2018-09-21,,,866.0,863.75,,,,,,,,70.77999877929688,,96.7924,,2018,9
2018-09-28,,,863.0,864.0,,,,,,,,73.25,,96.8276,,2018,9
2018-10-01,,,,,175.0,3264.0,1469.0,539.0,747.0,2207.0,8401.0,,,,58.8038,2018,10
2018-10-05,,,861.0,864.25,,,,,,,,74.33999633789062,,96.8629,,2018,10
2018-10-12,,,869.0,864.75,,,,,,,,71.33999633789062,,96.9334,,2018,10
2018-10-19,,,873.0,866.5,,,,,,,,69.12000274658203,,97.1801,,2018,10
2018-10-26,398.0,374.5,875.0,869.5,,,,,,,,67.58999633789062,95.2658,97.6031,,2018,10
2018-11-01,,,,,180.0,3377.0,1509.0,554.0,759.0,2267.0,8646.0,,,,62.9084,2018,11
2018-11-02,,,874.0,872.75,,,,,,,,63.13999938964844,,98.0613,,2018,11
2018-11-09,,,886.0,877.0,,,,,,,,60.189998626708984,,98.6606,,2018,11
2018-11-16,,,888.0,880.75,,,,,,,,56.459999084472656,,99.1893,,2018,11
2018-11-21,,,885.0,883.25,,,,,,,,,,99.5418,,2018,11
2018-11-23,397.0,385.25,,,,,,,,,,50.41999816894531,98.3977,,,2018,11
2018-11-30,366.0,389.0,887.0,886.5,,,,,,,,50.93000030517578,99.4902,100.0,,2018,11
2018-12-01,,,,,185.0,3539.0,1570.0,581.0,797.0,2383.0,9055.0,,,,69.7604,2018,12
2018-12-07,390.0,387.75,877.0,884.25,,,,,,,,52.61000061035156,99.126,99.6828,,2018,12
2018-12-14,,,873.0,880.5,,,,,,,,51.20000076293945,,99.154,,2018,12
2018-12-21,363.0,379.0,883.0,880.0,,,,,,,,45.59000015258789,96.5768,99.0835,,2018,12
2018-12-28,330.0,362.25,885.0,879.5,,,,,,,,45.33000183105469,91.697,99.013,,2018,12
2019-01-01,,,,,193.0,3659.0,1629.0,595.0,847.0,2500.0,9423.0,,,,75.9256,2019,1
2019-01-04,381.0,366.0,877.0,879.5,,,,,,,,47.959999084472656,92.7895,99.013,,2019,1
2019-01-11,,,873.0,879.5,,,,,,,,51.59000015258789,,99.013,,2019,1
2019-01-18,,,852.0,871.75,,,,,,,,53.79999923706055,,97.9203,,2019,1
2019-01-25,,,862.0,866.0,,,,,,,,53.689998626708984,,97.1096,,2019,1
2019-02-01,,,847.0,858.5,194.0,3797.0,1689.0,596.0,899.0,2506.0,9681.0,55.2599983215332,,96.0522,80.2479,2019,2
2019-02-08,,,854.0,853.75,,,,,,,,52.720001220703125,,95.3824,,2019,2
2019-02-15,391.0,366.25,857.0,855.0,,,,,,,,55.59000015258789,92.8623,95.5587,,2019,2
2019-02-22,374.0,369.0,853.0,852.75,,,,,,,,57.2599983215332,93.6635,95.2415,,2019,2
2019-03-01,,,843.0,851.75,202.0,3881.0,1690.0,615.0,901.0,2484.0,9773.0,55.79999923706055,,95.1005,81.7892,2019,3
2019-03-08,379.0,381.25,834.0,846.75,,,,,,,,56.06999969482422,97.2323,94.3955,,2019,3
2019-03-15,,,833.0,840.75,,,,,,,,58.52000045776367,,93.5495,,2019,3
2019-03-22,,,824.0,833.5,,,,,,,,59.040000915527344,,92.5273,,2019,3
2019-03-29,,,816.0,826.75,,,,,,,,60.13999938964844,,91.5756,,2019,3
2019-04-01,,,,,206.0,4019.0,1724.0,607.0,908.0,2413.0,9877.0,,,,83.5316,2019,4
2019-04-05,,,831.0,826.0,,,,,,,,63.08000183105469,,91.4699,,2019,4
2019-04-12,,,833.0,826.0,,,,,,,,63.88999938964844,,91.4699,,2019,4
2019-04-18,,,825.0,826.25,,,,,,,,,,91.5051,,2019,4
2019-04-19,,,,,,,,,,,,64.0,,,,2019,4
2019-04-26,375.0,379.75,805.0,823.5,,,,,,,,63.29999923706055,96.7953,91.1174,,2019,4
2019-05-01,,,,,221.0,4075.0,1737.0,618.0,908.0,2373.0,9932.0,,,,84.453,2019,5
2019-05-03,384.0,378.0,807.0,817.5,,,,,,,,61.939998626708984,96.2855,90.2714,,2019,5
2019-05-10,,,805.0,810.5,,,,,,,,61.65999984741211,,89.2845,,2019,5
2019-05-17,,,802.0,804.75,,,,,,,,62.7599983215332,,88.4737,,2019,5
2019-05-24,,,797.0,802.75,,,,,,,,58.630001068115234,,88.1918,,2019,5
2019-05-31,,,800.0,801.0,,,,,,,,53.5,,87.945,,2019,5
2019-06-01,,,,,236.0,4153.0,1773.0,583.0,878.0,2363.0,9986.0,,,,85.3577,2019,6
2019-06-07,,,789.0,797.0,,,,,,,,53.9900016784668,,87.381,,2019,6
2019-06-14,400.0,384.5,788.0,793.5,,,,,,,,52.5099983215332,98.1792,86.8876,,2019,6
2019-06-21,377.0,384.0,789.0,791.5,,,,,,,,57.43000030517578,98.0335,86.6056,,2019,6
2019-06-28,379.0,385.0,793.0,789.75,,,,,,,,58.470001220703125,98.3248,86.3588,,2019,6
2019-07-01,,,,,244.0,4202.0,1774.0,571.0,879.0,2355.0,10025.0,,,,86.0111,2019,7
2019-07-03,,,788.0,789.5,,,,,,,,,,86.3236,,2019,7
2019-07-05,379.0,383.75,,,,,,,,,,57.5099983215332,97.9607,,,2019,7
2019-07-12,397.0,383.0,784.0,788.5,,,,,,,,60.209999084472656,97.7422,86.1826,,2019,7
2019-07-19,,,779.0,786.0,,,,,,,,55.630001068115234,,85.8301,,2019,7
2019-07-26,400.0,388.75,776.0,781.75,,,,,,,,56.20000076293945,99.4173,85.2309,,2019,7
2019-08-01,,,,,252.0,4277.0,1752.0,532.0,858.0,2315.0,9986.0,,,,85.3577,2019,8
2019-08-02,366.0,385.5,770.0,777.25,,,,,,,,55.65999984741211,98.4705,84.5964,,2019,8
2019-08-09,366.0,382.25,764.0,772.25,,,,,,,,54.5,97.5237,83.8914,,2019,8
2019-08-16,394.0,381.5,770.0,770.0,,,,,,,,54.869998931884766,97.3052,83.5742,,2019,8
2019-08-23,361.0,371.75,754.0,764.5,,,,,,,,54.16999816894531,94.4647,82.7987,,2019,8
2019-08-30,355.0,369.0,742.0,757.5,,,,,,,,55.099998474121094,93.6635,81.8118,,2019,8
2019-09-01,,,,,276.0,4307.0,1709.0,562.0,881.0,2349.0,10084.0,,,,86.9995,2019,9
2019-09-06,368.0,369.5,738.0,751.0,,,,,,,,56.52000045776367,93.8092,80.8953,,2019,9
2019-09-13,366.0,362.5,733.0,741.75,,,,,,,,54.849998474121094,91.7698,79.5911,,2019,9
2019-09-20,367.0,364.0,719.0,733.0,,,,,,,,58.09000015258789,92.2068,78.3574,,2019,9
2019-09-27,372.0,368.25,713.0,725.75,,,,,,,,55.90999984741211,93.445,77.3352,,2019,9
2019-10-01,,,,,294.0,4286.0,1732.0,555.0,889.0,2389.0,10145.0,,,,88.0214,2019,10
2019-10-04,375.0,370.0,710.0,718.75,,,,,,,,52.810001373291016,93.9548,76.3483,,2019,10
2019-10-11,382.0,374.0,712.0,713.5,,,,,,,,54.70000076293945,95.1202,75.608,,2019,10
2019-10-18,380.0,377.25,713.0,712.0,,,,,,,,53.779998779296875,96.067,75.3965,,2019,10
2019-10-25,374.0,377.75,696.0,707.75,,,,,,,,56.65999984741211,96.2127,74.7973,,2019,10
2019-11-01,373.0,377.25,691.0,703.0,306.0,4318.0,1730.0,547.0,898.0,2404.0,10203.0,56.20000076293945,96.067,74.1276,88.9931,2019,11
2019-11-08,376.0,375.75,684.0,696.0,,,,,,,,57.2400016784668,95.63,73.1406,,2019,11
2019-11-15,377.0,375.0,674.0,686.25,,,,,,,,57.720001220703125,95.4115,71.7659,,2019,11
2019-11-22,358.0,371.0,671.0,680.0,,,,,,,,57.77000045776367,94.2462,70.8847,,2019,11
2019-11-27,,,668.0,674.25,,,,,,,,,,70.074,,2019,11
2019-11-29,364.0,368.75,,,,,,,,,,55.16999816894531,93.5907,,,2019,11
2019-12-01,,,,,321.0,4375.0,1767.0,552.0,907.0,2487.0,10409.0,,,,92.4443,2019,12
2019-12-06,361.0,365.0,663.0,669.0,,,,,,,,59.20000076293945,92.4982,69.3338,,2019,12
2019-12-13,359.0,360.5,667.0,667.25,,,,,,,,60.06999969482422,91.1872,69.0871,,2019,12
2019-12-20,333.0,354.25,685.0,670.75,,,,,,,,60.439998626708984,89.3664,69.5805,,2019,12
2019-12-27,302.0,338.75,677.0,673.0,,,,,,,,61.720001220703125,84.8507,69.8978,,2019,12
2020-01-01,,,,,341.0,4376.0,1797.0,559.0,908.0,2507.0,10488.0,,,,93.7678,2020,1
2020-01-03,335.0,332.25,670.0,674.75,,,,,,,,63.04999923706055,82.957,70.1445,,2020,1
2020-01-10,357.0,331.75,659.0,672.75,,,,,,,,59.040000915527344,82.8114,69.8625,,2020,1
2020-01-17,358.0,338.0,673.0,669.75,,,,,,,,58.540000915527344,84.6322,69.4395,,2020,1
2020-01-24,338.0,347.0,676.0,669.5,,,,,,,,54.189998626708984,87.2542,69.4043,,2020,1
2020-01-31,330.0,345.75,675.0,670.75,,,,,,,,51.560001373291016,86.89,69.5805,,2020,1
2020-02-01,,,,,327.0,4353.0,1802.0,532.0,903.0,2506.0,10423.0,,,,92.6788,2020,2
2020-02-07,315.0,335.25,676.0,675.0,,,,,,,,50.31999969482422,83.831,70.1798,,2020,2
2020-02-14,319.0,325.5,678.0,676.25,,,,,,,,52.04999923706055,80.9905,70.356,,2020,2
2020-02-21,318.0,320.5,679.0,677.0,,,,,,,,53.380001068115234,79.5339,70.4618,,2020,2
2020-02-28,324.0,319.0,678.0,677.75,,,,,,,,44.7599983215332,79.0969,70.5675,,2020,2
2020-03-01,,,,,328.0,4330.0,1869.0,523.0,889.0,2518.0,10457.0,,,,93.2485,2020,3
2020-03-06,317.0,319.5,682.0,679.25,,,,,,,,41.279998779296875,79.2425,70.779,,2020,3
2020-03-13,298.0,314.25,683.0,680.5,,,,,,,,31.729999542236328,77.713,70.9552,,2020,3
2020-03-20,276.0,303.75,664.0,676.75,,,,,,,,22.43000030517578,74.654,70.4265,,2020,3
2020-03-27,245.0,284.0,624.0,663.25,,,,,,,,21.510000228881836,68.9002,68.5231,,2020,3
2020-04-01,,,,,337.0,4407.0,1916.0,510.0,925.0,2534.0,10629.0,,,,96.13,2020,4
2020-04-03,215.0,258.5,562.0,633.25,,,,,,,,28.34000015258789,61.4712,64.2933,,2020,4
2020-04-09,185.0,230.25,504.0,588.5,,,,,,,,,53.2411,57.9838,,2020,4
2020-04-10,,,,,,,,,,,,22.760000228881836,,,,2020,4
2020-04-17,147.0,198.0,438.0,532.0,,,,,,,,18.270000457763672,43.8456,50.0176,,2020,4
2020-04-24,85.0,158.0,378.0,470.5,,,,,,,,16.940000534057617,32.1923,41.3465,,2020,4
2020-05-01,55.0,118.0,325.0,411.25,350.0,4534.0,1940.0,497.0,944.0,2528.0,10793.0,19.780000686645508,20.539,32.9926,98.8775,2020,5
2020-05-08,47.0,83.5,292.0,358.25,,,,,,,,24.739999771118164,10.488,25.5199,,2020,5
2020-05-15,45.0,58.0,258.0,313.25,,,,,,,,29.43000030517578,3.059,19.1752,,2020,5
2020-05-22,45.0,48.0,237.0,278.0,,,,,,,,33.25,0.1457,14.2051,,2020,5
2020-05-29,53.0,47.5,222.0,252.25,,,,,,,,35.4900016784668,0.0,10.5746,,2020,5
2020-06-01,,,,,353.0,4613.0,1937.0,486.0,951.0,2520.0,10860.0,,,,100.0,2020,6
2020-06-05,58.0,50.25,206.0,230.75,,,,,,,,39.54999923706055,0.8012,7.5432,,2020,6
2020-06-12,69.0,56.25,199.0,216.0,,,,,,,,36.2599983215332,2.5492,5.4635,,2020,6
2020-06-19,78.0,64.5,189.0,204.0,,,,,,,,39.75,4.9527,3.7716,,2020,6
2020-06-26,70.0,68.75,188.0,195.5,,,,,,,,38.4900016784668,6.1908,2.5731,,2020,6
2020-07-01,,,,,358.0,4615.0,1930.0,481.0,947.0,2511.0,10842.0,,,,99.6984,2020,7
2020-07-02,74.0,72.75,185.0,190.25,,,,,,,,,7.3562,1.8329,,2020,7
2020-07-03,,,,,,,,,,,,40.650001525878906,,,,2020,7
2020-07-10,64.0,71.5,181.0,185.75,,,,,,,,40.54999923706055,6.992,1.1984,,2020,7
2020-07-17,67.0,68.75,180.0,183.5,,,,,,,,40.59000015258789,6.1908,0.8812,,2020,7
2020-07-24,80.0,71.25,181.0,181.75,,,,,,,,41.290000915527344,6.9192,0.6345,,2020,7
2020-07-31,76.0,71.75,180.0,180.5,,,,,,,,40.27000045776367,7.0648,0.4582,,2020,7
2020-08-01,,,,,358.0,4533.0,1900.0,475.0,940.0,2497.0,10703.0,,,,97.3697,2020,8
2020-08-03,,,176.0,179.25,,,,,,,,,,0.282,,2020,8
2020-08-07,70.0,73.25,,,,,,,,,,41.220001220703125,7.5018,,,2020,8
2020-08-14,70.0,74.0,172.0,177.25,,,,,,,,42.0099983215332,7.7203,0.0,,2020,8
2020-08-21,80.0,74.0,183.0,177.75,,,,,,,,42.34000015258789,7.7203,0.0705,,2020,8
2020-08-28,85.0,76.25,180.0,177.75,,,,,,,,42.970001220703125,8.3758,0.0705,,2020,8
2020-09-01,,,,,364.0,4402.0,1848.0,464.0,907.0,2455.0,10440.0,,,,92.9636,2020,9
2020-09-04,87.0,80.5,181.0,179.0,,,,,,,,39.77000045776367,9.614,0.2467,,2020,9
2020-09-11,85.0,84.25,180.0,181.0,,,,,,,,37.33000183105469,10.7065,0.5287,,2020,9
2020-09-18,89.0,86.5,179.0,180.0,,,,,,,,41.11000061035156,11.362,0.3877,,2020,9
2020-09-25,101.0,90.5,183.0,180.75,,,,,,,,40.25,12.5273,0.4935,,2020,9
2020-10-01,,,,,350.0,4251.0,1819.0,455.0,885.0,2326.0,10086.0,,,,87.033,2020,10
2020-10-02,111.0,96.5,189.0,182.75,,,,,,,,37.04999923706055,14.2753,0.7755,,2020,10
2020-10-09,115.0,104.0,193.0,186.0,,,,,,,,40.599998474121094,16.4603,1.2337,,2020,10
2020-10-16,130.0,114.25,205.0,192.5,,,,,,,,40.880001068115234,19.4465,2.1502,,2020,10
2020-10-23,134.0,122.5,211.0,199.5,,,,,,,,39.849998474121094,21.85,3.1371,,2020,10
2020-10-30,127.0,126.5,221.0,207.5,,,,,,,,35.790000915527344,23.0153,4.2651,,2020,10
2020-11-01,,,,,344.0,4125.0,1786.0,459.0,874.0,2240.0,9828.0,,,,82.7107,2020,11
2020-11-06,115.0,126.5,226.0,215.75,,,,,,,,37.13999938964844,23.0153,5.4283,,2020,11
2020-11-13,130.0,126.5,236.0,223.5,,,,,,,,40.130001068115234,23.0153,6.521,,2020,11
2020-11-20,127.0,124.75,231.0,228.5,,,,,,,,42.150001525878906,22.5055,7.2259,,2020,11
2020-11-25,135.0,126.75,241.0,233.5,,,,,,,,,23.0881,7.9309,,2020,11
2020-11-27,,,,,,,,,,,,45.529998779296875,,,,2020,11
2020-12-01,,,,,359.0,4038.0,1737.0,458.0,843.0,2173.0,9608.0,,,,79.025,2020,12
2020-12-04,148.0,135.0,246.0,238.5,,,,,,,,46.2599983215332,25.4916,8.6359,,2020,12
2020-12-11,159.0,142.25,258.0,244.0,,,,,,,,46.56999969482422,27.6038,9.4114,,2020,12
2020-12-18,146.0,147.0,263.0,252.0,,,,,,,,49.099998474121094,28.9876,10.5393,,2020,12
2020-12-23,136.0,147.25,264.0,257.75,,,,,,,,,29.0605,11.35,,2020,12
2020-12-25,,,,,,,,,,,,48.22999954223633,,,,2020,12
2020-12-30,133.0,143.5,267.0,263.0,,,,,,,,,27.968,12.0902,,2020,12
2021-01-01,,,,,352.0,3895.0,1694.0,447.0,822.0,2133.0,9343.0,48.52000045776367,,,74.5854,2021,1
2021-01-08,143.0,139.5,275.0,267.25,,,,,,,,52.2400016784668,26.8026,12.6895,,2021,1
2021-01-15,158.0,142.5,287.0,273.25,,,,,,,,52.36000061035156,27.6766,13.5354,,2021,1
2021-01-22,165.0,149.75,289.0,279.5,,,,,,,,52.27000045776367,29.7888,14.4166,,2021,1
2021-01-29,170.0,159.0,295.0,286.5,,,,,,,,52.20000076293945,32.4836,15.4036,,2021,1
2021-02-01,,,,,365.0,3886.0,1659.0,459.0,817.0,2103.0,9289.0,,,,73.6807,2021,2
2021-02-05,175.0,167.0,299.0,292.5,,,,,,,,56.849998474121094,34.8143,16.2496,,2021,2
2021-02-12,161.0,167.75,306.0,297.25,,,,,,,,59.470001220703125,35.0328,16.9193,,2021,2
2021-02-19,41.0,136.75,305.0,301.25,,,,,,,,59.2400016784668,26.0015,17.4833,,2021,2
2021-02-26,140.0,129.25,309.0,304.75,,,,,,,,61.5,23.8165,17.9767,,2021,2
2021-03-01,,,,,371.0,3693.0,1585.0,432.0,798.0,2014.0,8893.0,,,,67.0464,2021,3
2021-03-05,165.0,126.75,310.0,307.5,,,,,,,,66.08999633789062,23.0881,18.3645,,2021,3
2021-03-12,182.0,132.0,309.0,308.25,,,,,,,,65.61000061035156,24.6176,18.4702,,2021,3
2021-03-19,195.0,170.5,318.0,311.5,,,,,,,,61.41999816894531,35.8339,18.9284,,2021,3
2021-03-26,200.0,185.5,324.0,315.25,,,,,,,,60.970001220703125,40.2039,19.4572,,2021,3
2021-04-01,207.0,196.0,337.0,322.0,367.0,3535.0,1554.0,429.0,778.0,1931.0,8594.0,,43.2629,20.4089,62.0372,2021,4
2021-04-02,,,,,,,,,,,,61.45000076293945,,,,2021,4
2021-04-09,206.0,202.0,,,,,,,,,,59.31999969482422,45.0109,,,2021,4
2021-04-16,220.0,208.25,344.0,330.75,,,,,,,,63.130001068115234,46.8318,21.6426,,2021,4
2021-04-23,217.0,212.5,343.0,337.0,,,,,,,,62.13999938964844,48.0699,22.5238,,2021,4
2021-04-30,212.0,213.75,342.0,341.5,,,,,,,,63.58000183105469,48.4341,23.1583,,2021,4
2021-05-01,,,,,364.0,3413.0,1499.0,412.0,746.0,1875.0,8309.0,,,,57.2625,2021,5
2021-05-07,221.0,217.5,344.0,343.25,,,,,,,,64.9000015258789,49.5266,23.405,,2021,5
2021-05-14,223.0,218.25,352.0,345.25,,,,,,,,65.37000274658203,49.7451,23.687,,2021,5
2021-05-21,223.0,219.75,356.0,348.5,,,,,,,,63.58000183105469,50.1821,24.1452,,2021,5
2021-05-28,226.0,223.25,359.0,352.75,,,,,,,,66.31999969482422,51.2017,24.7444,,2021,5
2021-06-01,,,,,363.0,3318.0,1453.0,407.0,743.0,1845.0,8129.0,,,,54.2469,2021,6
2021-06-04,224.0,224.0,,,,,,,,,,69.62000274658203,51.4202,,,2021,6
2021-06-11,230.0,225.75,365.0,358.0,,,,,,,,70.91000366210938,51.9301,25.4847,,2021,6
2021-06-18,235.0,228.75,373.0,363.25,,,,,,,,71.63999938964844,52.8041,26.2249,,2021,6
2021-06-25,232.0,230.25,372.0,367.25,,,,,,,,74.05000305175781,53.2411,26.7889,,2021,6
2021-07-01,,,,,373.0,3193.0,1414.0,402.0,709.0,1783.0,7874.0,,,,49.9749,2021,7
2021-07-02,234.0,232.75,376.0,371.5,,,,,,,,75.16000366210938,53.9694,27.3881,,2021,7
2021-07-09,238.0,234.75,378.0,374.75,,,,,,,,74.55999755859375,54.5521,27.8463,,2021,7
2021-07-16,242.0,236.5,380.0,376.5,,,,,,,,71.80999755859375,55.0619,28.0931,,2021,7
2021-07-23,243.0,239.25,387.0,380.25,,,,,,,,72.06999969482422,55.8631,28.6218,,2021,7
2021-07-30,239.0,240.5,385.0,382.5,,,,,,,,73.94999694824219,56.2272,28.939,,2021,7
2021-08-01,,,,,360.0,3082.0,1387.0,413.0,679.0,1805.0,7726.0,,,,47.4954,2021,8
2021-08-06,235.0,239.75,387.0,384.75,,,,,,,,68.27999877929688,56.0087,29.2563,,2021,8
2021-08-13,238.0,238.75,397.0,389.0,,,,,,,,68.44000244140625,55.7174,29.8555,,2021,8
2021-08-20,236.0,237.0,405.0,393.5,,,,,,,,62.31999969482422,55.2076,30.49,,2021,8
2021-08-27,240.0,237.25,410.0,399.75,,,,,,,,68.73999786376953,55.2804,31.3712,,2021,8
2021-09-01,,,,,355.0,2983.0,1372.0,394.0,643.0,1785.0,7532.0,,,,44.2453,2021,9
2021-09-03,240.0,238.5,394.0,401.5,,,,,,,,69.29000091552734,55.6446,31.6179,,2021,9
2021-09-07,244.0,240.0,,,,,,,,,,,56.0816,,,2021,9
2021-09-10,,,401.0,402.5,,,,,,,,69.72000122070312,,31.7589,,2021,9
2021-09-17,252.0,244.0,411.0,404.0,,,,,,,,71.97000122070312,57.2469,31.9704,,2021,9
2021-09-24,257.0,248.25,421.0,406.75,,,,,,,,73.9800033569336,58.4851,32.3581,,2021,9
2021-10-01,262.0,253.75,428.0,415.25,355.0,2793.0,1327.0,362.0,608.0,1753.0,7198.0,75.87999725341797,60.0874,33.5566,38.6497,2021,10
2021-10-08,263.0,258.5,433.0,423.25,,,,,,,,79.3499984741211,61.4712,34.6845,,2021,10
2021-10-15,268.0,262.5,445.0,431.75,,,,,,,,82.27999877929688,62.6366,35.883,,2021,10
2021-10-22,265.0,264.5,443.0,437.25,,,,,,,,83.76000213623047,63.2192,36.6584,,2021,10
2021-10-29,266.0,265.5,444.0,441.25,,,,,,,,83.56999969482422,63.5106,37.2224,,2021,10
2021-11-01,,,,,362.0,2717.0,1293.0,367.0,587.0,1744.0,7070.0,,,,36.5053,2021,11
2021-11-05,266.0,266.25,450.0,445.5,,,,,,,,81.2699966430664,63.7291,37.8216,,2021,11
2021-11-12,269.0,266.5,454.0,447.75,,,,,,,,80.79000091552734,63.8019,38.1389,,2021,11
2021-11-19,270.0,267.75,461.0,452.25,,,,,,,,76.0999984741211,64.1661,38.7734,,2021,11
2021-11-24,,,467.0,458.0,,,,,,,,,,39.5841,,2021,11
2021-11-26,274.0,269.75,,,,,,,,,,68.1500015258789,64.7487,,,2021,11
2021-12-01,,,,,357.0,2623.0,1258.0,380.0,589.0,1751.0,6958.0,,,,34.6289,2021,12
2021-12-03,271.0,271.0,,,,,,,,,,66.26000213623047,65.1129,,,2021,12
2021-12-10,267.0,270.5,471.0,463.25,,,,,,,,71.66999816894531,64.9672,40.3243,,2021,12
2021-12-17,256.0,267.0,475.0,468.5,,,,,,,,70.86000061035156,63.9476,41.0645,,2021,12
2021-12-23,244.0,259.5,480.0,473.25,,,,,,,,,61.7626,41.7342,,2021,12
2021-12-24,,,,,,,,,,,,73.79000091552734,,,,2021,12
2021-12-31,234.0,250.25,,,,,,,,,,75.20999908447266,59.0677,,,2021,12
2022-01-01,,,,,369.0,2570.0,1242.0,399.0,607.0,1765.0,6952.0,,,,34.5284,2022,1
2022-01-07,244.0,244.5,481.0,476.75,,,,,,,,78.9000015258789,57.3926,42.2277,,2022,1
2022-01-14,254.0,244.0,492.0,482.0,,,,,,,,83.81999969482422,57.2469,42.9679,,2022,1
2022-01-21,257.0,247.25,491.0,486.0,,,,,,,,85.13999938964844,58.1937,43.5319,,2022,1
2022-01-28,261.0,254.0,495.0,489.75,,,,,,,,86.81999969482422,60.1602,44.0606,,2022,1
2022-02-01,,,,,390.0,2552.0,1218.0,423.0,623.0,1786.0,6992.0,,,,35.1985,2022,2
2022-02-04,264.0,259.0,497.0,493.75,,,,,,,,92.30999755859375,61.6169,44.6246,,2022,2
2022-02-11,275.0,264.25,516.0,499.75,,,,,,,,93.0999984741211,63.1464,45.4706,,2022,2
2022-02-18,283.0,270.75,520.0,507.0,,,,,,,,91.06999969482422,65.0401,46.4928,,2022,2
2022-02-25,290.0,278.0,522.0,513.75,,,,,,,,91.58999633789062,67.1522,47.4445,,2022,2
2022-03-01,,,,,402.0,2511.0,1201.0,424.0,619.0,1764.0,6921.0,,,,34.009,2022,3
2022-03-04,280.0,282.0,519.0,519.25,,,,,,,,115.68000030517578,68.3176,48.22,,2022,3
2022-03-11,272.0,281.25,527.0,522.0,,,,,,,,109.33000183105469,68.0991,48.6077,,2022,3
2022-03-18,266.0,277.0,524.0,523.0,,,,,,,,104.69999694824219,66.8609,48.7487,,2022,3
2022-03-25,270.0,272.0,531.0,525.25,,,,,,,,113.9000015258789,65.4042,49.0659,,2022,3
2022-04-01,273.0,270.25,533.0,528.75,431.0,2465.0,1156.0,452.0,637.0,1770.0,6911.0,99.2699966430664,64.8944,49.5594,33.8415,2022,4
2022-04-08,275.0,271.0,546.0,533.5,,,,,,,,98.26000213623047,65.1129,50.2291,,2022,4
2022-04-14,269.0,271.75,548.0,539.5,,,,,,,,,65.3314,51.0751,,2022,4
2022-04-15,,,,,,,,,,,,106.94999694824219,,,,2022,4
2022-04-21,,,591.0,554.5,,,,,,,,,,53.19,,2022,4
2022-04-22,271.0,272.0,549.0,558.5,,,,,,,,102.06999969482422,65.4042,53.754,,2022,4
2022-04-29,273.0,272.0,552.0,560.0,,,,,,,,104.69000244140625,65.4042,53.9655,,2022,4
2022-05-01,,,,,444.0,2439.0,1135.0,449.0,648.0,1770.0,6885.0,,,,33.4059,2022,5
2022-05-06,278.0,272.75,557.0,562.25,,,,,,,,109.7699966430664,65.6227,54.2827,,2022,5
2022-05-13,284.0,276.5,563.0,555.25,,,,,,,,110.48999786376953,66.7152,53.2957,,2022,5
2022-05-20,288.0,280.75,576.0,562.0,,,,,,,,113.2300033569336,67.9534,54.2474,,2022,5
2022-05-27,283.0,283.25,574.0,567.5,,,,,,,,115.06999969482422,68.6817,55.0229,,2022,5
2022-06-01,,,,,462.0,2388.0,1137.0,475.0,639.0,1746.0,6847.0,,,,32.7693,2022,6
2022-06-03,279.0,283.5,,,,,,,,,,118.87000274658203,68.7546,,,2022,6
2022-06-10,283.0,283.25,580.0,573.25,,,,,,,,120.66999816894531,68.6817,55.8336,,2022,6
2022-06-17,284.0,282.25,584.0,578.5,,,,,,,,109.55999755859375,68.3904,56.5738,,2022,6
2022-06-24,289.0,283.75,594.0,583.0,,,,,,,,107.62000274658203,68.8274,57.2083,,2022,6
2022-07-01,285.0,285.25,595.0,588.25,472.0,2338.0,1116.0,488.0,622.0,1804.0,6840.0,108.43000030517578,69.2644,57.9485,32.652,2022,7
2022-07-08,285.0,285.75,597.0,592.5,,,,,,,,104.79000091552734,69.4101,58.5478,,2022,7
2022-07-15,279.0,284.5,599.0,596.25,,,,,,,,97.58999633789062,69.0459,59.0765,,2022,7
2022-07-22,290.0,284.75,,,,,,,,,,94.69999694824219,69.1187,,,2022,7
2022-07-29,295.0,287.25,605.0,599.0,,,,,,,,98.62000274658203,69.8471,59.4642,,2022,7
2022-08-01,,,,,498.0,2272.0,1068.0,485.0,606.0,1837.0,6766.0,,,,31.4123,2022,8
2022-08-05,289.0,288.25,598.0,599.75,,,,,,,,89.01000213623047,70.1384,59.57,,2022,8
2022-08-12,285.0,289.75,601.0,600.75,,,,,,,,92.08999633789062,70.5754,59.711,,2022,8
2022-08-19,280.0,287.25,,,,,,,,,,90.7699966430664,69.8471,,,2022,8
2022-08-26,287.0,285.25,605.0,602.25,,,,,,,,93.05999755859375,69.2644,59.9225,,2022,8
2022-09-01,,,,,515.0,2252.0,1040.0,473.0,602.0,1832.0,6714.0,,,,30.5411,2022,9
2022-09-02,282.0,283.5,596.0,600.0,,,,,,,,86.87000274658203,68.7546,59.6052,,2022,9
2022-09-09,284.0,283.25,591.0,598.25,,,,,,,,86.79000091552734,68.6817,59.3585,,2022,9
2022-09-16,287.0,285.0,599.0,597.75,,,,,,,,85.11000061035156,69.1916,59.288,,2022,9
2022-09-23,288.0,285.25,602.0,597.0,,,,,,,,78.73999786376953,69.2644,59.1822,,2022,9
2022-09-30,290.0,287.25,604.0,599.0,,,,,,,,79.48999786376953,69.8471,59.4642,,2022,9
2022-10-01,,,,,524.0,2175.0,1025.0,499.0,585.0,1796.0,6604.0,,,,28.6983,2022,10
2022-10-07,291.0,289.0,602.0,601.75,,,,,,,,92.63999938964844,70.3569,59.852,,2022,10
2022-10-14,295.0,291.0,610.0,604.5,,,,,,,,85.61000061035156,70.9395,60.2397,,2022,10
2022-10-21,298.0,293.5,612.0,607.0,,,,,,,,85.05000305175781,71.6679,60.5922,,2022,10
2022-10-28,293.0,294.25,610.0,608.5,,,,,,,,87.9000015258789,71.8864,60.8037,,2022,10
2022-11-01,,,,,550.0,2160.0,1004.0,509.0,587.0,1909.0,6719.0,,,,30.6249,2022,11
2022-11-04,290.0,294.0,613.0,611.25,,,,,,,,92.61000061035156,71.8135,61.1914,,2022,11
2022-11-11,295.0,294.0,622.0,614.25,,,,,,,,88.95999908447266,71.8135,61.6144,,2022,11
2022-11-18,297.0,293.75,623.0,617.0,,,,,,,,80.08000183105469,71.7407,62.0021,,2022,11
2022-11-23,300.0,295.5,627.0,621.25,,,,,,,,,72.2505,62.6013,,2022,11
2022-11-25,,,,,,,,,,,,76.27999877929688,,,,2022,11
2022-12-01,,,,,563.0,2175.0,984.0,539.0,627.0,1998.0,6886.0,,,,33.4227,2022,12
2022-12-02,290.0,295.5,,,,,,,,,,79.9800033569336,72.2505,,,2022,12
2022-12-09,285.0,293.0,625.0,624.25,,,,,,,,71.0199966430664,71.5222,63.0243,,2022,12
2022-12-16,275.0,287.5,620.0,623.75,,,,,,,,74.29000091552734,69.9199,62.9538,,2022,12
2022-12-22,,,622.0,623.5,,,,,,,,,,62.9186,,2022,12
2022-12-23,265.0,278.75,,,,,,,,,,79.55999755859375,67.3707,,,2022,12
2022-12-30,258.0,270.75,621.0,622.0,,,,,,,,80.26000213623047,65.0401,62.7071,,2022,12
2023-01-01,,,,,582.0,2147.0,952.0,546.0,619.0,2041.0,6887.0,,,,33.4394,2023,1
2023-01-06,250.0,262.0,618.0,620.25,,,,,,,,73.7699966430664,62.4909,62.4603,,2023,1
2023-01-13,254.0,256.75,623.0,621.0,,,,,,,,79.86000061035156,60.9614,62.5661,,2023,1
2023-01-20,258.0,255.0,613.0,618.75,,,,,,,,81.30999755859375,60.4516,62.2489,,2023,1
2023-01-27,278.0,260.0,609.0,615.75,,,,,,,,79.68000030517578,61.9082,61.8259,,2023,1
2023-02-01,,,,,599.0,2224.0,924.0,550.0,617.0,2089.0,7003.0,,,,35.3828,2023,2
2023-02-03,270.0,265.0,599.0,611.0,,,,,,,,73.38999938964844,63.3649,61.1562,,2023,2
2023-02-10,266.0,268.0,609.0,607.5,,,,,,,,79.72000122070312,64.2389,60.6627,,2023,2
2023-02-17,272.0,271.5,607.0,606.0,,,,,,,,76.33999633789062,65.2586,60.4512,,2023,2
2023-02-24,272.0,270.0,600.0,603.75,,,,,,,,76.31999969482422,64.8216,60.1339,,2023,2
2023-03-01,,,,,607.0,2155.0,879.0,563.0,611.0,2100.0,6915.0,,,,33.9085,2023,3
2023-03-03,276.0,271.5,592.0,602.0,,,,,,,,79.68000030517578,65.2586,59.8872,,2023,3
2023-03-10,276.0,274.0,590.0,597.25,,,,,,,,76.68000030517578,65.9869,59.2175,,2023,3
2023-03-17,290.0,278.5,589.0,592.75,,,,,,,,66.73999786376953,67.2979,58.583,,2023,3
2023-03-24,290.0,283.0,593.0,591.0,,,,,,,,69.26000213623047,68.6089,58.3363,,2023,3
2023-03-31,295.0,287.75,592.0,591.0,,,,,,,,75.66999816894531,69.9927,58.3363,,2023,3
2023-04-01,,,,,621.0,2143.0,846.0,573.0,591.0,2084.0,6858.0,,,,32.9536,2023,4
2023-04-06,287.0,290.5,590.0,591.0,,,,,,,,,70.7939,58.3363,,2023,4
2023-04-07,,,,,,,,,,,,80.69999694824219,,,,2023,4
2023-04-14,283.0,288.75,588.0,590.75,,,,,,,,82.5199966430664,70.284,58.301,,2023,4
2023-04-21,290.0,288.75,,,,,,,,,,77.87000274658203,70.284,,,2023,4
2023-04-28,294.0,288.5,,,,,,,,,,76.77999877929688,70.2112,,,2023,4
2023-05-01,,,,,645.0,2103.0,825.0,587.0,566.0,2092.0,6818.0,,,,32.2835,2023,5
2023-05-05,282.0,287.25,588.0,589.5,,,,,,,,71.33999633789062,69.8471,58.1248,,2023,5
2023-05-12,272.0,284.5,586.0,588.0,,,,,,,,70.04000091552734,69.0459,57.9133,,2023,5
2023-05-19,262.0,277.5,575.0,584.25,,,,,,,,71.55000305175781,67.0066,57.3846,,2023,5
2023-05-26,260.0,269.0,570.0,579.75,,,,,,,,72.66999816894531,64.5302,56.7501,,2023,5
2023-06-01,,,,,668.0,2145.0,781.0,599.0,524.0,2062.0,6779.0,,,,31.6301,2023,6
2023-06-02,256.0,262.5,555.0,571.5,,,,,,,,71.73999786376953,62.6366,55.5869,,2023,6
2023-06-09,266.0,261.0,556.0,564.0,,,,,,,,70.16999816894531,62.1996,54.5294,,2023,6
2023-06-16,268.0,262.5,552.0,558.25,,,,,,,,71.77999877929688,62.6366,53.7187,,2023,6
2023-06-23,277.0,266.75,546.0,552.25,,,,,,,,69.16000366210938,63.8747,52.8728,,2023,6
2023-06-30,272.0,270.75,545.0,549.75,,,,,,,,70.63999938964844,65.0401,52.5203,,2023,6
2023-07-01,,,,,673.0,2117.0,746.0,598.0,479.0,2078.0,6691.0,,,,30.1558,2023,7
2023-07-07,260.0,269.25,540.0,545.75,,,,,,,,73.86000061035156,64.6031,51.9563,,2023,7
2023-07-14,263.0,268.0,537.0,542.0,,,,,,,,75.41999816894531,64.2389,51.4276,,2023,7
2023-07-21,274.0,267.25,530.0,538.0,,,,,,,,77.06999969482422,64.0204,50.8636,,2023,7
2023-07-28,268.0,266.25,529.0,534.0,,,,,,,,80.58000183105469,63.7291,50.2996,,2023,7
2023-08-01,,,,,682.0,2081.0,713.0,627.0,443.0,2095.0,6641.0,,,,29.3181,2023,8
2023-08-04,257.0,265.5,525.0,530.25,,,,,,,,82.81999969482422,63.5106,49.7709,,2023,8
2023-08-11,262.0,265.25,,,,,,,,,,83.19000244140625,63.4377,,,2023,8
2023-08-18,256.0,260.75,520.0,526.0,,,,,,,,81.25,62.1267,49.1717,,2023,8
2023-08-25,246.0,255.25,512.0,521.5,,,,,,,,79.83000183105469,60.5244,48.5372,,2023,8
2023-09-01,244.0,252.0,,,675.0,2081.0,695.0,621.0,421.0,2051.0,6544.0,85.55000305175781,59.5776,,27.6931,2023,9
2023-09-08,252.0,249.5,513.0,517.5,,,,,,,,87.51000213623047,58.8492,47.9732,,2023,9
2023-09-15,264.0,251.5,515.0,515.0,,,,,,,,90.7699966430664,59.4319,47.6207,,2023,9
2023-09-22,259.0,254.75,507.0,511.75,,,,,,,,90.02999877929688,60.3787,47.1625,,2023,9
2023-09-29,255.0,257.5,502.0,509.25,,,,,,,,90.79000091552734,61.1799,46.81,,2023,9
2023-10-01,,,,,675.0,1976.0,663.0,616.0,427.0,2017.0,6374.0,,,,24.845,2023,10
2023-10-06,260.0,259.5,497.0,505.25,,,,,,,,82.79000091552734,61.7626,46.246,,2023,10
2023-10-13,263.0,259.25,501.0,501.75,,,,,,,,87.69000244140625,61.6897,45.7526,,2023,10
2023-10-20,269.0,261.75,502.0,500.5,,,,,,,,88.75,62.4181,45.5763,,2023,10
2023-10-27,275.0,266.75,504.0,501.0,,,,,,,,85.54000091552734,63.8747,45.6468,,2023,10
2023-11-01,,,,,672.0,1992.0,637.0,626.0,414.0,2040.0,6381.0,,,,24.9623,2023,11
2023-11-03,270.0,269.25,496.0,500.75,,,,,,,,80.51000213623047,64.6031,45.6116,,2023,11
2023-11-10,268.0,270.5,494.0,499.0,,,,,,,,77.16999816894531,64.9672,45.3648,,2023,11
2023-11-17,276.0,272.25,500.0,498.5,,,,,,,,75.88999938964844,65.4771,45.2943,,2023,11
2023-11-22,281.0,273.75,,,,,,,,,,,65.9141,,,2023,11
2023-11-24,,,,,,,,,,,,75.54000091552734,,,,2023,11
2023-12-01,276.0,275.25,505.0,498.75,679.0,2001.0,667.0,652.0,403.0,2069.0,6471.0,74.06999969482422,66.3511,45.3296,26.4701,2023,12
2023-12-08,278.0,277.75,503.0,500.5,,,,,,,,71.2300033569336,67.0794,45.5763,,2023,12
2023-12-15,265.0,275.0,501.0,502.25,,,,,,,,71.43000030517578,66.2782,45.8231,,2023,12
2023-12-21,,,498.0,501.75,,,,,,,,,,45.7526,,2023,12
2023-12-22,252.0,267.75,,,,,,,,,,73.55999755859375,64.1661,,,2023,12
2023-12-29,240.0,258.75,500.0,500.5,,,,,,,,71.6500015258789,61.5441,45.5763,,2023,12
2024-01-01,,,,,686.0,1973.0,631.0,668.0,431.0,2094.0,6483.0,,,,26.6711,2024,1
2024-01-05,236.0,248.25,501.0,500.0,,,,,,,,73.80999755859375,58.4851,45.5058,,2024,1
2024-01-12,234.0,240.5,499.0,499.5,,,,,,,,72.68000030517578,56.2272,45.4353,,2024,1
2024-01-19,235.0,236.25,497.0,499.25,,,,,,,,73.41000366210938,54.9891,45.4001,,2024,1
2024-01-26,242.0,236.75,499.0,499.0,,,,,,,,78.01000213623047,55.1347,45.3648,,2024,1
2024-02-01,,,,,687.0,1894.0,592.0,674.0,427.0,2117.0,6391.0,,,,25.1298,2024,2
2024-02-02,250.0,240.25,,,,,,,,,,72.27999877929688,56.1544,,,2024,2
2024-02-09,260.0,246.75,,,,,,,,,,76.83999633789062,58.0481,,,2024,2
2024-02-16,264.0,254.0,497.0,498.0,,,,,,,,79.19000244140625,60.1602,45.2238,,2024,2
2024-02-23,270.0,261.0,503.0,499.0,,,,,,,,76.48999786376953,62.1996,45.3648,,2024,2
2024-03-01,272.0,266.5,506.0,501.25,689.0,1854.0,561.0,678.0,439.0,2131.0,6352.0,79.97000122070312,63.8019,45.6821,24.4765,2024,3
2024-03-08,263.0,267.25,504.0,502.5,,,,,,,,78.01000213623047,64.0204,45.8583,,2024,3
2024-03-15,269.0,268.5,510.0,505.75,,,,,,,,81.04000091552734,64.3846,46.3165,,2024,3
2024-03-22,265.0,267.25,509.0,507.25,,,,,,,,80.62999725341797,64.0204,46.528,,2024,3
2024-03-28,,,506.0,507.25,,,,,,,,,,46.528,,2024,3
2024-03-29,260.0,264.25,,,,,,,,,,83.16999816894531,63.1464,,,2024,3
2024-04-01,,,,,682.0,1776.0,527.0,683.0,429.0,2140.0,6237.0,,,,22.5498,2024,4
2024-04-05,257.0,262.75,508.0,508.25,,,,,,,,86.91000366210938,62.7094,46.669,,2024,4
2024-04-12,252.0,258.5,506.0,507.25,,,,,,,,85.66000366210938,61.4712,46.528,,2024,4
2024-04-19,260.0,257.25,511.0,507.75,,,,,,,,83.13999938964844,61.1071,46.5985,,2024,4
2024-04-26,257.0,256.5,506.0,507.75,,,,,,,,83.8499984741211,60.8886,46.5985,,2024,4
2024-05-01,,,,,680.0,1726.0,503.0,696.0,396.0,2134.0,6135.0,,,,20.841,2024,5
2024-05-03,252.0,255.25,499.0,505.5,,,,,,,,78.11000061035156,60.5244,46.2813,,2024,5
2024-05-10,258.0,256.75,496.0,503.0,,,,,,,,78.26000213623047,60.9614,45.9288,,2024,5
2024-05-17,263.0,257.5,497.0,499.5,,,,,,,,80.05999755859375,61.1799,45.4353,,2024,5
2024-05-24,257.0,257.5,,,,,,,,,,77.72000122070312,61.1799,,,2024,5
2024-05-31,253.0,257.75,496.0,497.0,,,,,,,,76.98999786376953,61.2527,45.0828,,2024,5
2024-06-01,,,,,677.0,1711.0,479.0,701.0,385.0,2108.0,6061.0,,,,19.6013,2024,6
2024-06-07,247.0,255.0,492.0,495.25,,,,,,,,75.52999877929688,60.4516,44.8361,,2024,6
2024-06-14,250.0,251.75,488.0,493.25,,,,,,,,78.44999694824219,59.5047,44.5541,,2024,6
2024-06-21,246.0,249.0,485.0,490.25,,,,,,,,80.7300033569336,58.7036,44.1311,,2024,6
2024-06-28,237.0,245.0,479.0,486.0,,,,,,,,81.54000091552734,57.5382,43.5319,,2024,6
2024-07-01,,,,,686.0,1583.0,443.0,712.0,364.0,2074.0,5862.0,,,,16.2674,2024,7
2024-07-05,242.0,243.75,,,,,,,,,,83.16000366210938,57.1741,,,2024,7
2024-07-12,238.0,240.75,478.0,482.5,,,,,,,,82.20999908447266,56.3001,43.0384,,2024,7
2024-07-19,228.0,236.25,477.0,479.75,,,,,,,,80.12999725341797,54.9891,42.6507,,2024,7
2024-07-26,237.0,236.25,482.0,479.0,,,,,,,,77.16000366210938,54.9891,42.5449,,2024,7
2024-08-01,,,,,687.0,1515.0,425.0,724.0,337.0,2061.0,5749.0,,,,14.3743,2024,8
2024-08-02,243.0,236.5,,,,,,,,,,73.5199966430664,55.0619,,,2024,8
2024-08-09,240.0,237.0,485.0,480.5,,,,,,,,76.83999633789062,55.2076,42.7564,,2024,8
2024-08-16,234.0,238.5,483.0,481.75,,,,,,,,76.6500015258789,55.6446,42.9327,,2024,8
2024-08-23,229.0,236.5,,,,,,,,,,74.83000183105469,55.0619,,,2024,8
2024-08-30,222.0,231.25,,,,,,,,,,73.55000305175781,53.5324,,,2024,8
2024-09-01,,,,,679.0,1496.0,400.0,738.0,319.0,2073.0,5705.0,,,,13.6371,2024,9
2024-09-06,220.0,226.25,,,,,,,,,,67.66999816894531,52.0757,,,2024,9
2024-09-13,230.0,225.25,488.0,484.5,,,,,,,,68.6500015258789,51.7844,43.3204,,2024,9
2024-09-20,236.0,227.0,,,,,,,,,,71.91999816894531,52.2942,,,2024,9
2024-09-27,238.0,231.0,484.0,485.0,,,,,,,,68.18000030517578,53.4596,43.3909,,2024,9
2024-10-01,,,,,674.0,1439.0,409.0,746.0,307.0,2083.0,5658.0,,,,12.8497,2024,10
2024-10-04,236.0,235.0,479.0,483.5,,,,,,,,74.37999725341797,54.6249,43.1794,,2024,10
2024-10-11,241.0,237.75,481.0,483.0,,,,,,,,75.55999755859375,55.4261,43.1089,,2024,10
2024-10-18,238.0,238.25,482.0,481.5,,,,,,,,69.22000122070312,55.5717,42.8974,,2024,10
2024-10-25,239.0,238.5,480.0,480.5,,,,,,,,71.77999877929688,55.6446,42.7564,,2024,10
2024-11-01,232.0,237.5,479.0,480.5,674.0,1396.0,424.0,757.0,323.0,2100.0,5674.0,69.48999786376953,55.3532,42.7564,13.1178,2024,11
2024-11-08,227.0,234.0,,,,,,,,,,70.37999725341797,54.3336,,,2024,11
2024-11-15,222.0,230.0,478.0,479.75,,,,,,,,67.0199966430664,53.1682,42.6507,,2024,11
2024-11-22,221.0,225.5,479.0,479.0,,,,,,,,71.23999786376953,51.8572,42.5449,,2024,11
2024-11-27,,,477.0,478.25,,,,,,,,,,42.4392,,2024,11
2024-11-28,215.0,221.25,,,,,,,,,,,50.6191,,,2024,11
2024-11-29,,,,,,,,,,,,68.0,,,,2024,11
2024-12-01,,,,,680.0,1412.0,433.0,758.0,329.0,2112.0,5724.0,,,,13.9554,2024,12
2024-12-06,220.0,219.5,482.0,479.0,,,,,,,,67.19999694824219,50.1092,42.5449,,2024,12
2024-12-13,217.0,218.25,,,,,,,,,,71.29000091552734,49.7451,,,2024,12
2024-12-20,210.0,215.5,483.0,480.25,,,,,,,,69.45999908447266,48.9439,42.7212,,2024,12
2024-12-27,201.0,212.0,,,,,,,,,,70.5999984741211,47.9243,,,2024,12
2025-01-01,,,,,678.0,1358.0,405.0,778.0,360.0,2123.0,5702.0,,,,13.5869,2025,1
2025-01-03,201.0,207.25,482.0,481.0,,,,,,,,73.95999908447266,46.5404,42.8269,,2025,1
2025-01-10,195.0,201.75,480.0,481.75,,,,,,,,76.56999969482422,44.9381,42.9327,,2025,1
2025-01-17,188.0,196.25,478.0,480.75,,,,,,,,77.87999725341797,43.3358,42.7917,,2025,1
2025-01-24,183.0,191.75,472.0,478.0,,,,,,,,74.66000366210938,42.0248,42.4039,,2025,1
2025-01-31,190.0,189.0,479.0,477.25,,,,,,,,72.52999877929688,41.2236,42.2982,,2025,1
2025-02-01,,,,,689.0,1314.0,410.0,777.0,391.0,2150.0,5731.0,,,,14.0727,2025,2
2025-02-07,198.0,189.75,480.0,477.25,,,,,,,,71.0,41.4421,42.2982,,2025,2
2025-02-14,203.0,193.5,481.0,478.0,,,,,,,,70.73999786376953,42.5346,42.4039,,2025,2
2025-02-21,210.0,200.25,488.0,482.0,,,,,,,,70.4000015258789,44.5011,42.9679,,2025,2
2025-02-28,214.0,206.25,486.0,483.75,,,,,,,,69.76000213623047,46.2491,43.2147,,2025,2
2025-03-01,,,,,671.0,1295.0,379.0,750.0,390.0,2171.0,5656.0,,,,12.8162,2025,3
2025-03-07,210.0,209.25,,,,,,,,,,67.04000091552734,47.1231,,,2025,3
2025-03-14,212.0,211.5,487.0,485.5,,,,,,,,67.18000030517578,47.7786,43.4614,,2025,3
2025-03-21,215.0,212.75,486.0,486.75,,,,,,,,68.27999877929688,48.1428,43.6376,,2025,3
2025-03-28,209.0,211.5,484.0,485.75,,,,,,,,69.36000061035156,47.7786,43.4967,,2025,3
2025-04-01,,,,,667.0,1189.0,360.0,748.0,375.0,2182.0,5521.0,,,,10.5545,2025,4
2025-04-04,205.0,210.25,489.0,486.5,,,,,,,,61.9900016784668,47.4144,43.6024,,2025,4
2025-04-11,195.0,206.0,480.0,484.75,,,,,,,,61.5,46.1763,43.3557,,2025,4
2025-04-17,,,481.0,483.5,,,,,,,,,,43.1794,,2025,4
2025-04-18,200.0,202.25,,,,,,,,,,64.68000030517578,45.0838,,,2025,4
2025-04-25,205.0,201.25,483.0,483.25,,,,,,,,63.02000045776367,44.7924,43.1442,,2025,4
2025-05-01,,,,,652.0,1169.0,342.0,759.0,367.0,2158.0,5447.0,,,,9.3148,2025,5
2025-05-02,201.0,200.25,479.0,480.75,,,,,,,,58.290000915527344,44.5011,42.7917,,2025,5
2025-05-09,195.0,200.25,474.0,479.25,,,,,,,,61.02000045776367,44.5011,42.5802,,2025,5
2025-05-16,193.0,198.5,473.0,477.25,,,,,,,,62.4900016784668,43.9913,42.2982,,2025,5
2025-05-23,186.0,193.75,465.0,472.75,,,,,,,,61.529998779296875,42.6074,41.6637,,2025,5
2025-05-30,190.0,191.0,461.0,468.25,,,,,,,,60.790000915527344,41.8063,41.0293,,2025,5
2025-06-01,,,,,645.0,1167.0,330.0,745.0,347.0,2167.0,5401.0,,,,8.5441,2025,6
2025-06-06,186.0,188.75,442.0,460.25,,,,,,,,64.58000183105469,41.1508,39.9013,,2025,6
2025-06-13,182.0,186.0,439.0,451.75,,,,,,,,72.9800033569336,40.3496,38.7029,,2025,6
2025-06-20,182.0,185.0,438.0,445.0,,,,,,,,74.93000030517578,40.0583,37.7511,,2025,6
2025-06-27,179.0,182.25,432.0,437.75,,,,,,,,65.5199966430664,39.2571,36.7289,,2025,6
2025-07-01,,,,,634.0,1185.0,332.0,745.0,339.0,2178.0,5413.0,,,,8.7452,2025,7
2025-07-03,176.0,179.75,425.0,433.5,,,,,,,,,38.5288,36.1297,,2025,7
2025-07-04,,,,,,,,,,,,66.5,,,,2025,7
2025-07-11,180.0,179.25,424.0,429.75,,,,,,,,68.44999694824219,38.3831,35.601,,2025,7
2025-07-18,174.0,177.25,422.0,425.75,,,,,,,,67.33999633789062,37.8004,35.037,,2025,7
2025-07-25,168.0,174.5,415.0,421.5,,,,,,,,65.16000366210938,36.9993,34.4378,,2025,7
2025-08-01,167.0,172.25,410.0,417.75,627.0,1080.0,364.0,763.0,334.0,2157.0,5325.0,67.33000183105469,36.3438,33.9091,7.2709,2025,8
2025-08-08,163.0,168.0,411.0,414.5,,,,,,,,63.880001068115234,35.1056,33.4508,,2025,8
2025-08-15,167.0,166.25,412.0,412.0,,,,,,,,62.79999923706055,34.5958,33.0983,,2025,8
2025-08-22,165.0,165.5,411.0,411.0,,,,,,,,63.65999984741211,34.3773,32.9573,,2025,8
2025-08-29,162.0,164.25,412.0,411.5,,,,,,,,64.01000213623047,34.0131,33.0278,,2025,8
2025-09-01,,,,,626.0,1023.0,366.0,783.0,315.0,2183.0,5296.0,,,,6.7851,2025,9
2025-09-05,164.0,164.5,414.0,412.25,,,,,,,,61.869998931884766,34.0859,33.1336,,2025,9
2025-09-12,169.0,165.0,416.0,413.25,,,,,,,,62.689998626708984,34.2316,33.2746,,2025,9
2025-09-19,174.0,167.25,418.0,415.0,,,,,,,,62.68000030517578,34.8871,33.5213,,2025,9
2025-09-26,179.0,171.5,424.0,418.0,,,,,,,,65.72000122070312,36.1253,33.9443,,2025,9
2025-10-01,,,,,631.0,992.0,376.0,782.0,305.0,2202.0,5288.0,,,,6.651,2025,10
2025-10-03,179.0,175.25,422.0,420.0,,,,,,,,60.880001068115234,37.2178,34.2263,,2025,10
2025-10-10,175.0,176.75,418.0,420.5,,,,,,,,58.900001525878906,37.6548,34.2968,,2025,10
2025-10-17,175.0,177.0,,,,,,,,,,57.540000915527344,37.7276,,,2025,10
2025-10-24,178.0,176.75,420.0,421.0,,,,,,,,61.5,37.6548,34.3673,,2025,10
2025-10-31,175.0,175.75,414.0,418.5,,,,,,,,60.97999954223633,37.3634,34.0148,,2025,10
2025-11-01,,,,,623.0,912.0,397.0,805.0,303.0,2228.0,5268.0,,,,6.316,2025,11
2025-11-07,173.0,175.25,,,,,,,,,,59.75,37.2178,,,2025,11
2025-11-14,175.0,175.25,417.0,417.25,,,,,,,,60.09000015258789,37.2178,33.8386,,2025,11
2025-11-21,179.0,175.5,419.0,417.5,,,,,,,,58.060001373291016,37.2906,33.8738,,2025,11
2025-11-26,173.0,175.0,407.0,414.25,,,,,,,,,37.1449,33.4156,,2025,11
2025-11-28,,,,,,,,,,,,58.54999923706055,,,,2025,11
2025-12-01,,,,,628.0,869.0,407.0,805.0,307.0,2215.0,5231.0,,,,5.6961,2025,12
2025-12-05,173.0,175.0,413.0,414.0,,,,,,,,60.08000183105469,37.1449,33.3803,,2025,12
2025-12-12,168.0,173.25,414.0,413.25,,,,,,,,57.439998626708984,36.6351,33.2746,,2025,12
2025-12-19,160.0,168.5,406.0,410.0,,,,,,,,56.65999984741211,35.2513,32.8164,,2025,12
2025-12-23,154.0,163.75,409.0,410.5,,,,,,,,,33.8674,32.8869,,2025,12
2025-12-26,,,,,,,,,,,,56.7400016784668,,,,2025,12
2025-12-30,,,412.0,410.25,,,,,,,,,,32.8516,,2025,12
2026-01-01,,,,,612.0,881.0,408.0,808.0,318.0,2245.0,5272.0,,,,6.383,2026,1
2026-01-02,153.0,158.75,,,,,,,,,,57.31999969482422,32.4108,,,2026,1
2026-01-09,156.0,155.75,409.0,409.0,,,,,,,,59.119998931884766,31.5368,32.6754,,2026,1
2026-01-16,160.0,155.75,410.0,410.0,,,,,,,,59.439998626708984,31.5368,32.8164,,2026,1
2026-01-23,163.0,158.0,411.0,410.5,,,,,,,,61.06999969482422,32.1923,32.8869,,2026,1
2026-01-30,148.0,156.75,,,,,,,,,,65.20999908447266,31.8281,,,2026,1
2026-02-01,,,,,610.0,859.0,405.0,801.0,325.0,2272.0,5272.0,,,,6.383,2026,2
2026-02-06,145.0,154.0,412.0,410.5,,,,,,,,63.54999923706055,31.0269,32.8869,,2026,2
2026-02-13,153.0,152.25,409.0,410.5,,,,,,,,62.88999938964844,30.5171,32.8869,,2026,2
2026-02-20,160.0,151.5,,,,,,,,,,66.38999938964844,30.2986,,,2026,2
2026-02-27,167.0,156.25,407.0,409.75,,,,,,,,67.0199966430664,31.6824,32.7811,,2026,2
2026-03-01,,,,,603.0,850.0,406.0,773.0,309.0,2265.0,5206.0,,,,5.2773,2026,3
2026-03-06,170.0,162.5,411.0,409.75,,,,,,,,90.9000015258789,33.5033,32.7811,,2026,3
2026-03-13,172.0,167.25,412.0,409.75,,,,,,,,98.70999908447266,34.8871,32.7811,,2026,3
2026-03-20,164.0,168.25,414.0,411.0,,,,,,,,98.31999969482422,35.1784,32.9573,,2026,3
2026-03-27,159.0,166.25,409.0,411.5,,,,,,,,99.63999938964844,34.5958,33.0278,,2026,3
2026-04-01,,,,,599.0,819.0,417.0,759.0,291.0,2269.0,5154.0,,,,4.4061,2026,4
2026-04-02,166.0,165.25,411.0,411.5,,,,,,,,,34.3044,33.0278,,2026,4
2026-04-03,,,,,,,,,,,,111.54000091552734,,,,2026,4
2026-04-10,171.0,165.0,,,,,,,,,,96.56999969482422,34.2316,,,2026,4
2026-04-17,165.0,165.25,410.0,411.0,,,,,,,,83.8499984741211,34.3044,32.9573,,2026,4
2026-04-24,169.0,167.75,407.0,409.25,,,,,,,,94.4000015258789,35.0328,32.7106,,2026,4
2026-05-01,174.0,169.75,408.0,409.0,592.0,815.0,396.0,729.0,275.0,2266.0,5073.0,101.94000244140625,35.6154,32.6754,3.0491,2026,5
2026-05-08,179.0,171.75,410.0,408.75,,,,,,,,95.41999816894531,36.1981,32.6401,,2026,5
2026-05-15,184.0,176.5,415.0,410.0,,,,,,,,105.41999816894531,37.5819,32.8164,,2026,5
2026-05-22,189.0,181.5,425.0,414.5,,,,,,,,96.5999984741211,39.0386,33.4508,,2026,5
2026-05-29,192.0,186.0,429.0,419.75,,,,,,,,87.36000061035156,40.3496,34.191,,2026,5
2026-06-01,,,,,571.0,817.0,400.0,689.0,256.0,2258.0,4991.0,,,,1.6753,2026,6
2026-06-05,190.0,188.75,431.0,425.0,,,,,,,,90.54000091552734,41.1508,34.9313,,2026,6
2026-06-12,192.0,190.75,433.0,429.5,,,,,,,,84.87999725341797,41.7334,35.5657,,2026,6
2026-06-19,192.0,191.5,,,,,,,,,,76.5999984741211,41.9519,,,2026,6
2026-06-26,200.0,193.5,440.0,433.25,,,,,,,,69.2300033569336,42.5346,36.0945,,2026,6
2026-07-01,,,,,561.0,817.0,404.0,661.0,249.0,2254.0,4946.0,,,,0.9214,2026,7
2026-07-02,205.0,197.25,445.0,437.25,,,,,,,,,43.6271,36.6584,,2026,7
2026-07-03,,,,,,,,,,,,68.69000244140625,,,,2026,7
2026-07-10,200.0,199.25,,,,,,,,,,71.41000366210938,44.2098,,,2026,7
2026-07-17,196.0,200.25,452.0,442.5,,,,,,,,82.48999786376953,44.5011,37.3987,,2026,7
2026-07-24,198.0,199.75,450.0,446.75,,,,,,,,89.30999755859375,44.3554,37.9979,,2026,7
2026-07-31,194.0,197.0,451.0,449.5,,,,,,,,84.66999816894531,43.5543,38.3856,,2026,7
2026-08-01,,,,,551.0,829.0,410.0,634.0,235.0,2250.0,4909.0,,,,0.3016,2026,8
2026-08-07,196.0,196.0,454.0,451.75,,,,,,,,78.18000030517578,43.2629,38.7029,,2026,8
2026-08-14,193.0,195.25,455.0,452.5,,,,,,,,82.4000015258789,43.0444,38.8086,,2026,8
2026-08-21,184.0,191.75,452.0,453.0,,,,,,,,87.05999755859375,42.0248,38.8791,,2026,8
2026-08-28,180.0,188.25,447.0,452.0,,,,,,,,83.4000015258789,41.0051,38.7381,,2026,8
2026-09-01,,,,,538.0,844.0,417.0,608.0,233.0,2251.0,4891.0,,,,0.0,2026,9
2026-09-04,178.0,183.75,449.0,450.75,,,,,,,,91.4800033569336,39.6941,38.5619,,2026,9
2026-09-11,184.0,181.5,450.0,449.5,,,,,,,,100.05000305175781,39.0386,38.3856,,2026,9
2026-09-18,187.0,182.25,452.0,449.5,,,,,,,,100.30000305175781,39.2571,38.3856,,2026,9
2026-09-25,195.0,186.0,455.0,451.5,,,,,,,,92.41000366210938,40.3496,38.6676,,2026,9
2026-10-02,196.0,190.5,456.0,453.25,,,,,,,,91.11000061035156,41.6606,38.9143,,2026,10
2026-10-09,,,,,,,,,,,,90.9800033569336,,,,2026,10
