period,product,production,imports,spr_stocks,spr_change,exports,refinery_input,refinery_output,product_supplied
2026-10-02,crude_PADD1,,,,,,0.72,,
2026-09-25,crude_PADD1,,,,,,0.756,,
2026-09-18,crude_PADD1,,,,,,0.834,,
2026-09-11,crude_PADD1,,,,,,0.803,,
2026-09-04,crude_PADD1,,,,,,0.789,,
2026-08-28,crude_PADD1,,,,,,0.788,,
2026-08-21,crude_PADD1,,,,,,0.797,,
2026-08-14,crude_PADD1,,,,,,0.784,,
2026-08-07,crude_PADD1,,,,,,0.775,,
2026-07-31,crude_PADD1,,,,,,0.763,,
2026-07-24,crude_PADD1,,,,,,0.795,,
2026-07-17,crude_PADD1,,,,,,0.804,,
2026-07-10,crude_PADD1,,,,,,0.78,,
2026-07-03,crude_PADD1,,,,,,0.725,,
2026-06-26,crude_PADD1,,,,,,0.617,,
2026-06-19,crude_PADD1,,,,,,0.694,,
2026-06-12,crude_PADD1,,,,,,0.806,,
2026-06-05,crude_PADD1,,,,,,0.777,,
2026-05-29,crude_PADD1,,,,,,0.773,,
2026-05-22,crude_PADD1,,,,,,0.778,,
2026-10-02,crude_PADD3,,,,,,9.263,,
2026-09-25,crude_PADD3,,,,,,9.199,,
2026-09-18,crude_PADD3,,,,,,9.496,,
2026-09-11,crude_PADD3,,,,,,9.622,,
2026-09-04,crude_PADD3,,,,,,9.73,,
2026-08-28,crude_PADD3,,,,,,9.6,,
2026-08-21,crude_PADD3,,,,,,9.52,,
2026-08-14,crude_PADD3,,,,,,9.619,,
2026-08-07,crude_PADD3,,,,,,9.588,,
2026-07-31,crude_PADD3,,,,,,9.484,,
2026-07-24,crude_PADD3,,,,,,9.588,,
2026-07-17,crude_PADD3,,,,,,9.379,,
2026-07-10,crude_PADD3,,,,,,9.437,,
2026-07-03,crude_PADD3,,,,,,9.401,,
2026-06-26,crude_PADD3,,,,,,9.613,,
2026-06-19,crude_PADD3,,,,,,9.426,,
2026-06-12,crude_PADD3,,,,,,9.429,,
2026-06-05,crude_PADD3,,,,,,9.401,,
2026-05-29,crude_PADD3,,,,,,9.505,,
2026-05-22,crude_PADD3,,,,,,9.595,,
2026-10-02,crude_PADD4,,,,,,0.644,,
2026-09-25,crude_PADD4,,,,,,0.635,,
2026-09-18,crude_PADD4,,,,,,0.622,,
2026-09-11,crude_PADD4,,,,,,0.61,,
2026-09-04,crude_PADD4,,,,,,0.647,,
2026-08-28,crude_PADD4,,,,,,0.654,,
2026-08-21,crude_PADD4,,,,,,0.667,,
2026-08-14,crude_PADD4,,,,,,0.621,,
2026-08-07,crude_PADD4,,,,,,0.615,,
2026-07-31,crude_PADD4,,,,,,0.663,,
2026-07-24,crude_PADD4,,,,,,0.647,,
2026-07-17,crude_PADD4,,,,,,0.655,,
2026-07-10,crude_PADD4,,,,,,0.663,,
2026-07-03,crude_PADD4,,,,,,0.65,,
2026-06-26,crude_PADD4,,,,,,0.676,,
2026-06-19,crude_PADD4,,,,,,0.632,,
2026-06-12,crude_PADD4,,,,,,0.641,,
2026-06-05,crude_PADD4,,,,,,0.638,,
2026-05-29,crude_PADD4,,,,,,0.636,,
2026-05-22,crude_PADD4,,,,,,0.598,,
2026-10-02,crude_PADD5,,,,,,2.075,,
2026-09-25,crude_PADD5,,,,,,2.022,,
2026-09-18,crude_PADD5,,,,,,2.058,,
2026-09-11,crude_PADD5,,,,,,2.053,,
2026-09-04,crude_PADD5,,,,,,2.072,,
2026-08-28,crude_PADD5,,,,,,2.029,,
2026-08-21,crude_PADD5,,,,,,2.054,,
2026-08-14,crude_PADD5,,,,,,2.041,,
2026-08-07,crude_PADD5,,,,,,1.991,,
2026-07-31,crude_PADD5,,,,,,2.05,,
2026-07-24,crude_PADD5,,,,,,1.971,,
2026-07-17,crude_PADD5,,,,,,1.948,,
2026-07-10,crude_PADD5,,,,,,2.019,,
2026-07-03,crude_PADD5,,,,,,1.967,,
2026-06-26,crude_PADD5,,,,,,2.033,,
2026-06-19,crude_PADD5,,,,,,2.099,,
2026-06-12,crude_PADD5,,,,,,1.997,,
2026-06-05,crude_PADD5,,,,,,1.94,,
2026-05-29,crude_PADD5,,,,,,1.82,,
2026-05-22,crude_PADD5,,,,,,1.895,,
2026-10-02,crude_US,13.979,6.84,282983.0,-0.112,,,,
2026-09-25,crude_US,13.955,5.698,283767.0,-0.11214285714285714,3.57,,,
2026-09-18,crude_US,13.939,5.877,284552.0,-0.05785714285714286,3.281,,,
2026-09-11,crude_US,13.944,7.058,284957.0,-0.05757142857142857,4.831,,,
2026-09-04,crude_US,13.947,6.824,285360.0,-0.1777142857142857,3.417,,,
2026-08-28,crude_US,13.862,6.77,286604.0,-0.446,4.483,,,
2026-08-21,crude_US,13.843,6.158,289726.0,-0.5285714285714286,3.792,,,
2026-08-14,crude_US,13.83,6.593,293426.0,-0.7525714285714286,4.066,,,
2026-08-07,crude_US,13.805,7.339,298694.0,-0.8735714285714286,3.058,,,
2026-07-31,crude_US,13.804,6.198,304809.0,-0.4058571428571428,3.685,,,
2026-07-24,crude_US,13.796,5.683,307650.0,-0.5424285714285715,3.467,,,
2026-07-17,crude_US,13.798,5.806,311447.0,-0.7224285714285714,3.353,,,
2026-07-10,crude_US,13.861,5.689,316504.0,-0.42642857142857143,3.721,,,
2026-07-03,crude_US,13.86,5.629,319489.0,-0.8808571428571429,3.262,,,
2026-06-26,crude_US,13.81,5.279,325655.0,-0.7908571428571429,4.008,,,
2026-06-19,crude_US,13.819,5.57,331191.0,-1.2942857142857143,4.669,,,
2026-06-12,crude_US,13.806,5.134,340251.0,-1.2772857142857141,4.327,,,
2026-06-05,crude_US,13.799,5.888,349192.0,-1.1324285714285713,4.84,,,
2026-05-29,crude_US,13.707,6.397,357119.0,-1.141857142857143,5.874,,,
2026-05-22,crude_US,13.715,5.212,365112.0,,4.44,,,
2026-05-15,crude_US,,,,,5.604,,,
2026-10-02,distillate_US,,0.118,,,1.764,,5.29,3.65
2026-09-25,distillate_US,,0.153,,,1.529,,5.003,3.948
2026-09-18,distillate_US,,0.085,,,1.331,,5.159,3.975
2026-09-11,distillate_US,,0.114,,,1.614,,5.227,3.501
2026-09-04,distillate_US,,0.185,,,1.556,,5.348,3.678
2026-08-28,distillate_US,,0.113,,,1.735,,5.126,3.39
2026-08-21,distillate_US,,0.176,,,1.79,,5.135,3.839
2026-08-14,distillate_US,,0.109,,,1.601,,5.226,3.953
2026-08-07,distillate_US,,0.111,,,1.935,,5.28,3.458
2026-07-31,distillate_US,,0.099,,,1.884,,5.23,3.941
2026-07-24,distillate_US,,0.098,,,1.786,,5.364,3.524
2026-07-17,distillate_US,,0.173,,,1.604,,5.349,3.718
2026-07-10,distillate_US,,0.093,,,1.546,,5.259,3.156
2026-07-03,distillate_US,,0.087,,,1.679,,5.187,4.307
2026-06-26,distillate_US,,0.108,,,1.327,,5.188,3.614
2026-06-19,distillate_US,,0.135,,,1.394,,5.23,3.533
2026-06-12,distillate_US,,0.127,,,1.507,,5.175,3.659
2026-06-05,distillate_US,,0.13,,,1.499,,5.204,3.864
2026-05-29,distillate_US,,0.121,,,1.618,,5.18,3.468
2026-05-22,distillate_US,,0.127,,,1.561,,5.082,3.948
2026-10-02,gasoline_US,,0.512,,,,,9.349,8.769
2026-09-25,gasoline_US,,0.5,,,,,9.466,8.689
2026-09-18,gasoline_US,,0.401,,,,,9.59,8.847
2026-09-11,gasoline_US,,0.537,,,,,9.644,8.798
2026-09-04,gasoline_US,,0.464,,,,,9.308,8.551
2026-08-28,gasoline_US,,0.37,,,,,9.845,8.922
2026-08-21,gasoline_US,,0.565,,,,,9.772,9.043
2026-08-14,gasoline_US,,0.366,,,,,9.711,8.689
2026-08-07,gasoline_US,,0.583,,,,,9.568,8.964
2026-07-31,gasoline_US,,0.463,,,,,9.569,9.031
2026-07-24,gasoline_US,,0.659,,,,,9.878,9.041
2026-07-17,gasoline_US,,0.494,,,,,9.7,8.947
2026-07-10,gasoline_US,,0.354,,,,,9.64,8.844
2026-07-03,gasoline_US,,0.423,,,,,9.736,8.845
2026-06-26,gasoline_US,,0.639,,,,,9.969,9.131
2026-06-19,gasoline_US,,0.647,,,,,9.488,8.775
2026-06-12,gasoline_US,,0.738,,,,,10.076,9.212
2026-06-05,gasoline_US,,0.714,,,,,9.72,8.731
2026-05-29,gasoline_US,,0.78,,,,,9.424,8.594
2026-05-22,gasoline_US,,0.555,,,,,9.939,9.256
2026-10-02,jet_fuel_US,,0.001,,,0.327,,1.863,1.696
2026-09-25,jet_fuel_US,,0.05,,,0.358,,1.852,1.809
2026-09-18,jet_fuel_US,,0.067,,,0.267,,1.868,1.65
2026-09-11,jet_fuel_US,,0.055,,,0.229,,1.876,1.8
2026-09-04,jet_fuel_US,,0.095,,,0.309,,2.022,1.785
2026-08-28,jet_fuel_US,,0.081,,,0.331,,2.03,1.754
2026-08-21,jet_fuel_US,,0.028,,,0.359,,2.025,1.772
2026-08-14,jet_fuel_US,,0.089,,,0.372,,2.047,1.613
2026-08-07,jet_fuel_US,,0.133,,,0.443,,2.05,1.982
2026-07-31,jet_fuel_US,,0.015,,,0.445,,2.068,1.629
2026-07-24,jet_fuel_US,,0.044,,,0.363,,2.065,1.828
2026-07-17,jet_fuel_US,,0.155,,,0.29,,2.135,2.146
2026-07-10,jet_fuel_US,,0.112,,,0.412,,2.18,1.76
2026-07-03,jet_fuel_US,,0.095,,,0.295,,2.155,2.018
2026-06-26,jet_fuel_US,,0.061,,,0.275,,2.139,1.68
2026-06-19,jet_fuel_US,,0.052,,,0.378,,2.203,1.698
2026-06-12,jet_fuel_US,,0.127,,,0.355,,2.15,2.081
2026-06-05,jet_fuel_US,,0.039,,,0.36,,2.102,1.667
2026-05-29,jet_fuel_US,,0.131,,,0.408,,2.067,1.727
2026-05-22,jet_fuel_US,,0.043,,,0.311,,2.066,1.693
